query,name,subtypes,category,type,phone,full_address,borough,city,postal_code,latitude,longitude,rating,reviews,reviews_link,reviews_per_score_1,reviews_per_score_2,reviews_per_score_3,reviews_per_score_4,reviews_per_score_5,working_hours,other_hours,business_status,about,description,verified,owner_id,reservation_links,booking_appointment_link,order_links,location_link,location_reviews_link,place_id,google_id,cid,kgmid,reviews_id
"art gallery, 411011, Pune, Maharashtra, IN",Kiyawat Art Gallery Pune,Art gallery,Art gallery,Art gallery,+91 98100 38212,"Palladium Society, A-601, Nathan Rd, off Mangaldas Road, Sangamvadi, Pune, Maharashtra 411001",Sangamvadi,Pune,411001,18.5340688,73.8825987,4.9,16,"https://search.google.com/local/reviews?placeid=ChIJi73ewYDBwjsRpe-AoUSnyyI&q=art+gallery,+411011,+Pune,+Maharashtra,+IN&authuser=0&hl=en&gl=IN",0,0,0,1,15,"{""Monday"": ""10am-7pm"", ""Tuesday"": ""10am-7pm"", ""Wednesday"": ""10am-7pm"", ""Thursday"": ""10am-7pm"", ""Friday"": ""10am-7pm"", ""Saturday"": ""10am-7pm"", ""Sunday"": ""10am-7pm""}",,OPERATIONAL,"{""Children"": {""Good for kids"": true}, ""Parking"": {""Free parking lot"": true}}",,1,104000374045657434186,,,,"https://www.google.com/maps/place/Kiyawat+Art+Gallery+Pune/@18.5340688,73.8825987,14z/data=!4m8!1m2!2m1!1sKiyawat+Art+Gallery+Pune!3m4!1s0x3bc2c180c1debd8b:0x22cba744a180efa5!8m2!3d18.5340688!4d73.8825987","https://www.google.com/maps/place/Kiyawat+Art+Gallery+Pune/@18.5340688,73.8825987,13.99z/data=!4m16!1m7!3m6!1s0x3bc2c180c1debd8b:0x22cba744a180efa5!2sKiyawat+Art+Gallery+Pune!8m2!3d18.5340688!4d73.8825987!16s%2Fg%2F11ckvg1dmb!3m7!1s0x3bc2c180c1debd8b:0x22cba744a180efa5!8m2!3d18.5340688!4d73.8825987!9m1!1b1!16s%2Fg%2F11ckvg1dmb?entry=ttu",ChIJi73ewYDBwjsRpe-AoUSnyyI,0x3bc2c180c1debd8b:0x22cba744a180efa5,2.50728153077101E+018,/g/11w8jd13bk,2507281530771009445
"art gallery, 411011, Pune, Maharashtra, IN",Vesavar Art Gallery,Art gallery,Art gallery,Art gallery,+91 81969 79697,"MG Pune Central 2422, General Thimayya Road, East St, Pune, Maharashtra 411001",Camp,Pune,411001,18.512139,73.8797938,4.8,69,"https://search.google.com/local/reviews?placeid=ChIJschsyxrBwjsRNuduSfCcuSw&q=art+gallery,+411011,+Pune,+Maharashtra,+IN&authuser=0&hl=en&gl=IN",0,0,0,11,58,"{""Monday"": ""10:30am-7:30pm"", ""Tuesday"": ""10:30am-7:30pm"", ""Wednesday"": ""10:30am-7:30pm"", ""Thursday"": ""10:30am-7:30pm"", ""Friday"": ""10:30am-7:30pm"", ""Saturday"": ""10:30am-7:30pm"", ""Sunday"": ""10:30am-7:30pm""}",,OPERATIONAL,"{""Amenities"": {""Toilets"": true, ""Restaurant"": false}, ""Children"": {""Good for kids"": true}}",,1,105799950755721808725,,,,"https://www.google.com/maps/place/Vesavar+Art+Gallery/@18.512138999999998,73.8797938,14z/data=!4m8!1m2!2m1!1sVesavar+Art+Gallery!3m4!1s0x3bc2c11acb6cc8b1:0x2cb99cf0496ee736!8m2!3d18.512138999999998!4d73.8797938","https://www.google.com/maps/place/Vesavar+Art+Gallery/@18.512138999999998,73.8797938,13.99z/data=!4m16!1m7!3m6!1s0x3bc2c11acb6cc8b1:0x2cb99cf0496ee736!2sVesavar+Art+Gallery!8m2!3d18.512138999999998!4d73.8797938!16s%2Fg%2F11ckvg1dmb!3m7!1s0x3bc2c11acb6cc8b1:0x2cb99cf0496ee736!8m2!3d18.512138999999998!4d73.8797938!9m1!1b1!16s%2Fg%2F11ckvg1dmb?entry=ttu",ChIJschsyxrBwjsRNuduSfCcuSw,0x3bc2c11acb6cc8b1:0x2cb99cf0496ee736,3.22277956419839E+018,/g/11ssv96t72,3222779564198389558
"art gallery, 411011, Pune, Maharashtra, IN",Srujan Art Gallery,"Art gallery, Tourist attraction",attractions,Art gallery,+91 20 2445 9640,"250 B, Opp Maharashtra, Paper Ln, Shaniwar Peth, Pune, Maharashtra 411030",Shaniwar Peth,Pune,411030,18.5174163,73.8472092,4.6,174,"https://search.google.com/local/reviews?placeid=ChIJlcRpV3fAwjsRtm7qtjd2Z9M&q=art+gallery,+411011,+Pune,+Maharashtra,+IN&authuser=0&hl=en&gl=IN",5,1,9,35,124,"{""Monday"": ""9:30am-7pm"", ""Tuesday"": ""9:30am-8pm"", ""Wednesday"": ""9:30am-8pm"", ""Thursday"": ""9:30am-8pm"", ""Friday"": ""9:30am-8pm"", ""Saturday"": ""9:30am-8pm"", ""Sunday"": ""Closed""}",,OPERATIONAL,"{""Accessibility"": {""Wheelchair-accessible car park"": true}, ""Amenities"": {""Toilets"": true, ""Restaurant"": false}, ""Children"": {""Good for kids"": true}}",,1,113538560011066273776,,,,"https://www.google.com/maps/place/Srujan+Art+Gallery/@18.5174163,73.8472092,14z/data=!4m8!1m2!2m1!1sSrujan+Art+Gallery!3m4!1s0x3bc2c0775769c495:0xd3677637b6ea6eb6!8m2!3d18.5174163!4d73.8472092","https://www.google.com/maps/place/Srujan+Art+Gallery/@18.5174163,73.8472092,13.99z/data=!4m16!1m7!3m6!1s0x3bc2c0775769c495:0xd3677637b6ea6eb6!2sSrujan+Art+Gallery!8m2!3d18.5174163!4d73.8472092!16s%2Fg%2F11ckvg1dmb!3m7!1s0x3bc2c0775769c495:0xd3677637b6ea6eb6!8m2!3d18.5174163!4d73.8472092!9m1!1b1!16s%2Fg%2F11ckvg1dmb?entry=ttu",ChIJlcRpV3fAwjsRtm7qtjd2Z9M,0x3bc2c0775769c495:0xd3677637b6ea6eb6,1.52332742462681E+019,/g/1jgm4wzpj,-3213469827441463626
"art gallery, 411011, Pune, Maharashtra, IN",Shreenath Art Gallery,"Art gallery, Exhibition and trade centre",Art gallery,Art gallery,+91 97820 16617,"1483, Shreenath Art Gallery, Lokmanya Bal Gangadhar Tilak Rd, opp. Tilak Smarak mandir, Perugate, Sadashiv Peth, Pune, Maharashtra 411030","Perugate, Sadashiv Peth",Pune,411030,18.5086913,73.8493104,3.2,33,"https://search.google.com/local/reviews?placeid=ChIJ8zTzaELBwjsRusE27iierdw&q=art+gallery,+411011,+Pune,+Maharashtra,+IN&authuser=0&hl=en&gl=IN",9,3,5,3,13,"{""Monday"": ""Open 24 hours"", ""Tuesday"": ""Open 24 hours"", ""Wednesday"": ""Open 24 hours"", ""Thursday"": ""Open 24 hours"", ""Friday"": ""Open 24 hours"", ""Saturday"": ""Open 24 hours"", ""Sunday"": ""Open 24 hours""}",,OPERATIONAL,"{""Amenities"": {""Restaurant"": false}, ""Children"": {""Good for kids"": true}}",,1,116463038634075254241,,,,"https://www.google.com/maps/place/Shreenath+Art+Gallery/@18.5086913,73.8493104,14z/data=!4m8!1m2!2m1!1sShreenath+Art+Gallery!3m4!1s0x3bc2c14268f334f3:0xdcad9e28ee36c1ba!8m2!3d18.5086913!4d73.8493104","https://www.google.com/maps/place/Shreenath+Art+Gallery/@18.5086913,73.8493104,13.99z/data=!4m16!1m7!3m6!1s0x3bc2c14268f334f3:0xdcad9e28ee36c1ba!2sShreenath+Art+Gallery!8m2!3d18.5086913!4d73.8493104!16s%2Fg%2F11ckvg1dmb!3m7!1s0x3bc2c14268f334f3:0xdcad9e28ee36c1ba!8m2!3d18.5086913!4d73.8493104!9m1!1b1!16s%2Fg%2F11ckvg1dmb?entry=ttu",ChIJ8zTzaELBwjsRusE27iierdw,0x3bc2c14268f334f3:0xdcad9e28ee36c1ba,1.59015397579475E+019,/g/11gxmvnyw7,-2545204315762015814
"art gallery, 411011, Pune, Maharashtra, IN",RAJ ARTS AND REDIUM,Art gallery,Art gallery,Art gallery,+91 98222 70465,"Shop No 1, Peth, Gane, opp. Petrol PumpbNana, New Nana Peth, Ganesh Peth, Pune, Maharashtra 411002","New Nana Peth, Ganesh Peth",Pune,411002,18.5152623,73.8677439,5,1,"https://search.google.com/local/reviews?placeid=ChIJE2ycwx3BwjsRlPn2qPU02Rk&q=art+gallery,+411011,+Pune,+Maharashtra,+IN&authuser=0&hl=en&gl=IN",0,0,0,0,1,,,OPERATIONAL,"{""Children"": {""Good for kids"": true}}",,1,109591700807050050742,,,,"https://www.google.com/maps/place/RAJ+ARTS+AND+REDIUM/@18.5152623,73.8677439,14z/data=!4m8!1m2!2m1!1sRAJ+ARTS+AND+REDIUM!3m4!1s0x3bc2c11dc39c6c13:0x19d934f5a8f6f994!8m2!3d18.5152623!4d73.8677439","https://www.google.com/maps/place/RAJ+ARTS+AND+REDIUM/@18.5152623,73.8677439,13.99z/data=!4m16!1m7!3m6!1s0x3bc2c11dc39c6c13:0x19d934f5a8f6f994!2sRAJ+ARTS+AND+REDIUM!8m2!3d18.5152623!4d73.8677439!16s%2Fg%2F11ckvg1dmb!3m7!1s0x3bc2c11dc39c6c13:0x19d934f5a8f6f994!8m2!3d18.5152623!4d73.8677439!9m1!1b1!16s%2Fg%2F11ckvg1dmb?entry=ttu",ChIJE2ycwx3BwjsRlPn2qPU02Rk,0x3bc2c11dc39c6c13:0x19d934f5a8f6f994,1.8625781506008E+018,/g/11v4drxr6n,1862578150600800660
"art gallery, 411011, Pune, Maharashtra, IN",Darshani art,Art gallery,Art gallery,Art gallery,+91 95117 36887,"Sawarkar Chowk Rd, Shriram Nagar, Chandrabhaga Nagar, Dhankawadi, Pune, Maharashtra 411043","Shriram Nagar, Chandrabhaga Nagar, Dhankawadi",Pune,411043,18.4655118,73.8481718,4.8,16,"https://search.google.com/local/reviews?placeid=ChIJW-TFdDHrwjsR_v-SH4mk43o&q=art+gallery,+411011,+Pune,+Maharashtra,+IN&authuser=0&hl=en&gl=IN",0,1,0,1,14,"{""Monday"": ""10am-7pm"", ""Tuesday"": ""10am-7pm"", ""Wednesday"": ""10am-7pm"", ""Thursday"": ""10am-7pm"", ""Friday"": ""10am-7pm"", ""Saturday"": ""10am-7pm"", ""Sunday"": ""Closed""}",,OPERATIONAL,"{""Amenities"": {""Restaurant"": false}, ""Children"": {""Good for kids"": true}}",,1,103067985137830002694,,,,"https://www.google.com/maps/place/Darshani+art/@18.465511799999998,73.8481718,14z/data=!4m8!1m2!2m1!1sDarshani+art!3m4!1s0x3bc2eb3174c5e45b:0x7ae3a4891f92fffe!8m2!3d18.465511799999998!4d73.8481718","https://www.google.com/maps/place/Darshani+art/@18.465511799999998,73.8481718,13.99z/data=!4m16!1m7!3m6!1s0x3bc2eb3174c5e45b:0x7ae3a4891f92fffe!2sDarshani+art!8m2!3d18.465511799999998!4d73.8481718!16s%2Fg%2F11ckvg1dmb!3m7!1s0x3bc2eb3174c5e45b:0x7ae3a4891f92fffe!8m2!3d18.465511799999998!4d73.8481718!9m1!1b1!16s%2Fg%2F11ckvg1dmb?entry=ttu",ChIJW-TFdDHrwjsR_v-SH4mk43o,0x3bc2eb3174c5e45b:0x7ae3a4891f92fffe,8.85510220118773E+018,/g/11lj5429bw,8855102201187729406
"art gallery, 411011, Pune, Maharashtra, IN",Kakade Arts,Art gallery,Art gallery,Art gallery,+91 96573 88544,"opp. Vitoba Mandir, New Nana Peth, Arun Chowk, Pune, Maharashtra 411002","New Nana Peth, Arun Chowk",Pune,411002,18.5158476,73.8660886,5,1,"https://search.google.com/local/reviews?placeid=ChIJLxKPkfXBwjsRedM29IKhjq8&q=art+gallery,+411011,+Pune,+Maharashtra,+IN&authuser=0&hl=en&gl=IN",0,0,0,0,1,,,OPERATIONAL,"{""Children"": {""Good for kids"": true}}",,1,105473744514102984469,,,,"https://www.google.com/maps/place/Kakade+Arts/@18.5158476,73.8660886,14z/data=!4m8!1m2!2m1!1sKakade+Arts!3m4!1s0x3bc2c1f5918f122f:0xaf8ea182f436d379!8m2!3d18.5158476!4d73.8660886","https://www.google.com/maps/place/Kakade+Arts/@18.5158476,73.8660886,13.99z/data=!4m16!1m7!3m6!1s0x3bc2c1f5918f122f:0xaf8ea182f436d379!2sKakade+Arts!8m2!3d18.5158476!4d73.8660886!16s%2Fg%2F11ckvg1dmb!3m7!1s0x3bc2c1f5918f122f:0xaf8ea182f436d379!8m2!3d18.5158476!4d73.8660886!9m1!1b1!16s%2Fg%2F11ckvg1dmb?entry=ttu",ChIJLxKPkfXBwjsRedM29IKhjq8,0x3bc2c1f5918f122f:0xaf8ea182f436d379,1.26502259871454E+019,/g/11vxjrqlsm,-5796518086564195463
"art gallery, 411011, Pune, Maharashtra, IN",Cosmo Art Gallery,Art gallery,Art gallery,Art gallery,+91 93710 64224,"Bhosale Paradise, Range Hill Rd, Sinchan Nagar, Ashok Nagar, Pune, Maharashtra 411020","Sinchan Nagar, Ashok Nagar",Pune,411020,18.5436968,73.8401347,4,37,"https://search.google.com/local/reviews?placeid=ChIJ98r6x1-_wjsR6P6cGKK8tZA&q=art+gallery,+411011,+Pune,+Maharashtra,+IN&authuser=0&hl=en&gl=IN",1,5,2,15,14,,,OPERATIONAL,"{""Amenities"": {""Restaurant"": false}, ""Children"": {""Good for kids"": true}}",,1,109519109143840044151,,,,"https://www.google.com/maps/place/Cosmo+Art+Gallery/@18.5436968,73.8401347,14z/data=!4m8!1m2!2m1!1sCosmo+Art+Gallery!3m4!1s0x3bc2bf5fc7facaf7:0x90b5bca2189cfee8!8m2!3d18.5436968!4d73.8401347","https://www.google.com/maps/place/Cosmo+Art+Gallery/@18.5436968,73.8401347,13.99z/data=!4m16!1m7!3m6!1s0x3bc2bf5fc7facaf7:0x90b5bca2189cfee8!2sCosmo+Art+Gallery!8m2!3d18.5436968!4d73.8401347!16s%2Fg%2F11ckvg1dmb!3m7!1s0x3bc2bf5fc7facaf7:0x90b5bca2189cfee8!8m2!3d18.5436968!4d73.8401347!9m1!1b1!16s%2Fg%2F11ckvg1dmb?entry=ttu",ChIJ98r6x1-_wjsR6P6cGKK8tZA,0x3bc2bf5fc7facaf7:0x90b5bca2189cfee8,1.04274479166299E+019,/g/11cn0v0r3d,-8019296157079634200
"art gallery, 411011, Pune, Maharashtra, IN",VHC Art Gallery | Vida Heydari Contemporary,Art gallery,Art gallery,Art gallery,+91 85308 60888,"Marvel Alaina, Lane No. 8, Suyojana Society, Kavadewadi, Koregaon Park, Pune, Maharashtra 411001","Suyojana Society, Kavadewadi, Koregaon Park",Pune,411001,18.5365145,73.8964176,4.4,126,"https://search.google.com/local/reviews?placeid=ChIJe6NRq73BwjsRX5XIjX7lfuQ&q=art+gallery,+411011,+Pune,+Maharashtra,+IN&authuser=0&hl=en&gl=IN",4,4,9,26,83,"{""Monday"": ""10am-6:30pm"", ""Tuesday"": ""10am-6:30pm"", ""Wednesday"": ""10am-6:30pm"", ""Thursday"": ""10am-6:30pm"", ""Friday"": ""10am-6:30pm"", ""Saturday"": ""10am-6:30pm"", ""Sunday"": ""Closed""}",,OPERATIONAL,"{""From the business"": {""Identifies as women-owned"": true}, ""Accessibility"": {""Wheelchair-accessible car park"": true, ""Wheelchair-accessible entrance"": true}, ""Amenities"": {""Gender-neutral toilets"": true, ""Toilets"": true, ""Restaurant"": false}, ""Crowd"": {""Family friendly"": true, ""LGBTQ+ friendly"": true}, ""Children"": {""Good for kids"": true}, ""Other"": {""LGBTQ+ friendly"": true, ""Identifies as women-owned"": true}}",,1,118358455767485960648,,,,"https://www.google.com/maps/place/VHC+Art+Gallery+%7C+Vida+Heydari+Contemporary/@18.5365145,73.89641759999999,14z/data=!4m8!1m2!2m1!1sVHC+Art+Gallery+%7C+Vida+Heydari+Contemporary!3m4!1s0x3bc2c1bdab51a37b:0xe47ee57e8dc8955f!8m2!3d18.5365145!4d73.89641759999999","https://www.google.com/maps/place/VHC+Art+Gallery+%7C+Vida+Heydari+Contemporary/@18.5365145,73.89641759999999,13.99z/data=!4m16!1m7!3m6!1s0x3bc2c1bdab51a37b:0xe47ee57e8dc8955f!2sVHC+Art+Gallery+%7C+Vida+Heydari+Contemporary!8m2!3d18.5365145!4d73.89641759999999!16s%2Fg%2F11ckvg1dmb!3m7!1s0x3bc2c1bdab51a37b:0xe47ee57e8dc8955f!8m2!3d18.5365145!4d73.89641759999999!9m1!1b1!16s%2Fg%2F11ckvg1dmb?entry=ttu",ChIJe6NRq73BwjsRX5XIjX7lfuQ,0x3bc2c1bdab51a37b:0xe47ee57e8dc8955f,1.64648496194205E+019,/g/11j8z7pkrk,-1981894454289066657
"art gallery, 411011, Pune, Maharashtra, IN",Tilting Art Gallery,Art gallery,Art gallery,Art gallery,,"HV4W+J3G, Shastrinagar, Yerawada, Pune, Maharashtra 411006","Shastrinagar, Yerawada",Pune,411006,18.5565656,73.895193,4.2,25,"https://search.google.com/local/reviews?placeid=ChIJ4dtSASLBwjsRpSMiiQd9F18&q=art+gallery,+411011,+Pune,+Maharashtra,+IN&authuser=0&hl=en&gl=IN",2,1,1,7,14,"{""Monday"": ""Closed"", ""Tuesday"": ""11am-8pm"", ""Wednesday"": ""11am-8pm"", ""Thursday"": ""11am-8pm"", ""Friday"": ""11am-8pm"", ""Saturday"": ""11am-8pm"", ""Sunday"": ""11am-8pm""}",,OPERATIONAL,"{""Accessibility"": {""Wheelchair-accessible toilet"": true}, ""Amenities"": {""Toilets"": true}, ""Children"": {""Good for kids"": true}}",,0,,,,,"https://www.google.com/maps/place/Tilting+Art+Gallery/@18.5565656,73.89519299999999,14z/data=!4m8!1m2!2m1!1sTilting+Art+Gallery!3m4!1s0x3bc2c1220152dbe1:0x5f177d07892223a5!8m2!3d18.5565656!4d73.89519299999999","https://www.google.com/maps/place/Tilting+Art+Gallery/@18.5565656,73.89519299999999,13.99z/data=!4m16!1m7!3m6!1s0x3bc2c1220152dbe1:0x5f177d07892223a5!2sTilting+Art+Gallery!8m2!3d18.5565656!4d73.89519299999999!16s%2Fg%2F11ckvg1dmb!3m7!1s0x3bc2c1220152dbe1:0x5f177d07892223a5!8m2!3d18.5565656!4d73.89519299999999!9m1!1b1!16s%2Fg%2F11ckvg1dmb?entry=ttu",ChIJ4dtSASLBwjsRpSMiiQd9F18,0x3bc2c1220152dbe1:0x5f177d07892223a5,6.85208282938646E+018,/g/11g9glhxjw,6852082829386458021
"art gallery, 411011, Pune, Maharashtra, IN",'Art Mandala',"Art supply store, Art dealer",Art supply store,Art supply store,+91 94220 34442,"Vidya Vilas, Parkhe Trust House, Plot No:1183, Fergusson College Rd, opp. Lalit Mahal Hotel, Shivajinagar, Pune, Maharashtra 411005",Shivajinagar,Pune,411005,18.5285322,73.8439567,4.2,11,"https://search.google.com/local/reviews?placeid=ChIJcYLRooC_wjsRGor2y2D14RM&q=art+gallery,+411011,+Pune,+Maharashtra,+IN&authuser=0&hl=en&gl=IN",0,1,1,4,5,"{""Monday"": ""9:30am-6pm"", ""Tuesday"": ""9:30am-6pm"", ""Wednesday"": ""9:30am-6pm"", ""Thursday"": ""9:30am-6pm"", ""Friday"": ""9:30am-6pm"", ""Saturday"": ""9:30am-6pm"", ""Sunday"": ""Closed""}",,OPERATIONAL,"{""From the business"": {""Identifies as women-owned"": true}, ""Accessibility"": {""Wheelchair-accessible car park"": true}, ""Other"": {""Identifies as women-owned"": true}}",Art space featuring temporary exhibitions of painting & sculpture in modern surrounds.,1,110255731084510900843,,,,"https://www.google.com/maps/place/%27Art+Mandala%27/@18.5285322,73.84395669999999,14z/data=!4m8!1m2!2m1!1s%27Art+Mandala%27!3m4!1s0x3bc2bf80a2d18271:0x13e1f560cbf68a1a!8m2!3d18.5285322!4d73.84395669999999","https://www.google.com/maps/place/%27Art+Mandala%27/@18.5285322,73.84395669999999,13.99z/data=!4m16!1m7!3m6!1s0x3bc2bf80a2d18271:0x13e1f560cbf68a1a!2s%27Art+Mandala%27!8m2!3d18.5285322!4d73.84395669999999!16s%2Fg%2F11ckvg1dmb!3m7!1s0x3bc2bf80a2d18271:0x13e1f560cbf68a1a!8m2!3d18.5285322!4d73.84395669999999!9m1!1b1!16s%2Fg%2F11ckvg1dmb?entry=ttu",ChIJcYLRooC_wjsRGor2y2D14RM,0x3bc2bf80a2d18271:0x13e1f560cbf68a1a,1.43269595256813E+018,/g/1yfdqz8xy,1432695952568125978
"art gallery, 411011, Pune, Maharashtra, IN",Jogeshwari Frames & Art Gallery,"Art gallery, Art center",Art gallery,Art gallery,,"126/B, Appa Balwant Chowk, opp. Tambdi Jogeshwari Temple, Budhwar Peth, Pune, Maharashtra 411002",Budhwar Peth,Pune,411002,18.5164323,73.8550057,3.9,30,"https://search.google.com/local/reviews?placeid=ChIJV_O85-LBwjsRS9KtVNtp_Cw&q=art+gallery,+411011,+Pune,+Maharashtra,+IN&authuser=0&hl=en&gl=IN",6,0,4,2,18,"{""Monday"": ""Closed"", ""Tuesday"": ""10am-8pm"", ""Wednesday"": ""10am-8pm"", ""Thursday"": ""10am-8pm"", ""Friday"": ""10am-8pm"", ""Saturday"": ""10am-8pm"", ""Sunday"": ""10am-8pm""}","[{""delivery"": {""Monday"": ""12-8 pm"", ""Tuesday"": ""Closed"", ""Wednesday"": ""Closed"", ""Thursday"": ""Closed"", ""Friday"": ""Closed"", ""Saturday"": ""Closed"", ""Sunday"": ""Closed""}}]",OPERATIONAL,"{""Amenities"": {""Restaurant"": false}, ""Crowd"": {""Family friendly"": true}, ""Payments"": {""Google Pay"": true}, ""Children"": {""Good for kids"": true}}",,1,114969659429145968741,,,,"https://www.google.com/maps/place/Jogeshwari+Frames+%26+Art+Gallery/@18.516432299999998,73.85500569999999,14z/data=!4m8!1m2!2m1!1sJogeshwari+Frames+%26+Art+Gallery!3m4!1s0x3bc2c1e2e7bcf357:0x2cfc69db54add24b!8m2!3d18.516432299999998!4d73.85500569999999","https://www.google.com/maps/place/Jogeshwari+Frames+%26+Art+Gallery/@18.516432299999998,73.85500569999999,13.99z/data=!4m16!1m7!3m6!1s0x3bc2c1e2e7bcf357:0x2cfc69db54add24b!2sJogeshwari+Frames+%26+Art+Gallery!8m2!3d18.516432299999998!4d73.85500569999999!16s%2Fg%2F11ckvg1dmb!3m7!1s0x3bc2c1e2e7bcf357:0x2cfc69db54add24b!8m2!3d18.516432299999998!4d73.85500569999999!9m1!1b1!16s%2Fg%2F11ckvg1dmb?entry=ttu",ChIJV_O85-LBwjsRS9KtVNtp_Cw,0x3bc2c1e2e7bcf357:0x2cfc69db54add24b,3.24158222253935E+018,/g/11q4hhqckc,3241582222539346507
"art gallery, 411011, Pune, Maharashtra, IN",Art2Day,"Art gallery, Art center, Art dealer, Arts organization, Paintings store",Art gallery,Art gallery,+91 98220 41899,"Ghole Rd, Shivajinagar, Pune, Maharashtra 411005",Shivajinagar,Pune,411005,18.5240367,73.8454968,4.4,303,"https://search.google.com/local/reviews?placeid=ChIJ1V8NjRLAwjsReWxr7vp6Sb8&q=art+gallery,+411011,+Pune,+Maharashtra,+IN&authuser=0&hl=en&gl=IN",5,2,35,89,172,"{""Monday"": ""Closed"", ""Tuesday"": ""11am-7pm"", ""Wednesday"": ""11am-7pm"", ""Thursday"": ""11am-7pm"", ""Friday"": ""11am-7pm"", ""Saturday"": ""11am-7pm"", ""Sunday"": ""11am-7pm""}","[{""lunch"": {""Monday"": ""11 am-6 pm"", ""Tuesday"": ""11 am-6 pm"", ""Wednesday"": ""11 am-6 pm"", ""Thursday"": ""11 am-6 pm"", ""Friday"": ""11 am-6 pm"", ""Saturday"": ""11 am-6 pm"", ""Sunday"": ""11 am-6 pm""}}]",OPERATIONAL,"{""From the business"": {""Identifies as women-owned"": true}, ""Service options"": {""On-site services"": true}, ""Highlights"": {""Live performances"": true}, ""Accessibility"": {""Wheelchair-accessible car park"": false, ""Wheelchair-accessible entrance"": false, ""Wheelchair-accessible seating"": false, ""Wheelchair-accessible toilet"": false}, ""Amenities"": {""Gender-neutral toilets"": true, ""Restaurant"": false}, ""Crowd"": {""Family friendly"": true, ""LGBTQ+ friendly"": true}, ""Payments"": {""Google Pay"": true}, ""Children"": {""Good for kids"": true}, ""Other"": {""LGBTQ+ friendly"": true, ""Identifies as women-owned"": true}}","Contemporary, cheerful gallery in an airy space featuring unique modern art & art workshops.",1,112913868673053727758,,,,"https://www.google.com/maps/place/Art2Day/@18.5240367,73.84549679999999,14z/data=!4m8!1m2!2m1!1sArt2Day!3m4!1s0x3bc2c0128d0d5fd5:0xbf497afaee6b6c79!8m2!3d18.5240367!4d73.84549679999999","https://www.google.com/maps/place/Art2Day/@18.5240367,73.84549679999999,13.99z/data=!4m16!1m7!3m6!1s0x3bc2c0128d0d5fd5:0xbf497afaee6b6c79!2sArt2Day!8m2!3d18.5240367!4d73.84549679999999!16s%2Fg%2F11ckvg1dmb!3m7!1s0x3bc2c0128d0d5fd5:0xbf497afaee6b6c79!8m2!3d18.5240367!4d73.84549679999999!9m1!1b1!16s%2Fg%2F11ckvg1dmb?entry=ttu",ChIJ1V8NjRLAwjsReWxr7vp6Sb8,0x3bc2c0128d0d5fd5:0xbf497afaee6b6c79,1.37836833527045E+019,/g/1td8xkq7,-4663060721005007751
"art gallery, 411011, Pune, Maharashtra, IN",Deep Art Gallery,"Art gallery, Art",Art gallery,Art gallery,+91 20 2565 8761,"1038/8, Madhusagar Society,Gokhale Road, Model Colony, Shivaji Nagar, Pune, Maharashtra 411016","Model Colony, Shivajinagar",Pune,411016,18.5314183,73.8355168,4.3,29,"https://search.google.com/local/reviews?placeid=ChIJr9Uj-nu_wjsRWkYdkIH5DRA&q=art+gallery,+411011,+Pune,+Maharashtra,+IN&authuser=0&hl=en&gl=IN",0,0,5,9,15,,,CLOSED_TEMPORARILY,{},"Showcase featuring paintings in a variety of styles, from abstract to landscapes & cubism.",0,,,,,"https://www.google.com/maps/place/Deep+Art+Gallery/@18.5314183,73.8355168,14z/data=!4m8!1m2!2m1!1sDeep+Art+Gallery!3m4!1s0x3bc2bf7bfa23d5af:0x100df981901d465a!8m2!3d18.5314183!4d73.8355168","https://www.google.com/maps/place/Deep+Art+Gallery/@18.5314183,73.8355168,13.99z/data=!4m16!1m7!3m6!1s0x3bc2bf7bfa23d5af:0x100df981901d465a!2sDeep+Art+Gallery!8m2!3d18.5314183!4d73.8355168!16s%2Fg%2F11ckvg1dmb!3m7!1s0x3bc2bf7bfa23d5af:0x100df981901d465a!8m2!3d18.5314183!4d73.8355168!9m1!1b1!16s%2Fg%2F11ckvg1dmb?entry=ttu",ChIJr9Uj-nu_wjsRWkYdkIH5DRA,0x3bc2bf7bfa23d5af:0x100df981901d465a,1.15685501416802E+018,/g/1tdlsqvk,1156855014168020570
"art gallery, 411011, Pune, Maharashtra, IN",Indiaart Gallery,"Art gallery, Arts organization, Children's museum",Art gallery,Art gallery,+91 99606 63939,"Gayatri"" 61/9, opposite Vitthal Mandir Road, Madhusanchay Society, United Western Co-Operative Society, Housing Society, Karve Nagar, Pune, Maharashtra 411052","Madhusanchay Society, United Western Co-Operative Society, Housing Society, Karve Nagar",Pune,411052,18.4905508,73.8261319,4.4,33,"https://search.google.com/local/reviews?placeid=ChIJW9ECeRfBwjsRWHJ9e8xkRLg&q=art+gallery,+411011,+Pune,+Maharashtra,+IN&authuser=0&hl=en&gl=IN",1,0,4,9,19,"{""Monday"": ""10:30am-5:30pm"", ""Tuesday"": ""10:30am-5:30pm"", ""Wednesday"": ""10:30am-5:30pm"", ""Thursday"": ""10:30am-5:30pm"", ""Friday"": ""10:30am-5:30pm"", ""Saturday"": ""11am-5pm"", ""Sunday"": ""Closed""}",,OPERATIONAL,"{""Amenities"": {""Gender-neutral toilets"": true, ""Toilets"": true, ""Restaurant"": false}, ""Crowd"": {""Family friendly"": true}, ""Children"": {""Good for kids"": true}}",,1,110233648081163950387,,,,"https://www.google.com/maps/place/Indiaart+Gallery/@18.490550799999998,73.8261319,14z/data=!4m8!1m2!2m1!1sIndiaart+Gallery!3m4!1s0x3bc2c1177902d15b:0xb84464cc7b7d7258!8m2!3d18.490550799999998!4d73.8261319","https://www.google.com/maps/place/Indiaart+Gallery/@18.490550799999998,73.8261319,13.99z/data=!4m16!1m7!3m6!1s0x3bc2c1177902d15b:0xb84464cc7b7d7258!2sIndiaart+Gallery!8m2!3d18.490550799999998!4d73.8261319!16s%2Fg%2F11ckvg1dmb!3m7!1s0x3bc2c1177902d15b:0xb84464cc7b7d7258!8m2!3d18.490550799999998!4d73.8261319!9m1!1b1!16s%2Fg%2F11ckvg1dmb?entry=ttu",ChIJW9ECeRfBwjsRWHJ9e8xkRLg,0x3bc2c1177902d15b:0xb84464cc7b7d7258,1.3277848430803E+019,/g/1thxtnwh,-5168895642906561960
"art gallery, 411011, Pune, Maharashtra, IN",Bliss Art Gallery,"Tourist attraction, Museum",museums,Tourist attraction,,"White Flint Nest, no. E Off, N Main Rd, Near Lane No. 05, Meera Nagar, Koregaon Park, Pune, Maharashtra 411001","Meera Nagar, Koregaon Park",Pune,411001,18.5400403,73.8939451,3.5,46,"https://search.google.com/local/reviews?placeid=ChIJQ36_ewbBwjsRMTc9Mgd05JE&q=art+gallery,+411011,+Pune,+Maharashtra,+IN&authuser=0&hl=en&gl=IN",4,7,11,12,12,,,CLOSED_TEMPORARILY,{},"Contemporary paintings, drawings & other works by local artists showcased in a down-to-earth setup.",0,,,,,"https://www.google.com/maps/place/Bliss+Art+Gallery/@18.540040299999998,73.8939451,14z/data=!4m8!1m2!2m1!1sBliss+Art+Gallery!3m4!1s0x3bc2c1067bbf7e43:0x91e47407323d3731!8m2!3d18.540040299999998!4d73.8939451","https://www.google.com/maps/place/Bliss+Art+Gallery/@18.540040299999998,73.8939451,13.99z/data=!4m16!1m7!3m6!1s0x3bc2c1067bbf7e43:0x91e47407323d3731!2sBliss+Art+Gallery!8m2!3d18.540040299999998!4d73.8939451!16s%2Fg%2F11ckvg1dmb!3m7!1s0x3bc2c1067bbf7e43:0x91e47407323d3731!8m2!3d18.540040299999998!4d73.8939451!9m1!1b1!16s%2Fg%2F11ckvg1dmb?entry=ttu",ChIJQ36_ewbBwjsRMTc9Mgd05JE,0x3bc2c1067bbf7e43:0x91e47407323d3731,1.05126550044461E+019,/g/11clx1pwy7,-7934089069263505615
"art gallery, 411011, Pune, Maharashtra, IN",Vintage Art Gallery,Antique store,Antique store,Antique store,,"843, Dastur Meher Rd, Camp, Pune, Maharashtra 411001",Camp,Pune,411001,18.5155222,73.8770293,5,2,"https://search.google.com/local/reviews?placeid=ChIJYSXDug7BwjsRWNVhg9hI6P0&q=art+gallery,+411011,+Pune,+Maharashtra,+IN&authuser=0&hl=en&gl=IN",0,0,0,0,2,"{""Monday"": ""10am-8pm"", ""Tuesday"": ""10am-8pm"", ""Wednesday"": ""10am-8pm"", ""Thursday"": ""10am-8pm"", ""Friday"": ""10am-8pm"", ""Saturday"": ""10am-8pm"", ""Sunday"": ""Closed""}",,OPERATIONAL,{},,0,,,,,"https://www.google.com/maps/place/Vintage+Art+Gallery/@18.5155222,73.87702929999999,14z/data=!4m8!1m2!2m1!1sVintage+Art+Gallery!3m4!1s0x3bc2c10ebac32561:0xfde848d88361d558!8m2!3d18.5155222!4d73.87702929999999","https://www.google.com/maps/place/Vintage+Art+Gallery/@18.5155222,73.87702929999999,13.99z/data=!4m16!1m7!3m6!1s0x3bc2c10ebac32561:0xfde848d88361d558!2sVintage+Art+Gallery!8m2!3d18.5155222!4d73.87702929999999!16s%2Fg%2F11ckvg1dmb!3m7!1s0x3bc2c10ebac32561:0xfde848d88361d558!8m2!3d18.5155222!4d73.87702929999999!9m1!1b1!16s%2Fg%2F11ckvg1dmb?entry=ttu",ChIJYSXDug7BwjsRWNVhg9hI6P0,0x3bc2c10ebac32561:0xfde848d88361d558,1.8295953580947E+019,/g/11vqrrc5zd,-150790492762548904
"art gallery, 411011, Pune, Maharashtra, IN",Dhanraj Arts,"Art gallery, Business center",Art gallery,Art gallery,+91 90283 14552,"Shop No 1 Mashi, Kirad Ali Rd, Ganj Peth, Pune, Maharashtra 411002",Ganj Peth,Pune,411002,18.5084277,73.8632527,3,1,"https://search.google.com/local/reviews?placeid=ChIJNRUVEDzBwjsRicQzTsxqFTg&q=art+gallery,+411011,+Pune,+Maharashtra,+IN&authuser=0&hl=en&gl=IN",0,0,1,0,0,,,CLOSED_TEMPORARILY,{},,1,104821841039745272505,,,,"https://www.google.com/maps/place/Dhanraj+Arts/@18.5084277,73.86325269999999,14z/data=!4m8!1m2!2m1!1sDhanraj+Arts!3m4!1s0x3bc2c13c10151535:0x38156acc4e33c489!8m2!3d18.5084277!4d73.86325269999999","https://www.google.com/maps/place/Dhanraj+Arts/@18.5084277,73.86325269999999,13.99z/data=!4m16!1m7!3m6!1s0x3bc2c13c10151535:0x38156acc4e33c489!2sDhanraj+Arts!8m2!3d18.5084277!4d73.86325269999999!16s%2Fg%2F11ckvg1dmb!3m7!1s0x3bc2c13c10151535:0x38156acc4e33c489!8m2!3d18.5084277!4d73.86325269999999!9m1!1b1!16s%2Fg%2F11ckvg1dmb?entry=ttu",ChIJNRUVEDzBwjsRicQzTsxqFTg,0x3bc2c13c10151535:0x38156acc4e33c489,4.04125366635278E+018,/g/11t28wypzd,4041253666352776329
"art gallery, 411011, Pune, Maharashtra, IN",MuralGuru BHARAT RAWAL,Art studio,Art studio,Art studio,+91 98232 63625,"Prerna Housing Society, 340, Mudaliar Rd, Rasta Peth, Pune, Maharashtra 411011",Rasta Peth,Pune,411011,18.5193746,73.8661205,4.5,4,"https://search.google.com/local/reviews?placeid=ChIJ6ZJR6kLAwjsRxCxyhlsFSDg&q=art+gallery,+411011,+Pune,+Maharashtra,+IN&authuser=0&hl=en&gl=IN",0,0,1,0,3,,,OPERATIONAL,{},,1,106538441630982051648,,,,"https://www.google.com/maps/place/MuralGuru+BHARAT+RAWAL/@18.5193746,73.8661205,14z/data=!4m8!1m2!2m1!1sMuralGuru+BHARAT+RAWAL!3m4!1s0x3bc2c042ea5192e9:0x3848055b86722cc4!8m2!3d18.5193746!4d73.8661205","https://www.google.com/maps/place/MuralGuru+BHARAT+RAWAL/@18.5193746,73.8661205,13.99z/data=!4m16!1m7!3m6!1s0x3bc2c042ea5192e9:0x3848055b86722cc4!2sMuralGuru+BHARAT+RAWAL!8m2!3d18.5193746!4d73.8661205!16s%2Fg%2F11ckvg1dmb!3m7!1s0x3bc2c042ea5192e9:0x3848055b86722cc4!8m2!3d18.5193746!4d73.8661205!9m1!1b1!16s%2Fg%2F11ckvg1dmb?entry=ttu",ChIJ6ZJR6kLAwjsRxCxyhlsFSDg,0x3bc2c042ea5192e9:0x3848055b86722cc4,4.05549735510292E+018,/g/11bzyp9dt3,4055497355102923972
"art gallery, 411011, Pune, Maharashtra, IN",ABHISHEK STORE,Art gallery,Art gallery,Art gallery,+91 96237 15685,"Shop No 01, opp. Dilip Traders, New Nana Peth, Ganesh Peth, Pune, Maharashtra 411001","New Nana Peth, Ganesh Peth",Pune,411001,18.5146121,73.8663417,5,2,"https://search.google.com/local/reviews?placeid=ChIJU_MfaL_BwjsR-EuwBlDe82o&q=art+gallery,+411011,+Pune,+Maharashtra,+IN&authuser=0&hl=en&gl=IN",0,0,0,0,2,,,OPERATIONAL,{},,0,,,,,"https://www.google.com/maps/place/ABHISHEK+STORE/@18.5146121,73.86634169999999,14z/data=!4m8!1m2!2m1!1sABHISHEK+STORE!3m4!1s0x3bc2c1bf681ff353:0x6af3de5006b04bf8!8m2!3d18.5146121!4d73.86634169999999","https://www.google.com/maps/place/ABHISHEK+STORE/@18.5146121,73.86634169999999,13.99z/data=!4m16!1m7!3m6!1s0x3bc2c1bf681ff353:0x6af3de5006b04bf8!2sABHISHEK+STORE!8m2!3d18.5146121!4d73.86634169999999!16s%2Fg%2F11ckvg1dmb!3m7!1s0x3bc2c1bf681ff353:0x6af3de5006b04bf8!8m2!3d18.5146121!4d73.86634169999999!9m1!1b1!16s%2Fg%2F11ckvg1dmb?entry=ttu",ChIJU_MfaL_BwjsR-EuwBlDe82o,0x3bc2c1bf681ff353:0x6af3de5006b04bf8,7.70674782265202E+018,/g/11l1n7351r,7706747822652017656
"art gallery, 411011, Pune, Maharashtra, IN",Shri Rutuja Arts,Handicraft,Handicraft,Handicraft,+91 99221 13400,"Shop No 67, Rasta Peth, Pune, Maharashtra 411011",Rasta Peth,Pune,411011,18.5189798,73.8639159,5,1,"https://search.google.com/local/reviews?placeid=ChIJJ_n532fAwjsRTvSgPWAvQjI&q=art+gallery,+411011,+Pune,+Maharashtra,+IN&authuser=0&hl=en&gl=IN",0,0,0,0,1,"{""Monday"": ""Closed"", ""Tuesday"": ""11am-9pm"", ""Wednesday"": ""11am-9pm"", ""Thursday"": ""11am-9pm"", ""Friday"": ""11am-9pm"", ""Saturday"": ""11am-9pm"", ""Sunday"": ""11am-9pm""}",,OPERATIONAL,{},,1,104130438202984253048,,,,"https://www.google.com/maps/place/Shri+Rutuja+Arts/@18.5189798,73.8639159,14z/data=!4m8!1m2!2m1!1sShri+Rutuja+Arts!3m4!1s0x3bc2c067dff9f927:0x32422f603da0f44e!8m2!3d18.5189798!4d73.8639159","https://www.google.com/maps/place/Shri+Rutuja+Arts/@18.5189798,73.8639159,13.99z/data=!4m16!1m7!3m6!1s0x3bc2c067dff9f927:0x32422f603da0f44e!2sShri+Rutuja+Arts!8m2!3d18.5189798!4d73.8639159!16s%2Fg%2F11ckvg1dmb!3m7!1s0x3bc2c067dff9f927:0x32422f603da0f44e!8m2!3d18.5189798!4d73.8639159!9m1!1b1!16s%2Fg%2F11ckvg1dmb?entry=ttu",ChIJJ_n532fAwjsRTvSgPWAvQjI,0x3bc2c067dff9f927:0x32422f603da0f44e,3.62150914075662E+018,/g/11tf_4mhq8,3621509140756624462
"art gallery, 411011, Pune, Maharashtra, IN",Studio Kaleido,"Art studio, Painting studio",Art studio,Art studio,+91 94220 10418,"Flat 21, Natasha Society, 3, DP Rd, opposite DAV School Gate, Ward No. 8, Aundh, Pune, Maharashtra 411007","Ward No. 8, Aundh",Pune,411007,18.5616765,73.8036472,4.8,13,"https://search.google.com/local/reviews?placeid=ChIJ-Q5qoC-_wjsRvyEJsuhZ8-w&q=art+gallery,+411011,+Pune,+Maharashtra,+IN&authuser=0&hl=en&gl=IN",0,0,1,1,11,"{""Monday"": ""4-7pm"", ""Tuesday"": ""4-7pm"", ""Wednesday"": ""4-7pm"", ""Thursday"": ""Closed"", ""Friday"": ""4-7pm"", ""Saturday"": ""4-7pm"", ""Sunday"": ""4-6pm""}",,OPERATIONAL,"{""From the business"": {""Identifies as women-owned"": true}, ""Other"": {""Identifies as women-owned"": true}}",,1,116754806023256639400,,,,"https://www.google.com/maps/place/Studio+Kaleido/@18.5616765,73.8036472,14z/data=!4m8!1m2!2m1!1sStudio+Kaleido!3m4!1s0x3bc2bf2fa06a0ef9:0xecf359e8b20921bf!8m2!3d18.5616765!4d73.8036472","https://www.google.com/maps/place/Studio+Kaleido/@18.5616765,73.8036472,13.99z/data=!4m16!1m7!3m6!1s0x3bc2bf2fa06a0ef9:0xecf359e8b20921bf!2sStudio+Kaleido!8m2!3d18.5616765!4d73.8036472!16s%2Fg%2F11ckvg1dmb!3m7!1s0x3bc2bf2fa06a0ef9:0xecf359e8b20921bf!8m2!3d18.5616765!4d73.8036472!9m1!1b1!16s%2Fg%2F11ckvg1dmb?entry=ttu",ChIJ-Q5qoC-_wjsRvyEJsuhZ8-w,0x3bc2bf2fa06a0ef9:0xecf359e8b20921bf,1.70740894682459E+019,/g/11csb242k_,-1372654605463641665
"art gallery, 411011, Pune, Maharashtra, IN",VP Art Gallery,"T-shirt store, Corporate gift supplier, Event planner, Gift shop, Print shop, Screen printing shop",T-shirt store,T-shirt store,+91 97308 98467,"Bhoi Ali, Datta chowk, near Mundhawa, Lonkar Ali, Mundhwa, Pune, Kaman, Maharashtra 411036","Lonkar Ali, Mundhwa","Pune, Kaman",411036,18.5345536,73.9301742,5,1,"https://search.google.com/local/reviews?placeid=ChIJXxBA2pPBwjsRDDWljvxqPcw&q=art+gallery,+411011,+Pune,+Maharashtra,+IN&authuser=0&hl=en&gl=IN",0,0,0,0,1,"{""Monday"": ""Open 24 hours"", ""Tuesday"": ""Open 24 hours"", ""Wednesday"": ""Open 24 hours"", ""Thursday"": ""Open 24 hours"", ""Friday"": ""Open 24 hours"", ""Saturday"": ""Open 24 hours"", ""Sunday"": ""Open 24 hours""}",,OPERATIONAL,{},,1,115315561336506838539,,,,"https://www.google.com/maps/place/VP+Art+Gallery/@18.5345536,73.9301742,14z/data=!4m8!1m2!2m1!1sVP+Art+Gallery!3m4!1s0x3bc2c193da40105f:0xcc3d6afc8ea5350c!8m2!3d18.5345536!4d73.9301742","https://www.google.com/maps/place/VP+Art+Gallery/@18.5345536,73.9301742,13.99z/data=!4m16!1m7!3m6!1s0x3bc2c193da40105f:0xcc3d6afc8ea5350c!2sVP+Art+Gallery!8m2!3d18.5345536!4d73.9301742!16s%2Fg%2F11ckvg1dmb!3m7!1s0x3bc2c193da40105f:0xcc3d6afc8ea5350c!8m2!3d18.5345536!4d73.9301742!9m1!1b1!16s%2Fg%2F11ckvg1dmb?entry=ttu",ChIJXxBA2pPBwjsRDDWljvxqPcw,0x3bc2c193da40105f:0xcc3d6afc8ea5350c,1.47170367902741E+019,/g/11l5xpvgf_,-3729707283435408116
"art gallery, 411011, Pune, Maharashtra, IN",Sadguru Arts,Artist,Artist,Artist,+91 92262 46275,"562, Kapad Ganj, Raviwar Peth, Pune, Maharashtra 411002","Kapad Ganj, Raviwar Peth",Pune,411002,18.5144638,73.8601433,3,1,"https://search.google.com/local/reviews?placeid=ChIJqZCoN2nAwjsRByW7D--lyHs&q=art+gallery,+411011,+Pune,+Maharashtra,+IN&authuser=0&hl=en&gl=IN",0,0,1,0,0,,,CLOSED_TEMPORARILY,{},,0,,,,,"https://www.google.com/maps/place/Sadguru+Arts/@18.514463799999998,73.86014329999999,14z/data=!4m8!1m2!2m1!1sSadguru+Arts!3m4!1s0x3bc2c06937a890a9:0x7bc8a5ef0fbb2507!8m2!3d18.514463799999998!4d73.86014329999999","https://www.google.com/maps/place/Sadguru+Arts/@18.514463799999998,73.86014329999999,13.99z/data=!4m16!1m7!3m6!1s0x3bc2c06937a890a9:0x7bc8a5ef0fbb2507!2sSadguru+Arts!8m2!3d18.514463799999998!4d73.86014329999999!16s%2Fg%2F11ckvg1dmb!3m7!1s0x3bc2c06937a890a9:0x7bc8a5ef0fbb2507!8m2!3d18.514463799999998!4d73.86014329999999!9m1!1b1!16s%2Fg%2F11ckvg1dmb?entry=ttu",ChIJqZCoN2nAwjsRByW7D--lyHs,0x3bc2c06937a890a9:0x7bc8a5ef0fbb2507,8.91956150818696E+018,/g/11ggbrwz1r,8919561508186957063
"historical landmark, 412303, Pune, Maharashtra, IN",old fort,Historical landmark,Historical landmark,Historical landmark,,"874M+4G3, Ambi Khurd, Maharashtra 412204",,Ambi Khurd,412204,18.3052608,74.2837864,3.6,8,"https://search.google.com/local/reviews?placeid=ChIJDYBj5uYDwzsRyJcljuyVQLw&q=historical+landmark,+412303,+Pune,+Maharashtra,+IN&authuser=0&hl=en&gl=IN",2,0,1,1,4,,,OPERATIONAL,"{""Children"": {""Good for kids"": true}}",,0,,,,,"https://www.google.com/maps/place/old+fort/@18.3052608,74.2837864,14z/data=!4m8!1m2!2m1!1sold+fort!3m4!1s0x3bc303e6e663800d:0xbc4095ec8e2597c8!8m2!3d18.3052608!4d74.2837864","https://www.google.com/maps/place/old+fort/@18.3052608,74.2837864,13.99z/data=!4m16!1m7!3m6!1s0x3bc303e6e663800d:0xbc4095ec8e2597c8!2sold+fort!8m2!3d18.3052608!4d74.2837864!16s%2Fg%2F11ckvg1dmb!3m7!1s0x3bc303e6e663800d:0xbc4095ec8e2597c8!8m2!3d18.3052608!4d74.2837864!9m1!1b1!16s%2Fg%2F11ckvg1dmb?entry=ttu",ChIJDYBj5uYDwzsRyJcljuyVQLw,0x3bc303e6e663800d:0xbc4095ec8e2597c8,1.35650069208696E+019,/g/11pvhnsh9l,-4881737152839968824
"historical landmark, 412303, Pune, Maharashtra, IN",Shahid Smarak Pingori,Historical landmark,Historical landmark,Historical landmark,,"Pingori, Maharashtra 412303",,Pingori,412303,18.2208094,74.1251341,4.7,53,"https://search.google.com/local/reviews?placeid=ChIJLbBWWJb_wjsRKgh3sAgVafw&q=historical+landmark,+412303,+Pune,+Maharashtra,+IN&authuser=0&hl=en&gl=IN",1,0,2,7,43,"{""Monday"": ""Open 24 hours"", ""Tuesday"": ""Open 24 hours"", ""Wednesday"": ""Open 24 hours"", ""Thursday"": ""Open 24 hours"", ""Friday"": ""Open 24 hours"", ""Saturday"": ""Open 24 hours"", ""Sunday"": ""Open 24 hours""}",,OPERATIONAL,"{""Accessibility"": {""Wheelchair-accessible car park"": true, ""Wheelchair-accessible entrance"": true}, ""Children"": {""Good for kids"": true}}",,0,,,,,"https://www.google.com/maps/place/Shahid+Smarak+Pingori/@18.2208094,74.1251341,14z/data=!4m8!1m2!2m1!1sShahid+Smarak+Pingori!3m4!1s0x3bc2ff965856b02d:0xfc691508b077082a!8m2!3d18.2208094!4d74.1251341","https://www.google.com/maps/place/Shahid+Smarak+Pingori/@18.2208094,74.1251341,13.99z/data=!4m16!1m7!3m6!1s0x3bc2ff965856b02d:0xfc691508b077082a!2sShahid+Smarak+Pingori!8m2!3d18.2208094!4d74.1251341!16s%2Fg%2F11ckvg1dmb!3m7!1s0x3bc2ff965856b02d:0xfc691508b077082a!8m2!3d18.2208094!4d74.1251341!9m1!1b1!16s%2Fg%2F11ckvg1dmb?entry=ttu",ChIJLbBWWJb_wjsRKgh3sAgVafw,0x3bc2ff965856b02d:0xfc691508b077082a,1.8188091697177E+019,/g/11nyl5fzrd,-258652376532580310
"historical landmark, 412303, Pune, Maharashtra, IN",Royal patil chouk,Historical landmark,Historical landmark,Historical landmark,,"8596+3QJ, Kothale Rd, Dhalewadi, Maharashtra 412303",,Dhalewadi,412303,18.317724,74.1618941,5,1,"https://search.google.com/local/reviews?placeid=ChIJHxoyRAD9wjsRu1hszKayE9s&q=historical+landmark,+412303,+Pune,+Maharashtra,+IN&authuser=0&hl=en&gl=IN",0,0,0,0,1,,,OPERATIONAL,"{""Children"": {""Good for kids"": true}}",,0,,,,,"https://www.google.com/maps/place/Royal+patil+chouk/@18.317724,74.1618941,14z/data=!4m8!1m2!2m1!1sRoyal+patil+chouk!3m4!1s0x3bc2fd0044321a1f:0xdb13b2a6cc6c58bb!8m2!3d18.317724!4d74.1618941","https://www.google.com/maps/place/Royal+patil+chouk/@18.317724,74.1618941,13.99z/data=!4m16!1m7!3m6!1s0x3bc2fd0044321a1f:0xdb13b2a6cc6c58bb!2sRoyal+patil+chouk!8m2!3d18.317724!4d74.1618941!16s%2Fg%2F11ckvg1dmb!3m7!1s0x3bc2fd0044321a1f:0xdb13b2a6cc6c58bb!8m2!3d18.317724!4d74.1618941!9m1!1b1!16s%2Fg%2F11ckvg1dmb?entry=ttu",ChIJHxoyRAD9wjsRu1hszKayE9s,0x3bc2fd0044321a1f:0xdb13b2a6cc6c58bb,1.57861575483277E+019,/g/11wxh0zbkl,-2660586525381863237
"historical landmark, 412303, Pune, Maharashtra, IN",Narayan Peth,Historical landmark,Historical landmark,Historical landmark,,"7XQG+G82, Panvadi, Maharashtra 412301",,Panvadi,412301,18.2889057,73.9752672,4.8,4,"https://search.google.com/local/reviews?placeid=ChIJpeGo4ffxwjsRzRN2Nm6wWVk&q=historical+landmark,+412303,+Pune,+Maharashtra,+IN&authuser=0&hl=en&gl=IN",0,0,0,1,3,,,OPERATIONAL,"{""Children"": {""Good for kids"": true}}",,0,,,,,"https://www.google.com/maps/place/Narayan+Peth/@18.2889057,73.97526719999999,14z/data=!4m8!1m2!2m1!1sNarayan+Peth!3m4!1s0x3bc2f1f7e1a8e1a5:0x5959b06e367613cd!8m2!3d18.2889057!4d73.97526719999999","https://www.google.com/maps/place/Narayan+Peth/@18.2889057,73.97526719999999,13.99z/data=!4m16!1m7!3m6!1s0x3bc2f1f7e1a8e1a5:0x5959b06e367613cd!2sNarayan+Peth!8m2!3d18.2889057!4d73.97526719999999!16s%2Fg%2F11ckvg1dmb!3m7!1s0x3bc2f1f7e1a8e1a5:0x5959b06e367613cd!8m2!3d18.2889057!4d73.97526719999999!9m1!1b1!16s%2Fg%2F11ckvg1dmb?entry=ttu",ChIJpeGo4ffxwjsRzRN2Nm6wWVk,0x3bc2f1f7e1a8e1a5:0x5959b06e367613cd,6.43837112970943E+018,/g/11shjwldz_,6438371129709433805
"historical landmark, 412303, Pune, Maharashtra, IN","Shree Ram Chowk, Raut Corner.",Historical landmark,Historical landmark,Historical landmark,,"927H+283, Saswad-Dive Rd, Trishul Housing Society, Dive, Saswad, Maharashtra 412301",Trishul Housing Society,"Dive, Saswad",412301,18.362512,74.0282832,5,3,"https://search.google.com/local/reviews?placeid=ChIJUzdFbN3vwjsRLZsW6fjgAFY&q=historical+landmark,+412303,+Pune,+Maharashtra,+IN&authuser=0&hl=en&gl=IN",0,0,0,0,3,"{""Monday"": ""Open 24 hours"", ""Tuesday"": ""Open 24 hours"", ""Wednesday"": ""Open 24 hours"", ""Thursday"": ""Open 24 hours"", ""Friday"": ""Open 24 hours"", ""Saturday"": ""Open 24 hours"", ""Sunday"": ""Open 24 hours""}",,OPERATIONAL,"{""Children"": {""Good for kids"": true}}",,0,,,,,"https://www.google.com/maps/place/Shree+Ram+Chowk%2C+Raut+Corner./@18.362512,74.02828319999999,14z/data=!4m8!1m2!2m1!1sShree+Ram+Chowk%2C+Raut+Corner.!3m4!1s0x3bc2efdd6c453753:0x5600e0f8e9169b2d!8m2!3d18.362512!4d74.02828319999999","https://www.google.com/maps/place/Shree+Ram+Chowk%2C+Raut+Corner./@18.362512,74.02828319999999,13.99z/data=!4m16!1m7!3m6!1s0x3bc2efdd6c453753:0x5600e0f8e9169b2d!2sShree+Ram+Chowk%2C+Raut+Corner.!8m2!3d18.362512!4d74.02828319999999!16s%2Fg%2F11ckvg1dmb!3m7!1s0x3bc2efdd6c453753:0x5600e0f8e9169b2d!8m2!3d18.362512!4d74.02828319999999!9m1!1b1!16s%2Fg%2F11ckvg1dmb?entry=ttu",ChIJUzdFbN3vwjsRLZsW6fjgAFY,0x3bc2efdd6c453753:0x5600e0f8e9169b2d,6.19720044692889E+018,/g/11sk9f7w5t,6197200446928886573
"historical landmark, 412303, Pune, Maharashtra, IN",Purandar fort,Mountain peak,,Mountain peak,,"Gherapurandhar, Maharashtra 412205",,Gherapurandhar,412205,18.2765686,73.9695357,4.6,1436,"https://search.google.com/local/reviews?placeid=ChIJH_gaNEvwwjsRbREBFkGRVv0&q=historical+landmark,+412303,+Pune,+Maharashtra,+IN&authuser=0&hl=en&gl=IN",30,11,72,254,1069,,,OPERATIONAL,{},,,,,,,"https://www.google.com/maps/place/Purandar+fort/@18.2765686,73.9695357,14z/data=!4m8!1m2!2m1!1sPurandar+fort!3m4!1s0x3bc2f04b341af81f:0xfd5691411601116d!8m2!3d18.2765686!4d73.9695357","https://www.google.com/maps/place/Purandar+fort/@18.2765686,73.9695357,13.99z/data=!4m16!1m7!3m6!1s0x3bc2f04b341af81f:0xfd5691411601116d!2sPurandar+fort!8m2!3d18.2765686!4d73.9695357!16s%2Fg%2F11ckvg1dmb!3m7!1s0x3bc2f04b341af81f:0xfd5691411601116d!8m2!3d18.2765686!4d73.9695357!9m1!1b1!16s%2Fg%2F11ckvg1dmb?entry=ttu",ChIJH_gaNEvwwjsRbREBFkGRVv0,0x3bc2f04b341af81f:0xfd5691411601116d,1.8254937848321E+019,/g/1q67dhyw6,-191806225388596883
"historical landmark, 412303, Pune, Maharashtra, IN",Chatrapati Shivaji Maharaj Statue,Historical landmark,Historical landmark,Historical landmark,,"82WH+VFQ, Hadapsar - Saswad - Jejuri Rd, Swarna Nagari, Saswad, Maharashtra 412301",Swarna Nagari,Saswad,412301,18.3472123,74.0287431,4.9,26,"https://search.google.com/local/reviews?placeid=ChIJ7wUMFiXvwjsRybRTpFR8odQ&q=historical+landmark,+412303,+Pune,+Maharashtra,+IN&authuser=0&hl=en&gl=IN",0,0,0,2,24,"{""Monday"": ""Open 24 hours"", ""Tuesday"": ""Open 24 hours"", ""Wednesday"": ""Open 24 hours"", ""Thursday"": ""Open 24 hours"", ""Friday"": ""Open 24 hours"", ""Saturday"": ""Open 24 hours"", ""Sunday"": ""Open 24 hours""}",,OPERATIONAL,"{""Children"": {""Good for kids"": true}}",,0,,,,,"https://www.google.com/maps/place/Chatrapati+Shivaji+Maharaj+Statue/@18.3472123,74.0287431,14z/data=!4m8!1m2!2m1!1sChatrapati+Shivaji+Maharaj+Statue!3m4!1s0x3bc2ef25160c05ef:0xd4a17c54a453b4c9!8m2!3d18.3472123!4d74.0287431","https://www.google.com/maps/place/Chatrapati+Shivaji+Maharaj+Statue/@18.3472123,74.0287431,13.99z/data=!4m16!1m7!3m6!1s0x3bc2ef25160c05ef:0xd4a17c54a453b4c9!2sChatrapati+Shivaji+Maharaj+Statue!8m2!3d18.3472123!4d74.0287431!16s%2Fg%2F11ckvg1dmb!3m7!1s0x3bc2ef25160c05ef:0xd4a17c54a453b4c9!8m2!3d18.3472123!4d74.0287431!9m1!1b1!16s%2Fg%2F11ckvg1dmb?entry=ttu",ChIJ7wUMFiXvwjsRybRTpFR8odQ,0x3bc2ef25160c05ef:0xd4a17c54a453b4c9,1.53216641102672E+019,/g/11h7fn1207,-3125079963442367287
"historical landmark, 412303, Pune, Maharashtra, IN",बोर टाकी,Historical landmark,ऐतिहासिक स्थळ,Historical landmark,,"7XJF+4CX, Purandar Rd, Gherapurandhar, Maharashtra 412205",,Gherapurandhar,412205,18.2803594,73.9736134,5,3,"https://search.google.com/local/reviews?placeid=ChIJ59p73bvxwjsRJdGZC2bbSmA&q=historical+landmark,+412303,+Pune,+Maharashtra,+IN&authuser=0&hl=en&gl=IN",0,0,0,0,3,"{""Monday"": ""Open 24 hours"", ""Tuesday"": ""Open 24 hours"", ""Wednesday"": ""Open 24 hours"", ""Thursday"": ""Open 24 hours"", ""Friday"": ""Open 24 hours"", ""Saturday"": ""Open 24 hours"", ""Sunday"": ""Open 24 hours""}",,OPERATIONAL,"{""Children"": {""Good for kids"": true}}",,0,,,,,"https://www.google.com/maps/place/%E0%A4%AC%E0%A5%8B%E0%A4%B0+%E0%A4%9F%E0%A4%BE%E0%A4%95%E0%A5%80/@18.2803594,73.97361339999999,14z/data=!4m8!1m2!2m1!1s%E0%A4%AC%E0%A5%8B%E0%A4%B0+%E0%A4%9F%E0%A4%BE%E0%A4%95%E0%A5%80!3m4!1s0x3bc2f1bbdd7bdae7:0x604adb660b99d125!8m2!3d18.2803594!4d73.97361339999999","https://www.google.com/maps/place/%E0%A4%AC%E0%A5%8B%E0%A4%B0+%E0%A4%9F%E0%A4%BE%E0%A4%95%E0%A5%80/@18.2803594,73.97361339999999,13.99z/data=!4m16!1m7!3m6!1s0x3bc2f1bbdd7bdae7:0x604adb660b99d125!2s%E0%A4%AC%E0%A5%8B%E0%A4%B0+%E0%A4%9F%E0%A4%BE%E0%A4%95%E0%A5%80!8m2!3d18.2803594!4d73.97361339999999!16s%2Fg%2F11ckvg1dmb!3m7!1s0x3bc2f1bbdd7bdae7:0x604adb660b99d125!8m2!3d18.2803594!4d73.97361339999999!9m1!1b1!16s%2Fg%2F11ckvg1dmb?entry=ttu",ChIJ59p73bvxwjsRJdGZC2bbSmA,0x3bc2f1bbdd7bdae7:0x604adb660b99d125,6.93859940724545E+018,/g/11rst38570,6938599407245447461
"historical landmark, 412303, Pune, Maharashtra, IN",Saabgir khind,Historical landmark,Historical landmark,Historical landmark,,"7XG8+RH2, Unnamed Road, Gherapurandhar, Maharashtra 412205",,Gherapurandhar,412205,18.2770017,73.9663754,5,1,"https://search.google.com/local/reviews?placeid=ChIJGSPppL7xwjsR2hmD2i6fuTk&q=historical+landmark,+412303,+Pune,+Maharashtra,+IN&authuser=0&hl=en&gl=IN",0,0,0,0,1,,,OPERATIONAL,"{""Children"": {""Good for kids"": true}}",,0,,,,,"https://www.google.com/maps/place/Saabgir+khind/@18.2770017,73.96637539999999,14z/data=!4m8!1m2!2m1!1sSaabgir+khind!3m4!1s0x3bc2f1bea4e92319:0x39b99f2eda8319da!8m2!3d18.2770017!4d73.96637539999999","https://www.google.com/maps/place/Saabgir+khind/@18.2770017,73.96637539999999,13.99z/data=!4m16!1m7!3m6!1s0x3bc2f1bea4e92319:0x39b99f2eda8319da!2sSaabgir+khind!8m2!3d18.2770017!4d73.96637539999999!16s%2Fg%2F11ckvg1dmb!3m7!1s0x3bc2f1bea4e92319:0x39b99f2eda8319da!8m2!3d18.2770017!4d73.96637539999999!9m1!1b1!16s%2Fg%2F11ckvg1dmb?entry=ttu",ChIJGSPppL7xwjsR2hmD2i6fuTk,0x3bc2f1bea4e92319:0x39b99f2eda8319da,4.1595307544367E+018,/g/11q973t623,4159530754436700634
"historical landmark, 412303, Pune, Maharashtra, IN",Kodit Gaon Phata कोडीत गाव फाटा,Historical landmark,Historical landmark,Historical landmark,,"9235+MCP, behind Mariaai Temple, Kodit Kh., Saswad, Maharashtra 412301",,"Kodit Kh., Saswad",412301,18.35422,74.0086256,4.7,12,"https://search.google.com/local/reviews?placeid=ChIJmczl2g7vwjsRrUf09goDRJ8&q=historical+landmark,+412303,+Pune,+Maharashtra,+IN&authuser=0&hl=en&gl=IN",0,0,1,2,9,,,OPERATIONAL,"{""Children"": {""Good for kids"": true}}",,0,,,,,"https://www.google.com/maps/place/Kodit+Gaon+Phata+%E0%A4%95%E0%A5%8B%E0%A4%A1%E0%A5%80%E0%A4%A4+%E0%A4%97%E0%A4%BE%E0%A4%B5+%E0%A4%AB%E0%A4%BE%E0%A4%9F%E0%A4%BE/@18.354219999999998,74.0086256,14z/data=!4m8!1m2!2m1!1sKodit+Gaon+Phata+%E0%A4%95%E0%A5%8B%E0%A4%A1%E0%A5%80%E0%A4%A4+%E0%A4%97%E0%A4%BE%E0%A4%B5+%E0%A4%AB%E0%A4%BE%E0%A4%9F%E0%A4%BE!3m4!1s0x3bc2ef0edae5cc99:0x9f44030af6f447ad!8m2!3d18.354219999999998!4d74.0086256","https://www.google.com/maps/place/Kodit+Gaon+Phata+%E0%A4%95%E0%A5%8B%E0%A4%A1%E0%A5%80%E0%A4%A4+%E0%A4%97%E0%A4%BE%E0%A4%B5+%E0%A4%AB%E0%A4%BE%E0%A4%9F%E0%A4%BE/@18.354219999999998,74.0086256,13.99z/data=!4m16!1m7!3m6!1s0x3bc2ef0edae5cc99:0x9f44030af6f447ad!2sKodit+Gaon+Phata+%E0%A4%95%E0%A5%8B%E0%A4%A1%E0%A5%80%E0%A4%A4+%E0%A4%97%E0%A4%BE%E0%A4%B5+%E0%A4%AB%E0%A4%BE%E0%A4%9F%E0%A4%BE!8m2!3d18.354219999999998!4d74.0086256!16s%2Fg%2F11ckvg1dmb!3m7!1s0x3bc2ef0edae5cc99:0x9f44030af6f447ad!8m2!3d18.354219999999998!4d74.0086256!9m1!1b1!16s%2Fg%2F11ckvg1dmb?entry=ttu",ChIJmczl2g7vwjsRrUf09goDRJ8,0x3bc2ef0edae5cc99:0x9f44030af6f447ad,1.14763010960746E+019,/g/11tcyd3ngs,-6970442977634924627
"historical landmark, 412303, Pune, Maharashtra, IN","राजे उमाजी नाईक यांचे जन्मस्थळ,स्मारक,खोमणे वस्ती,वज्रगड पायथा.Raje Umaji Naik Birthplace Point Vajragad Base",Historical landmark,ऐतिहासिक स्थळ,Historical landmark,,"7XRR+Q72, Narayanpur, Panvadi, Maharashtra 412301",,"Narayanpur, Panvadi",412301,18.2918998,73.990637,3.5,6,"https://search.google.com/local/reviews?placeid=ChIJgZHlVADxwjsR0ydD8wp14cc&q=historical+landmark,+412303,+Pune,+Maharashtra,+IN&authuser=0&hl=en&gl=IN",1,1,0,2,2,"{""Monday"": ""Open 24 hours"", ""Tuesday"": ""Open 24 hours"", ""Wednesday"": ""Open 24 hours"", ""Thursday"": ""Open 24 hours"", ""Friday"": ""Open 24 hours"", ""Saturday"": ""Open 24 hours"", ""Sunday"": ""Open 24 hours""}",,OPERATIONAL,"{""Children"": {""Good for kids"": true}}",,0,,,,,"https://www.google.com/maps/place/%E0%A4%B0%E0%A4%BE%E0%A4%9C%E0%A5%87+%E0%A4%89%E0%A4%AE%E0%A4%BE%E0%A4%9C%E0%A5%80+%E0%A4%A8%E0%A4%BE%E0%A4%88%E0%A4%95+%E0%A4%AF%E0%A4%BE%E0%A4%82%E0%A4%9A%E0%A5%87+%E0%A4%9C%E0%A4%A8%E0%A5%8D%E0%A4%AE%E0%A4%B8%E0%A5%8D%E0%A4%A5%E0%A4%B3%2C%E0%A4%B8%E0%A5%8D%E0%A4%AE%E0%A4%BE%E0%A4%B0%E0%A4%95%2C%E0%A4%96%E0%A5%8B%E0%A4%AE%E0%A4%A3%E0%A5%87+%E0%A4%B5%E0%A4%B8%E0%A5%8D%E0%A4%A4%E0%A5%80%2C%E0%A4%B5%E0%A4%9C%E0%A5%8D%E0%A4%B0%E0%A4%97%E0%A4%A1+%E0%A4%AA%E0%A4%BE%E0%A4%AF%E0%A4%A5%E0%A4%BE.Raje+Umaji+Naik+Birthplace+Point+Vajragad+Base/@18.2918998,73.99063699999999,14z/data=!4m8!1m2!2m1!1s%E0%A4%B0%E0%A4%BE%E0%A4%9C%E0%A5%87+%E0%A4%89%E0%A4%AE%E0%A4%BE%E0%A4%9C%E0%A5%80+%E0%A4%A8%E0%A4%BE%E0%A4%88%E0%A4%95+%E0%A4%AF%E0%A4%BE%E0%A4%82%E0%A4%9A%E0%A5%87+%E0%A4%9C%E0%A4%A8%E0%A5%8D%E0%A4%AE%E0%A4%B8%E0%A5%8D%E0%A4%A5%E0%A4%B3%2C%E0%A4%B8%E0%A5%8D%E0%A4%AE%E0%A4%BE%E0%A4%B0%E0%A4%95%2C%E0%A4%96%E0%A5%8B%E0%A4%AE%E0%A4%A3%E0%A5%87+%E0%A4%B5%E0%A4%B8%E0%A5%8D%E0%A4%A4%E0%A5%80%2C%E0%A4%B5%E0%A4%9C%E0%A5%8D%E0%A4%B0%E0%A4%97%E0%A4%A1+%E0%A4%AA%E0%A4%BE%E0%A4%AF%E0%A4%A5%E0%A4%BE.Raje+Umaji+Naik+Birthplace+Point+Vajragad+Base!3m4!1s0x3bc2f10054e59181:0xc7e1750af34327d3!8m2!3d18.2918998!4d73.99063699999999","https://www.google.com/maps/place/%E0%A4%B0%E0%A4%BE%E0%A4%9C%E0%A5%87+%E0%A4%89%E0%A4%AE%E0%A4%BE%E0%A4%9C%E0%A5%80+%E0%A4%A8%E0%A4%BE%E0%A4%88%E0%A4%95+%E0%A4%AF%E0%A4%BE%E0%A4%82%E0%A4%9A%E0%A5%87+%E0%A4%9C%E0%A4%A8%E0%A5%8D%E0%A4%AE%E0%A4%B8%E0%A5%8D%E0%A4%A5%E0%A4%B3%2C%E0%A4%B8%E0%A5%8D%E0%A4%AE%E0%A4%BE%E0%A4%B0%E0%A4%95%2C%E0%A4%96%E0%A5%8B%E0%A4%AE%E0%A4%A3%E0%A5%87+%E0%A4%B5%E0%A4%B8%E0%A5%8D%E0%A4%A4%E0%A5%80%2C%E0%A4%B5%E0%A4%9C%E0%A5%8D%E0%A4%B0%E0%A4%97%E0%A4%A1+%E0%A4%AA%E0%A4%BE%E0%A4%AF%E0%A4%A5%E0%A4%BE.Raje+Umaji+Naik+Birthplace+Point+Vajragad+Base/@18.2918998,73.99063699999999,13.99z/data=!4m16!1m7!3m6!1s0x3bc2f10054e59181:0xc7e1750af34327d3!2s%E0%A4%B0%E0%A4%BE%E0%A4%9C%E0%A5%87+%E0%A4%89%E0%A4%AE%E0%A4%BE%E0%A4%9C%E0%A5%80+%E0%A4%A8%E0%A4%BE%E0%A4%88%E0%A4%95+%E0%A4%AF%E0%A4%BE%E0%A4%82%E0%A4%9A%E0%A5%87+%E0%A4%9C%E0%A4%A8%E0%A5%8D%E0%A4%AE%E0%A4%B8%E0%A5%8D%E0%A4%A5%E0%A4%B3%2C%E0%A4%B8%E0%A5%8D%E0%A4%AE%E0%A4%BE%E0%A4%B0%E0%A4%95%2C%E0%A4%96%E0%A5%8B%E0%A4%AE%E0%A4%A3%E0%A5%87+%E0%A4%B5%E0%A4%B8%E0%A5%8D%E0%A4%A4%E0%A5%80%2C%E0%A4%B5%E0%A4%9C%E0%A5%8D%E0%A4%B0%E0%A4%97%E0%A4%A1+%E0%A4%AA%E0%A4%BE%E0%A4%AF%E0%A4%A5%E0%A4%BE.Raje+Umaji+Naik+Birthplace+Point+Vajragad+Base!8m2!3d18.2918998!4d73.99063699999999!16s%2Fg%2F11ckvg1dmb!3m7!1s0x3bc2f10054e59181:0xc7e1750af34327d3!8m2!3d18.2918998!4d73.99063699999999!9m1!1b1!16s%2Fg%2F11ckvg1dmb?entry=ttu",ChIJgZHlVADxwjsR0ydD8wp14cc,0x3bc2f10054e59181:0xc7e1750af34327d3,1.44029217731989E+019,/g/11lc_yw5zg,-4043822300510607405
"historical landmark, 412303, Pune, Maharashtra, IN",Clock Tower Garden,Historical landmark,Historical landmark,Historical landmark,,"GVCR+R97, Road, Ghorpuri Lines, Phulenagar, Pune Cantonment, Akluj, Pune, Maharashtra 411001","Ghorpuri Lines, Phulenagar, Pune Cantonment","Akluj, Pune",411001,18.5220333,73.8909249,4.3,7,"https://search.google.com/local/reviews?placeid=ChIJF7DxJqfBwjsRVhS_dTJsGEc&q=historical+landmark,+412303,+Pune,+Maharashtra,+IN&authuser=0&hl=en&gl=IN",0,0,0,5,2,"{""Monday"": ""11:30am-3:30pm"", ""Tuesday"": ""11:30am-3:30pm"", ""Wednesday"": ""11:30am-3:30pm"", ""Thursday"": ""11:30am-3:30pm"", ""Friday"": ""11:30am-3:30pm"", ""Saturday"": ""11:30am-3:30pm"", ""Sunday"": ""11:30am-3:30pm""}",,OPERATIONAL,"{""Children"": {""Good for kids"": true}}",,0,,,,,"https://www.google.com/maps/place/Clock+Tower+Garden/@18.5220333,73.8909249,14z/data=!4m8!1m2!2m1!1sClock+Tower+Garden!3m4!1s0x3bc2c1a726f1b017:0x47186c3275bf1456!8m2!3d18.5220333!4d73.8909249","https://www.google.com/maps/place/Clock+Tower+Garden/@18.5220333,73.8909249,13.99z/data=!4m16!1m7!3m6!1s0x3bc2c1a726f1b017:0x47186c3275bf1456!2sClock+Tower+Garden!8m2!3d18.5220333!4d73.8909249!16s%2Fg%2F11ckvg1dmb!3m7!1s0x3bc2c1a726f1b017:0x47186c3275bf1456!8m2!3d18.5220333!4d73.8909249!9m1!1b1!16s%2Fg%2F11ckvg1dmb?entry=ttu",ChIJF7DxJqfBwjsRVhS_dTJsGEc,0x3bc2c1a726f1b017:0x47186c3275bf1456,5.12296354011356E+018,/g/11p06p31tk,5122963540113560662
"historical landmark, 412303, Pune, Maharashtra, IN",New Kodit Naka नवीन कोडीत नाका,Historical landmark,Historical landmark,Historical landmark,,"82WG+HJR, Mhalasakant Colony, Pune, Saswad, Maharashtra 412301",Mhalasakant Colony,"Pune, Saswad",412301,18.3465909,74.0266698,1,1,"https://search.google.com/local/reviews?placeid=ChIJ1as4MhvvwjsRI_A_qCGU3mc&q=historical+landmark,+412303,+Pune,+Maharashtra,+IN&authuser=0&hl=en&gl=IN",1,0,0,0,0,,,OPERATIONAL,"{""Children"": {""Good for kids"": true}}",,0,,,,,"https://www.google.com/maps/place/New+Kodit+Naka+%E0%A4%A8%E0%A4%B5%E0%A5%80%E0%A4%A8+%E0%A4%95%E0%A5%8B%E0%A4%A1%E0%A5%80%E0%A4%A4+%E0%A4%A8%E0%A4%BE%E0%A4%95%E0%A4%BE/@18.3465909,74.0266698,14z/data=!4m8!1m2!2m1!1sNew+Kodit+Naka+%E0%A4%A8%E0%A4%B5%E0%A5%80%E0%A4%A8+%E0%A4%95%E0%A5%8B%E0%A4%A1%E0%A5%80%E0%A4%A4+%E0%A4%A8%E0%A4%BE%E0%A4%95%E0%A4%BE!3m4!1s0x3bc2ef1b3238abd5:0x67de9421a83ff023!8m2!3d18.3465909!4d74.0266698","https://www.google.com/maps/place/New+Kodit+Naka+%E0%A4%A8%E0%A4%B5%E0%A5%80%E0%A4%A8+%E0%A4%95%E0%A5%8B%E0%A4%A1%E0%A5%80%E0%A4%A4+%E0%A4%A8%E0%A4%BE%E0%A4%95%E0%A4%BE/@18.3465909,74.0266698,13.99z/data=!4m16!1m7!3m6!1s0x3bc2ef1b3238abd5:0x67de9421a83ff023!2sNew+Kodit+Naka+%E0%A4%A8%E0%A4%B5%E0%A5%80%E0%A4%A8+%E0%A4%95%E0%A5%8B%E0%A4%A1%E0%A5%80%E0%A4%A4+%E0%A4%A8%E0%A4%BE%E0%A4%95%E0%A4%BE!8m2!3d18.3465909!4d74.0266698!16s%2Fg%2F11ckvg1dmb!3m7!1s0x3bc2ef1b3238abd5:0x67de9421a83ff023!8m2!3d18.3465909!4d74.0266698!9m1!1b1!16s%2Fg%2F11ckvg1dmb?entry=ttu",ChIJ1as4MhvvwjsRI_A_qCGU3mc,0x3bc2ef1b3238abd5:0x67de9421a83ff023,7.48458250301394E+018,/g/11tfg172sp,7484582503013937187
"historical landmark, 412303, Pune, Maharashtra, IN",Sinhagad Fort,"Historical landmark, Castle, Fortress, Tourist attraction",attractions,Historical landmark,,"Sinhagad Ghat Rd, Thoptewadi, Maharashtra 411025",,Thoptewadi,411025,18.366277,73.7558777,4.6,63403,"https://search.google.com/local/reviews?placeid=ChIJ2RgRhuaTwjsRC-nUx4nVtMs&q=historical+landmark,+412303,+Pune,+Maharashtra,+IN&authuser=0&hl=en&gl=IN",914,547,2709,12783,46450,"{""Monday"": ""6am-6pm"", ""Tuesday"": ""6am-6pm"", ""Wednesday"": ""6am-6pm"", ""Thursday"": ""6am-6pm"", ""Friday"": ""6am-6pm"", ""Saturday"": ""6am-6pm"", ""Sunday"": ""6am-6pm""}",,OPERATIONAL,"{""Service options"": {""On-site services"": true}, ""Accessibility"": {""Wheelchair-accessible entrance"": false}, ""Children"": {""Good for kids"": true}, ""Parking"": {""Free parking lot"": true, ""Paid parking lot"": true}}","Historic hilltop fort with a memorial for 17th-century emperors, plus a temple to the goddess Kali.",0,,,,,"https://www.google.com/maps/place/Sinhagad+Fort/@18.366277,73.7558777,14z/data=!4m8!1m2!2m1!1sSinhagad+Fort!3m4!1s0x3bc293e6861118d9:0xcbb4d589c7d4e90b!8m2!3d18.366277!4d73.7558777","https://www.google.com/maps/place/Sinhagad+Fort/@18.366277,73.7558777,13.99z/data=!4m16!1m7!3m6!1s0x3bc293e6861118d9:0xcbb4d589c7d4e90b!2sSinhagad+Fort!8m2!3d18.366277!4d73.7558777!16s%2Fg%2F11ckvg1dmb!3m7!1s0x3bc293e6861118d9:0xcbb4d589c7d4e90b!8m2!3d18.366277!4d73.7558777!9m1!1b1!16s%2Fg%2F11ckvg1dmb?entry=ttu",ChIJ2RgRhuaTwjsRC-nUx4nVtMs,0x3bc293e6861118d9:0xcbb4d589c7d4e90b,1.46785918732471E+019,/m/05kkyd,-3768152200462407413
"historical landmark, 412303, Pune, Maharashtra, IN",Rajal Lake राजाळ तलाव,Historical landmark,Historical landmark,Historical landmark,,"7XJM+CM3, Gherapurandhar, Maharashtra 412301",,Gherapurandhar,412301,18.2816446,73.983319,4,3,"https://search.google.com/local/reviews?placeid=ChIJufGmAVPxwjsRXHYBOQPpHoA&q=historical+landmark,+412303,+Pune,+Maharashtra,+IN&authuser=0&hl=en&gl=IN",0,0,1,1,1,"{""Monday"": ""Open 24 hours"", ""Tuesday"": ""Open 24 hours"", ""Wednesday"": ""Open 24 hours"", ""Thursday"": ""Open 24 hours"", ""Friday"": ""Open 24 hours"", ""Saturday"": ""Open 24 hours"", ""Sunday"": ""Open 24 hours""}",,OPERATIONAL,{},,0,,,,,"https://www.google.com/maps/place/Rajal+Lake+%E0%A4%B0%E0%A4%BE%E0%A4%9C%E0%A4%BE%E0%A4%B3+%E0%A4%A4%E0%A4%B2%E0%A4%BE%E0%A4%B5/@18.2816446,73.983319,14z/data=!4m8!1m2!2m1!1sRajal+Lake+%E0%A4%B0%E0%A4%BE%E0%A4%9C%E0%A4%BE%E0%A4%B3+%E0%A4%A4%E0%A4%B2%E0%A4%BE%E0%A4%B5!3m4!1s0x3bc2f15301a6f1b9:0x801ee9033901765c!8m2!3d18.2816446!4d73.983319","https://www.google.com/maps/place/Rajal+Lake+%E0%A4%B0%E0%A4%BE%E0%A4%9C%E0%A4%BE%E0%A4%B3+%E0%A4%A4%E0%A4%B2%E0%A4%BE%E0%A4%B5/@18.2816446,73.983319,13.99z/data=!4m16!1m7!3m6!1s0x3bc2f15301a6f1b9:0x801ee9033901765c!2sRajal+Lake+%E0%A4%B0%E0%A4%BE%E0%A4%9C%E0%A4%BE%E0%A4%B3+%E0%A4%A4%E0%A4%B2%E0%A4%BE%E0%A4%B5!8m2!3d18.2816446!4d73.983319!16s%2Fg%2F11ckvg1dmb!3m7!1s0x3bc2f15301a6f1b9:0x801ee9033901765c!8m2!3d18.2816446!4d73.983319!9m1!1b1!16s%2Fg%2F11ckvg1dmb?entry=ttu",ChIJufGmAVPxwjsRXHYBOQPpHoA,0x3bc2f15301a6f1b9:0x801ee9033901765c,9.23207248620667E+018,/g/11rst36hwh,-9214671587502885284
"historical landmark, 412303, Pune, Maharashtra, IN",Punyashlok Ahilyadevi Holkar Statue Jejuri,Historical landmark,Historical landmark,Historical landmark,,"Malhargad Rd, Jejuri, Maharashtra 412303",,Jejuri,412303,18.2732028,74.159869,4.9,9,"https://search.google.com/local/reviews?placeid=ChIJe6-MvD39wjsRhWLuKWDMk_c&q=historical+landmark,+412303,+Pune,+Maharashtra,+IN&authuser=0&hl=en&gl=IN",0,0,0,1,8,"{""Monday"": ""9am-5pm"", ""Tuesday"": ""9am-5pm"", ""Wednesday"": ""9am-5pm"", ""Thursday"": ""9am-5pm"", ""Friday"": ""9am-5pm"", ""Saturday"": ""9am-5pm"", ""Sunday"": ""9am-5pm""}",,OPERATIONAL,"{""Children"": {""Good for kids"": true}}",,1,107559988117632719765,,,,"https://www.google.com/maps/place/Punyashlok+Ahilyadevi+Holkar+Statue+Jejuri/@18.2732028,74.159869,14z/data=!4m8!1m2!2m1!1sPunyashlok+Ahilyadevi+Holkar+Statue+Jejuri!3m4!1s0x3bc2fd3dbc8caf7b:0xf793cc6029ee6285!8m2!3d18.2732028!4d74.159869","https://www.google.com/maps/place/Punyashlok+Ahilyadevi+Holkar+Statue+Jejuri/@18.2732028,74.159869,13.99z/data=!4m16!1m7!3m6!1s0x3bc2fd3dbc8caf7b:0xf793cc6029ee6285!2sPunyashlok+Ahilyadevi+Holkar+Statue+Jejuri!8m2!3d18.2732028!4d74.159869!16s%2Fg%2F11ckvg1dmb!3m7!1s0x3bc2fd3dbc8caf7b:0xf793cc6029ee6285!8m2!3d18.2732028!4d74.159869!9m1!1b1!16s%2Fg%2F11ckvg1dmb?entry=ttu",ChIJe6-MvD39wjsRhWLuKWDMk_c,0x3bc2fd3dbc8caf7b:0xf793cc6029ee6285,1.78398272623371E+019,/g/11mb_ccc3g,-606916811372469627
"historical landmark, 412303, Pune, Maharashtra, IN",Zedplus Chowk,Historical landmark,Historical landmark,Historical landmark,,"F4PR+V6H Z Plus Hospital, Uruli Kanchan, Maharashtra 412202",,Uruli Kanchan,412202,18.4871893,74.140608,5,6,"https://search.google.com/local/reviews?placeid=ChIJxWKZbgDhwjsRkBD-ZSkplxw&q=historical+landmark,+412303,+Pune,+Maharashtra,+IN&authuser=0&hl=en&gl=IN",0,0,0,0,6,,,OPERATIONAL,"{""Children"": {""Good for kids"": true}}",,0,,,,,"https://www.google.com/maps/place/Zedplus+Chowk/@18.4871893,74.140608,14z/data=!4m8!1m2!2m1!1sZedplus+Chowk!3m4!1s0x3bc2e1006e9962c5:0x1c97292965fe1090!8m2!3d18.4871893!4d74.140608","https://www.google.com/maps/place/Zedplus+Chowk/@18.4871893,74.140608,13.99z/data=!4m16!1m7!3m6!1s0x3bc2e1006e9962c5:0x1c97292965fe1090!2sZedplus+Chowk!8m2!3d18.4871893!4d74.140608!16s%2Fg%2F11ckvg1dmb!3m7!1s0x3bc2e1006e9962c5:0x1c97292965fe1090!8m2!3d18.4871893!4d74.140608!9m1!1b1!16s%2Fg%2F11ckvg1dmb?entry=ttu",ChIJxWKZbgDhwjsRkBD-ZSkplxw,0x3bc2e1006e9962c5:0x1c97292965fe1090,2.06016061232684E+018,/g/11w2h3zgw7,2060160612326838416
"historical landmark, 412303, Pune, Maharashtra, IN",Sat Ranjan,Historical landmark,Historical landmark,Historical landmark,+91 76205 75299,"55VC+VQ8, Walhe, Maharashtra 412305",,Walhe,412305,18.1946643,74.171957,4.7,12,"https://search.google.com/local/reviews?placeid=ChIJVZ7cEVb-wjsRNeWcUEo_7aM&q=historical+landmark,+412303,+Pune,+Maharashtra,+IN&authuser=0&hl=en&gl=IN",0,0,1,2,9,"{""Monday"": ""Open 24 hours"", ""Tuesday"": ""Open 24 hours"", ""Wednesday"": ""Open 24 hours"", ""Thursday"": ""Open 24 hours"", ""Friday"": ""Open 24 hours"", ""Saturday"": ""Open 24 hours"", ""Sunday"": ""Open 24 hours""}",,OPERATIONAL,"{""Children"": {""Good for kids"": true}}",,0,,,,,"https://www.google.com/maps/place/Sat+Ranjan/@18.1946643,74.17195699999999,14z/data=!4m8!1m2!2m1!1sSat+Ranjan!3m4!1s0x3bc2fe5611dc9e55:0xa3ed3f4a509ce535!8m2!3d18.1946643!4d74.17195699999999","https://www.google.com/maps/place/Sat+Ranjan/@18.1946643,74.17195699999999,13.99z/data=!4m16!1m7!3m6!1s0x3bc2fe5611dc9e55:0xa3ed3f4a509ce535!2sSat+Ranjan!8m2!3d18.1946643!4d74.17195699999999!16s%2Fg%2F11ckvg1dmb!3m7!1s0x3bc2fe5611dc9e55:0xa3ed3f4a509ce535!8m2!3d18.1946643!4d74.17195699999999!9m1!1b1!16s%2Fg%2F11ckvg1dmb?entry=ttu",ChIJVZ7cEVb-wjsRNeWcUEo_7aM,0x3bc2fe5611dc9e55:0xa3ed3f4a509ce535,1.18121669860753E+019,/g/11dxkgcvq4,-6634577087634283211
"historical landmark, 412303, Pune, Maharashtra, IN",Shendrya buruj,Historical landmark,Historical landmark,Historical landmark,,"7XJF+8FJ, Purandar Rd, Gherapurandhar, Maharashtra 412205",,Gherapurandhar,412205,18.280837,73.9736422,5,3,"https://search.google.com/local/reviews?placeid=ChIJVcml-aLxwjsROWi8SdtGieg&q=historical+landmark,+412303,+Pune,+Maharashtra,+IN&authuser=0&hl=en&gl=IN",0,0,0,0,3,,,OPERATIONAL,"{""Children"": {""Good for kids"": true}}",,0,,,,,"https://www.google.com/maps/place/Shendrya+buruj/@18.280837,73.9736422,14z/data=!4m8!1m2!2m1!1sShendrya+buruj!3m4!1s0x3bc2f1a2f9a5c955:0xe88946db49bc6839!8m2!3d18.280837!4d73.9736422","https://www.google.com/maps/place/Shendrya+buruj/@18.280837,73.9736422,13.99z/data=!4m16!1m7!3m6!1s0x3bc2f1a2f9a5c955:0xe88946db49bc6839!2sShendrya+buruj!8m2!3d18.280837!4d73.9736422!16s%2Fg%2F11ckvg1dmb!3m7!1s0x3bc2f1a2f9a5c955:0xe88946db49bc6839!8m2!3d18.280837!4d73.9736422!9m1!1b1!16s%2Fg%2F11ckvg1dmb?entry=ttu",ChIJVcml-aLxwjsROWi8SdtGieg,0x3bc2f1a2f9a5c955:0xe88946db49bc6839,1.67560017962575E+019,/g/11rst3f4l3,-1690742277452044231
"historical landmark, 412303, Pune, Maharashtra, IN",Modhave Fort,Historical landmark,Historical landmark,Historical landmark,,"675H+X3J, Modhave, Maharashtra 412304",,Modhave,412304,18.2099599,74.2776294,5,3,"https://search.google.com/local/reviews?placeid=ChIJTbMBwI0BwzsR_YLfvSIT8p4&q=historical+landmark,+412303,+Pune,+Maharashtra,+IN&authuser=0&hl=en&gl=IN",0,0,0,0,3,,,OPERATIONAL,"{""Children"": {""Good for kids"": true}}",,0,,,,,"https://www.google.com/maps/place/Modhave+Fort/@18.209959899999998,74.2776294,14z/data=!4m8!1m2!2m1!1sModhave+Fort!3m4!1s0x3bc3018dc001b34d:0x9ef21322bddf82fd!8m2!3d18.209959899999998!4d74.2776294","https://www.google.com/maps/place/Modhave+Fort/@18.209959899999998,74.2776294,13.99z/data=!4m16!1m7!3m6!1s0x3bc3018dc001b34d:0x9ef21322bddf82fd!2sModhave+Fort!8m2!3d18.209959899999998!4d74.2776294!16s%2Fg%2F11ckvg1dmb!3m7!1s0x3bc3018dc001b34d:0x9ef21322bddf82fd!8m2!3d18.209959899999998!4d74.2776294!9m1!1b1!16s%2Fg%2F11ckvg1dmb?entry=ttu",ChIJTbMBwI0BwzsR_YLfvSIT8p4,0x3bc3018dc001b34d:0x9ef21322bddf82fd,1.1453237842292E+019,/g/11h18wy10n,-6993506231417601283
"historical landmark, 412303, Pune, Maharashtra, IN",शिवकालीन बारव Shivkalin Barav,Historical landmark,Historical landmark,Historical landmark,,"Jejuri Sakurde, road, Purandhar, Maharashtra 412303",,Purandhar,412303,18.2742542,74.1366505,5,8,"https://search.google.com/local/reviews?placeid=ChIJsQPgvSz9wjsRDOHBoEH79Uw&q=historical+landmark,+412303,+Pune,+Maharashtra,+IN&authuser=0&hl=en&gl=IN",0,0,0,0,8,,,OPERATIONAL,"{""Children"": {""Good for kids"": true}}",,0,,,,,"https://www.google.com/maps/place/%E0%A4%B6%E0%A4%BF%E0%A4%B5%E0%A4%95%E0%A4%BE%E0%A4%B2%E0%A5%80%E0%A4%A8+%E0%A4%AC%E0%A4%BE%E0%A4%B0%E0%A4%B5+Shivkalin+Barav/@18.274254199999998,74.1366505,14z/data=!4m8!1m2!2m1!1s%E0%A4%B6%E0%A4%BF%E0%A4%B5%E0%A4%95%E0%A4%BE%E0%A4%B2%E0%A5%80%E0%A4%A8+%E0%A4%AC%E0%A4%BE%E0%A4%B0%E0%A4%B5+Shivkalin+Barav!3m4!1s0x3bc2fd2cbde003b1:0x4cf5fb41a0c1e10c!8m2!3d18.274254199999998!4d74.1366505","https://www.google.com/maps/place/%E0%A4%B6%E0%A4%BF%E0%A4%B5%E0%A4%95%E0%A4%BE%E0%A4%B2%E0%A5%80%E0%A4%A8+%E0%A4%AC%E0%A4%BE%E0%A4%B0%E0%A4%B5+Shivkalin+Barav/@18.274254199999998,74.1366505,13.99z/data=!4m16!1m7!3m6!1s0x3bc2fd2cbde003b1:0x4cf5fb41a0c1e10c!2s%E0%A4%B6%E0%A4%BF%E0%A4%B5%E0%A4%95%E0%A4%BE%E0%A4%B2%E0%A5%80%E0%A4%A8+%E0%A4%AC%E0%A4%BE%E0%A4%B0%E0%A4%B5+Shivkalin+Barav!8m2!3d18.274254199999998!4d74.1366505!16s%2Fg%2F11ckvg1dmb!3m7!1s0x3bc2fd2cbde003b1:0x4cf5fb41a0c1e10c!8m2!3d18.274254199999998!4d74.1366505!9m1!1b1!16s%2Fg%2F11ckvg1dmb?entry=ttu",ChIJsQPgvSz9wjsRDOHBoEH79Uw,0x3bc2fd2cbde003b1:0x4cf5fb41a0c1e10c,5.54561477546514E+018,/g/11sf7_316d,5545614775465140492
"historical landmark, 412303, Pune, Maharashtra, IN",Shri Chhatrapati Sambhaji Maharaj Statue,Historical landmark,Historical landmark,Historical landmark,,"7XJM+CM3, Gherapurandhar, Maharashtra 412301",,Gherapurandhar,412301,18.2819585,73.9822873,5,4,"https://search.google.com/local/reviews?placeid=ChIJk_EjeZ3xwjsR1FjeKjz4fCQ&q=historical+landmark,+412303,+Pune,+Maharashtra,+IN&authuser=0&hl=en&gl=IN",0,0,0,0,4,,,OPERATIONAL,"{""Children"": {""Good for kids"": true}}",,0,,,,,"https://www.google.com/maps/place/Shri+Chhatrapati+Sambhaji+Maharaj+Statue/@18.2819585,73.9822873,14z/data=!4m8!1m2!2m1!1sShri+Chhatrapati+Sambhaji+Maharaj+Statue!3m4!1s0x3bc2f19d7923f193:0x247cf83c2ade58d4!8m2!3d18.2819585!4d73.9822873","https://www.google.com/maps/place/Shri+Chhatrapati+Sambhaji+Maharaj+Statue/@18.2819585,73.9822873,13.99z/data=!4m16!1m7!3m6!1s0x3bc2f19d7923f193:0x247cf83c2ade58d4!2sShri+Chhatrapati+Sambhaji+Maharaj+Statue!8m2!3d18.2819585!4d73.9822873!16s%2Fg%2F11ckvg1dmb!3m7!1s0x3bc2f19d7923f193:0x247cf83c2ade58d4!8m2!3d18.2819585!4d73.9822873!9m1!1b1!16s%2Fg%2F11ckvg1dmb?entry=ttu",ChIJk_EjeZ3xwjsR1FjeKjz4fCQ,0x3bc2f19d7923f193:0x247cf83c2ade58d4,2.62924921977847E+018,/g/11v5t2nvl5,2629249219778468052
"historical landmark, 412303, Pune, Maharashtra, IN",Purandar view,Historical landmark,Historical landmark,Historical landmark,,"412205, Devadi, Maharashtra 412205",,Devadi,412205,18.27939,73.941325,4,4,"https://search.google.com/local/reviews?placeid=ChIJFz7nTxDxwjsR1OWnPcWNVLU&q=historical+landmark,+412303,+Pune,+Maharashtra,+IN&authuser=0&hl=en&gl=IN",1,0,0,0,3,,,OPERATIONAL,"{""Children"": {""Good for kids"": true}}",,0,,,,,"https://www.google.com/maps/place/Purandar+view/@18.27939,73.94132499999999,14z/data=!4m8!1m2!2m1!1sPurandar+view!3m4!1s0x3bc2f1104fe73e17:0xb5548dc53da7e5d4!8m2!3d18.27939!4d73.94132499999999","https://www.google.com/maps/place/Purandar+view/@18.27939,73.94132499999999,13.99z/data=!4m16!1m7!3m6!1s0x3bc2f1104fe73e17:0xb5548dc53da7e5d4!2sPurandar+view!8m2!3d18.27939!4d73.94132499999999!16s%2Fg%2F11ckvg1dmb!3m7!1s0x3bc2f1104fe73e17:0xb5548dc53da7e5d4!8m2!3d18.27939!4d73.94132499999999!9m1!1b1!16s%2Fg%2F11ckvg1dmb?entry=ttu",ChIJFz7nTxDxwjsR1OWnPcWNVLU,0x3bc2f1104fe73e17:0xb5548dc53da7e5d4,1.30662242971911E+019,/g/11s57dyfbs,-5380519776518412844
"historical landmark, 412303, Pune, Maharashtra, IN",जय मल्हार बुरूज,Historical landmark,Historical landmark,Historical landmark,,"C362+P2F, Kalewadi, Maharashtra 412301",,Kalewadi,412301,18.4118194,74.0500329,5,1,"https://search.google.com/local/reviews?placeid=ChIJUaBuh1bnwjsR_mQZ87kmbUo&q=historical+landmark,+412303,+Pune,+Maharashtra,+IN&authuser=0&hl=en&gl=IN",0,0,0,0,1,,,OPERATIONAL,"{""Children"": {""Good for kids"": true}}",,0,,,,,"https://www.google.com/maps/place/%E0%A4%9C%E0%A4%AF+%E0%A4%AE%E0%A4%B2%E0%A5%8D%E0%A4%B9%E0%A4%BE%E0%A4%B0+%E0%A4%AC%E0%A5%81%E0%A4%B0%E0%A5%82%E0%A4%9C/@18.4118194,74.05003289999999,14z/data=!4m8!1m2!2m1!1s%E0%A4%9C%E0%A4%AF+%E0%A4%AE%E0%A4%B2%E0%A5%8D%E0%A4%B9%E0%A4%BE%E0%A4%B0+%E0%A4%AC%E0%A5%81%E0%A4%B0%E0%A5%82%E0%A4%9C!3m4!1s0x3bc2e756876ea051:0x4a6d26b9f31964fe!8m2!3d18.4118194!4d74.05003289999999","https://www.google.com/maps/place/%E0%A4%9C%E0%A4%AF+%E0%A4%AE%E0%A4%B2%E0%A5%8D%E0%A4%B9%E0%A4%BE%E0%A4%B0+%E0%A4%AC%E0%A5%81%E0%A4%B0%E0%A5%82%E0%A4%9C/@18.4118194,74.05003289999999,13.99z/data=!4m16!1m7!3m6!1s0x3bc2e756876ea051:0x4a6d26b9f31964fe!2s%E0%A4%9C%E0%A4%AF+%E0%A4%AE%E0%A4%B2%E0%A5%8D%E0%A4%B9%E0%A4%BE%E0%A4%B0+%E0%A4%AC%E0%A5%81%E0%A4%B0%E0%A5%82%E0%A4%9C!8m2!3d18.4118194!4d74.05003289999999!16s%2Fg%2F11ckvg1dmb!3m7!1s0x3bc2e756876ea051:0x4a6d26b9f31964fe!8m2!3d18.4118194!4d74.05003289999999!9m1!1b1!16s%2Fg%2F11ckvg1dmb?entry=ttu",ChIJUaBuh1bnwjsR_mQZ87kmbUo,0x3bc2e756876ea051:0x4a6d26b9f31964fe,5.36298531135746E+018,/g/11tdz6zp8p,5362985311357461758
"historical landmark, 412303, Pune, Maharashtra, IN",Historical Structure,"Historical landmark, Tourist attraction",attractions,Historical landmark,,"HR96+22X, Ward No. 8, Aundh Gaon, Aundh, Pune, Maharashtra 411007","Ward No. 8, Aundh Gaon, Aundh",Pune,411007,18.5676033,73.8101133,3.9,78,"https://search.google.com/local/reviews?placeid=ChIJ0UDLtzO_wjsR2g05bHblynE&q=historical+landmark,+412303,+Pune,+Maharashtra,+IN&authuser=0&hl=en&gl=IN",9,2,14,16,37,,,OPERATIONAL,"{""Children"": {""Good for kids"": true}}",,0,,,,,"https://www.google.com/maps/place/Historical+Structure/@18.5676033,73.8101133,14z/data=!4m8!1m2!2m1!1sHistorical+Structure!3m4!1s0x3bc2bf33b7cb40d1:0x71cae5766c390dda!8m2!3d18.5676033!4d73.8101133","https://www.google.com/maps/place/Historical+Structure/@18.5676033,73.8101133,13.99z/data=!4m16!1m7!3m6!1s0x3bc2bf33b7cb40d1:0x71cae5766c390dda!2sHistorical+Structure!8m2!3d18.5676033!4d73.8101133!16s%2Fg%2F11ckvg1dmb!3m7!1s0x3bc2bf33b7cb40d1:0x71cae5766c390dda!8m2!3d18.5676033!4d73.8101133!9m1!1b1!16s%2Fg%2F11ckvg1dmb?entry=ttu",ChIJ0UDLtzO_wjsR2g05bHblynE,0x3bc2bf33b7cb40d1:0x71cae5766c390dda,8.19961836836599E+018,/g/11fylyg8h2,8199618368365989338
"historical landmark, 412303, Pune, Maharashtra, IN",Barav- बारव,Historical landmark,ऐतिहासिक स्थळ,Historical landmark,,"82QJ+9G3, Kumbharwada, Saswad, Maharashtra 412301",Kumbharwada,Saswad,412301,18.338013,74.0301906,4,2,"https://search.google.com/local/reviews?placeid=ChIJJYp8nLXlwjsRaIA-qVzXQn4&q=historical+landmark,+412303,+Pune,+Maharashtra,+IN&authuser=0&hl=en&gl=IN",0,0,1,0,1,,,OPERATIONAL,"{""Children"": {""Good for kids"": true}}",,0,,,,,"https://www.google.com/maps/place/Barav-+%E0%A4%AC%E0%A4%BE%E0%A4%B0%E0%A4%B5/@18.338013,74.0301906,14z/data=!4m8!1m2!2m1!1sBarav-+%E0%A4%AC%E0%A4%BE%E0%A4%B0%E0%A4%B5!3m4!1s0x3bc2e5b59c7c8a25:0x7e42d75ca93e8068!8m2!3d18.338013!4d74.0301906","https://www.google.com/maps/place/Barav-+%E0%A4%AC%E0%A4%BE%E0%A4%B0%E0%A4%B5/@18.338013,74.0301906,13.99z/data=!4m16!1m7!3m6!1s0x3bc2e5b59c7c8a25:0x7e42d75ca93e8068!2sBarav-+%E0%A4%AC%E0%A4%BE%E0%A4%B0%E0%A4%B5!8m2!3d18.338013!4d74.0301906!16s%2Fg%2F11ckvg1dmb!3m7!1s0x3bc2e5b59c7c8a25:0x7e42d75ca93e8068!8m2!3d18.338013!4d74.0301906!9m1!1b1!16s%2Fg%2F11ckvg1dmb?entry=ttu",ChIJJYp8nLXlwjsRaIA-qVzXQn4,0x3bc2e5b59c7c8a25:0x7e42d75ca93e8068,9.09807099021823E+018,/g/11t607893k,9098070990218231912
"historical landmark, 412303, Pune, Maharashtra, IN","Pataleshwar Caves, Pune",Historical landmark,Historical landmark,Historical landmark,,"GVG2+R84, Jangali Maharaj Rd, next to J M Temple, Revenue Colony, Pune, Maharashtra 411005",Revenue Colony,Pune,411005,18.5269827,73.8498851,4.7,366,"https://search.google.com/local/reviews?placeid=ChIJj-Zd9azBwjsRvdsuYFCAsbk&q=historical+landmark,+412303,+Pune,+Maharashtra,+IN&authuser=0&hl=en&gl=IN",3,1,14,81,267,"{""Monday"": ""8am-8pm"", ""Tuesday"": ""8am-8pm"", ""Wednesday"": ""8am-8pm"", ""Thursday"": ""8am-8pm"", ""Friday"": ""8am-8pm"", ""Saturday"": ""8am-8pm"", ""Sunday"": ""8am-8pm""}",,OPERATIONAL,"{""Accessibility"": {""Wheelchair-accessible entrance"": false}, ""Children"": {""Good for kids"": true}}",,0,,,,,"https://www.google.com/maps/place/Pataleshwar+Caves%2C+Pune/@18.526982699999998,73.8498851,14z/data=!4m8!1m2!2m1!1sPataleshwar+Caves%2C+Pune!3m4!1s0x3bc2c1acf55de68f:0xb9b18050602edbbd!8m2!3d18.526982699999998!4d73.8498851","https://www.google.com/maps/place/Pataleshwar+Caves%2C+Pune/@18.526982699999998,73.8498851,13.99z/data=!4m16!1m7!3m6!1s0x3bc2c1acf55de68f:0xb9b18050602edbbd!2sPataleshwar+Caves%2C+Pune!8m2!3d18.526982699999998!4d73.8498851!16s%2Fg%2F11ckvg1dmb!3m7!1s0x3bc2c1acf55de68f:0xb9b18050602edbbd!8m2!3d18.526982699999998!4d73.8498851!9m1!1b1!16s%2Fg%2F11ckvg1dmb?entry=ttu",ChIJj-Zd9azBwjsRvdsuYFCAsbk,0x3bc2c1acf55de68f:0xb9b18050602edbbd,1.33806170505939E+019,/g/11t5sy1ftm,-5066127023115674691
"historical landmark, 412303, Pune, Maharashtra, IN",Fouji,Historical landmark,Historical landmark,Historical landmark,,"676C+WP, Modhave, Maharashtra 412304",,Modhave,412304,18.212326,74.2716448,5,2,"https://search.google.com/local/reviews?placeid=ChIJn2d-y9ABwzsRz1QC7cVXXaA&q=historical+landmark,+412303,+Pune,+Maharashtra,+IN&authuser=0&hl=en&gl=IN",0,0,0,0,2,,,OPERATIONAL,"{""Children"": {""Good for kids"": true}}",,0,,,,,"https://www.google.com/maps/place/Fouji/@18.212326,74.27164479999999,14z/data=!4m8!1m2!2m1!1sFouji!3m4!1s0x3bc301d0cb7e679f:0xa05d57c5ed0254cf!8m2!3d18.212326!4d74.27164479999999","https://www.google.com/maps/place/Fouji/@18.212326,74.27164479999999,13.99z/data=!4m16!1m7!3m6!1s0x3bc301d0cb7e679f:0xa05d57c5ed0254cf!2sFouji!8m2!3d18.212326!4d74.27164479999999!16s%2Fg%2F11ckvg1dmb!3m7!1s0x3bc301d0cb7e679f:0xa05d57c5ed0254cf!8m2!3d18.212326!4d74.27164479999999!9m1!1b1!16s%2Fg%2F11ckvg1dmb?entry=ttu",ChIJn2d-y9ABwzsRz1QC7cVXXaA,0x3bc301d0cb7e679f:0xa05d57c5ed0254cf,1.15554887264991E+019,/g/11t5fw00rt,-6891255347210464049
"historical landmark, 412303, Pune, Maharashtra, IN",Sardar Shinde Wada,Historical landmark,Historical landmark,Historical landmark,,"Aabasaheb Purandare Wada, Sidhheshwar Colony, Saswad, Maharashtra 412301",Sidhheshwar Colony,Saswad,412301,18.3409326,74.0289477,4,1,"https://search.google.com/local/reviews?placeid=ChIJVwpU0G3vwjsRCs1iXpG22gY&q=historical+landmark,+412303,+Pune,+Maharashtra,+IN&authuser=0&hl=en&gl=IN",0,0,0,1,0,,,OPERATIONAL,"{""Children"": {""Good for kids"": true}}",,0,,,,,"https://www.google.com/maps/place/Sardar+Shinde+Wada/@18.3409326,74.0289477,14z/data=!4m8!1m2!2m1!1sSardar+Shinde+Wada!3m4!1s0x3bc2ef6dd0540a57:0x6dab6915e62cd0a!8m2!3d18.3409326!4d74.0289477","https://www.google.com/maps/place/Sardar+Shinde+Wada/@18.3409326,74.0289477,13.99z/data=!4m16!1m7!3m6!1s0x3bc2ef6dd0540a57:0x6dab6915e62cd0a!2sSardar+Shinde+Wada!8m2!3d18.3409326!4d74.0289477!16s%2Fg%2F11ckvg1dmb!3m7!1s0x3bc2ef6dd0540a57:0x6dab6915e62cd0a!8m2!3d18.3409326!4d74.0289477!9m1!1b1!16s%2Fg%2F11ckvg1dmb?entry=ttu",ChIJVwpU0G3vwjsRCs1iXpG22gY,0x3bc2ef6dd0540a57:0x6dab6915e62cd0a,4.93907844620537E+017,/g/11qpr8kcsj,493907844620537098
"historical landmark, 412303, Pune, Maharashtra, IN","Chandra Parvat, Purandar",Historical landmark,Historical landmark,Historical landmark,,"8X26+69R, Pur, Maharashtra 412301",,Pur,412301,18.3006162,73.9608846,4.8,16,"https://search.google.com/local/reviews?placeid=ChIJbag6_HTxwjsRALuzjheatL4&q=historical+landmark,+412303,+Pune,+Maharashtra,+IN&authuser=0&hl=en&gl=IN",0,0,0,4,12,,,OPERATIONAL,"{""Children"": {""Good for kids"": true}}",,0,,,,,"https://www.google.com/maps/place/Chandra+Parvat%2C+Purandar/@18.3006162,73.9608846,14z/data=!4m8!1m2!2m1!1sChandra+Parvat%2C+Purandar!3m4!1s0x3bc2f174fc3aa86d:0xbeb49a178eb3bb00!8m2!3d18.3006162!4d73.9608846","https://www.google.com/maps/place/Chandra+Parvat%2C+Purandar/@18.3006162,73.9608846,13.99z/data=!4m16!1m7!3m6!1s0x3bc2f174fc3aa86d:0xbeb49a178eb3bb00!2sChandra+Parvat%2C+Purandar!8m2!3d18.3006162!4d73.9608846!16s%2Fg%2F11ckvg1dmb!3m7!1s0x3bc2f174fc3aa86d:0xbeb49a178eb3bb00!8m2!3d18.3006162!4d73.9608846!9m1!1b1!16s%2Fg%2F11ckvg1dmb?entry=ttu",ChIJbag6_HTxwjsRALuzjheatL4,0x3bc2f174fc3aa86d:0xbeb49a178eb3bb00,1.37417777889833E+019,/g/11rggb6dq7,-4704966284726256896
"historical landmark, 412303, Pune, Maharashtra, IN",Rajgad Fort,"Historical landmark, Hiking area, Fortress, Historical place museum, Tourist attraction",attractions,Historical landmark,,"Balekilla Rd, Pune, Maharashtra 412213",,Pune,412213,18.2466334,73.6822128,4.8,14280,"https://search.google.com/local/reviews?placeid=ChIJGcAH66OPwjsRMc2qA7oj8-I&q=historical+landmark,+412303,+Pune,+Maharashtra,+IN&authuser=0&hl=en&gl=IN",196,70,235,1659,12120,"{""Monday"": ""Open 24 hours"", ""Tuesday"": ""Open 24 hours"", ""Wednesday"": ""Open 24 hours"", ""Thursday"": ""Open 24 hours"", ""Friday"": ""Open 24 hours"", ""Saturday"": ""Open 24 hours"", ""Sunday"": ""Open 24 hours""}",,OPERATIONAL,"{""Service options"": {""On-site services"": true}, ""Accessibility"": {""Wheelchair-accessible car park"": false, ""Wheelchair-accessible entrance"": false}, ""Children"": {""Good for kids"": true}, ""Parking"": {""Paid parking lot"": true, ""Paid street parking"": true}}","Historical hilltop fortress & popular trekking site, with palace ruins, caves & water cisterns.",1,105294739997387054283,,,,"https://www.google.com/maps/place/Rajgad+Fort/@18.2466334,73.6822128,14z/data=!4m8!1m2!2m1!1sRajgad+Fort!3m4!1s0x3bc28fa3eb07c019:0xe2f323ba03aacd31!8m2!3d18.2466334!4d73.6822128","https://www.google.com/maps/place/Rajgad+Fort/@18.2466334,73.6822128,13.99z/data=!4m16!1m7!3m6!1s0x3bc28fa3eb07c019:0xe2f323ba03aacd31!2sRajgad+Fort!8m2!3d18.2466334!4d73.6822128!16s%2Fg%2F11ckvg1dmb!3m7!1s0x3bc28fa3eb07c019:0xe2f323ba03aacd31!8m2!3d18.2466334!4d73.6822128!9m1!1b1!16s%2Fg%2F11ckvg1dmb?entry=ttu",ChIJGcAH66OPwjsRMc2qA7oj8-I,0x3bc28fa3eb07c019:0xe2f323ba03aacd31,1.63534539537448E+019,/m/02w7yf3,-2093290119964734159
"historical landmark, 412303, Pune, Maharashtra, IN",DAULATMANGALGAD FORT,Historical landmark,Historical landmark,Historical landmark,,"C6PR+9MR, Bhuleswar Nagar, Maharashtra 412104",,Bhuleswar Nagar,412104,18.435987,74.2416522,4.7,3,"https://search.google.com/local/reviews?placeid=ChIJfd7uVgAfwzsRiuAKOZTs_bM&q=historical+landmark,+412303,+Pune,+Maharashtra,+IN&authuser=0&hl=en&gl=IN",0,0,0,1,2,,,OPERATIONAL,"{""Children"": {""Good for kids"": true}}",,0,,,,,"https://www.google.com/maps/place/DAULATMANGALGAD+FORT/@18.435987,74.24165219999999,14z/data=!4m8!1m2!2m1!1sDAULATMANGALGAD+FORT!3m4!1s0x3bc31f0056eede7d:0xb3fdec94390ae08a!8m2!3d18.435987!4d74.24165219999999","https://www.google.com/maps/place/DAULATMANGALGAD+FORT/@18.435987,74.24165219999999,13.99z/data=!4m16!1m7!3m6!1s0x3bc31f0056eede7d:0xb3fdec94390ae08a!2sDAULATMANGALGAD+FORT!8m2!3d18.435987!4d74.24165219999999!16s%2Fg%2F11ckvg1dmb!3m7!1s0x3bc31f0056eede7d:0xb3fdec94390ae08a!8m2!3d18.435987!4d74.24165219999999!9m1!1b1!16s%2Fg%2F11ckvg1dmb?entry=ttu",ChIJfd7uVgAfwzsRiuAKOZTs_bM,0x3bc31f0056eede7d:0xb3fdec94390ae08a,1.29697826232532E+019,/g/11vxt_30g6,-5476961450456326006
"historical landmark, 412303, Pune, Maharashtra, IN","Mahadwar / main gate, Malhargad",Historical landmark,Historical landmark,Historical landmark,,"C26X+WX4, Kalewadi, Maharashtra 412301",,Kalewadi,412301,18.4122619,74.0499658,5,4,"https://search.google.com/local/reviews?placeid=ChIJV2drR5LnwjsR1mDQhFQ8Vmc&q=historical+landmark,+412303,+Pune,+Maharashtra,+IN&authuser=0&hl=en&gl=IN",0,0,0,0,4,,,OPERATIONAL,"{""Children"": {""Good for kids"": true}}",,0,,,,,"https://www.google.com/maps/place/Mahadwar+%2F+main+gate%2C+Malhargad/@18.4122619,74.0499658,14z/data=!4m8!1m2!2m1!1sMahadwar+%2F+main+gate%2C+Malhargad!3m4!1s0x3bc2e792476b6757:0x67563c5484d060d6!8m2!3d18.4122619!4d74.0499658","https://www.google.com/maps/place/Mahadwar+%2F+main+gate%2C+Malhargad/@18.4122619,74.0499658,13.99z/data=!4m16!1m7!3m6!1s0x3bc2e792476b6757:0x67563c5484d060d6!2sMahadwar+%2F+main+gate%2C+Malhargad!8m2!3d18.4122619!4d74.0499658!16s%2Fg%2F11ckvg1dmb!3m7!1s0x3bc2e792476b6757:0x67563c5484d060d6!8m2!3d18.4122619!4d74.0499658!9m1!1b1!16s%2Fg%2F11ckvg1dmb?entry=ttu",ChIJV2drR5LnwjsR1mDQhFQ8Vmc,0x3bc2e792476b6757:0x67563c5484d060d6,7.44620536760686E+018,/g/11ly3cg2k8,7446205367606862038
"historical landmark, 412303, Pune, Maharashtra, IN",Vagdara Vasti,Historical landmark,Historical landmark,Historical landmark,,"F73G+C7P, Solapur - Pune Hwy, Yavat, Maharashtra 412204",,Yavat,412204,18.4535864,74.2756982,4.8,5,"https://search.google.com/local/reviews?placeid=ChIJa7mLaqcfwzsRg-pfiwubUUw&q=historical+landmark,+412303,+Pune,+Maharashtra,+IN&authuser=0&hl=en&gl=IN",0,0,0,1,4,,,OPERATIONAL,"{""Children"": {""Good for kids"": true}}",,0,,,,,"https://www.google.com/maps/place/Vagdara+Vasti/@18.4535864,74.2756982,14z/data=!4m8!1m2!2m1!1sVagdara+Vasti!3m4!1s0x3bc31fa76a8bb96b:0x4c519b0b8b5fea83!8m2!3d18.4535864!4d74.2756982","https://www.google.com/maps/place/Vagdara+Vasti/@18.4535864,74.2756982,13.99z/data=!4m16!1m7!3m6!1s0x3bc31fa76a8bb96b:0x4c519b0b8b5fea83!2sVagdara+Vasti!8m2!3d18.4535864!4d74.2756982!16s%2Fg%2F11ckvg1dmb!3m7!1s0x3bc31fa76a8bb96b:0x4c519b0b8b5fea83!8m2!3d18.4535864!4d74.2756982!9m1!1b1!16s%2Fg%2F11ckvg1dmb?entry=ttu",ChIJa7mLaqcfwzsRg-pfiwubUUw,0x3bc31fa76a8bb96b:0x4c519b0b8b5fea83,5.49934709388135E+018,/g/11nndlgv_8,5499347093881350787
"historical landmark, 412303, Pune, Maharashtra, IN",Shaniwar Wada,"Historical landmark, Tourist attraction",attractions,Historical landmark,,"480, Shaniwar Peth, Pune, Maharashtra 411030",Shaniwar Peth,Pune,411030,18.5195841,73.8554208,4.3,120382,"https://search.google.com/local/reviews?placeid=ChIJEXtrIuLBwjsRi6ZcFwaBu6Q&q=historical+landmark,+412303,+Pune,+Maharashtra,+IN&authuser=0&hl=en&gl=IN",4097,3415,13287,31278,68305,"{""Monday"": ""9am-5:30pm"", ""Tuesday"": ""9am-5:30pm"", ""Wednesday"": ""9am-5:30pm"", ""Thursday"": ""9am-5:30pm"", ""Friday"": ""9am-5:30pm"", ""Saturday"": ""9am-5:30pm"", ""Sunday"": ""9am-5:30pm""}",,OPERATIONAL,"{""Service options"": {""On-site services"": true}, ""Accessibility"": {""Wheelchair-accessible car park"": true, ""Wheelchair-accessible entrance"": false}, ""Children"": {""Good for kids"": true}, ""Parking"": {""Free parking lot"": true, ""Paid parking lot"": true}}","Peshwa palace fort built in the 1740s, with a main gate big enough to let elephants pass through.",0,,,,,"https://www.google.com/maps/place/Shaniwar+Wada/@18.5195841,73.85542079999999,14z/data=!4m8!1m2!2m1!1sShaniwar+Wada!3m4!1s0x3bc2c1e2226b7b11:0xa4bb8106175ca68b!8m2!3d18.5195841!4d73.85542079999999","https://www.google.com/maps/place/Shaniwar+Wada/@18.5195841,73.85542079999999,13.99z/data=!4m16!1m7!3m6!1s0x3bc2c1e2226b7b11:0xa4bb8106175ca68b!2sShaniwar+Wada!8m2!3d18.5195841!4d73.85542079999999!16s%2Fg%2F11ckvg1dmb!3m7!1s0x3bc2c1e2226b7b11:0xa4bb8106175ca68b!8m2!3d18.5195841!4d73.85542079999999!9m1!1b1!16s%2Fg%2F11ckvg1dmb?entry=ttu",ChIJEXtrIuLBwjsRi6ZcFwaBu6Q,0x3bc2c1e2226b7b11:0xa4bb8106175ca68b,1.18702231060268E+019,/m/02zh8v,-6576520967682742645
"historical landmark, 412303, Pune, Maharashtra, IN",Laal Mahaal,"Historical landmark, Tourist attraction",attractions,Historical landmark,,"Chhatrapati Shivaji Maharaj Rd, Durvankur Society, Kasba Peth, Pune, Maharashtra 411011","Durvankur Society, Kasba Peth",Pune,411011,18.5187433,73.8566483,4.5,8092,"https://search.google.com/local/reviews?placeid=ChIJoZE8eWXAwjsRkh_y2oBtIEo&q=historical+landmark,+412303,+Pune,+Maharashtra,+IN&authuser=0&hl=en&gl=IN",247,146,573,1649,5477,"{""Monday"": ""9am-6pm"", ""Tuesday"": ""9am-6pm"", ""Wednesday"": ""9am-6pm"", ""Thursday"": ""9am-6pm"", ""Friday"": ""9am-6pm"", ""Saturday"": ""9am-6pm"", ""Sunday"": ""9am-6pm""}",,OPERATIONAL,"{""Accessibility"": {""Wheelchair-accessible entrance"": false}, ""Children"": {""Good for kids"": true}}","Modern reconstruction of the Red Palace, home of legendary 17th-century warrior king Shivaji.",0,,,,,"https://www.google.com/maps/place/Laal+Mahaal/@18.5187433,73.8566483,14z/data=!4m8!1m2!2m1!1sLaal+Mahaal!3m4!1s0x3bc2c065793c91a1:0x4a206d80daf21f92!8m2!3d18.5187433!4d73.8566483","https://www.google.com/maps/place/Laal+Mahaal/@18.5187433,73.8566483,13.99z/data=!4m16!1m7!3m6!1s0x3bc2c065793c91a1:0x4a206d80daf21f92!2sLaal+Mahaal!8m2!3d18.5187433!4d73.8566483!16s%2Fg%2F11ckvg1dmb!3m7!1s0x3bc2c065793c91a1:0x4a206d80daf21f92!8m2!3d18.5187433!4d73.8566483!9m1!1b1!16s%2Fg%2F11ckvg1dmb?entry=ttu",ChIJoZE8eWXAwjsRkh_y2oBtIEo,0x3bc2c065793c91a1:0x4a206d80daf21f92,5.34138955825795E+018,/m/05b_7gy,5341389558257950610
"historical landmark, 412303, Pune, Maharashtra, IN",Mahadji Shinde Chhatri,"Historical place, Hindu temple, Tourist attraction",attractions,Historical place,,"FVRW+MW3, Wanawadi Rd, Pune Cantonment, Pune, Maharashtra 411001",Pune Cantonment,Pune,411001,18.4916261,73.8972863,4.4,5130,"https://search.google.com/local/reviews?placeid=ChIJkWVv59bBwjsRHarg2LI6ikI&q=historical+landmark,+412303,+Pune,+Maharashtra,+IN&authuser=0&hl=en&gl=IN",170,106,473,1351,3030,"{""Monday"": ""7am-8pm"", ""Tuesday"": ""7am-8pm"", ""Wednesday"": ""7am-8pm"", ""Thursday"": ""7am-8pm"", ""Friday"": ""7am-8pm"", ""Saturday"": ""7am-8pm"", ""Sunday"": ""7am-8pm""}",,OPERATIONAL,"{""Accessibility"": {""Wheelchair-accessible car park"": true, ""Wheelchair-accessible entrance"": false}, ""Children"": {""Good for kids"": true}, ""Parking"": {""Free parking lot"": true, ""Free street parking"": true}}","Memorial for an 18th-century military leader, with a Hindu temple & Anglo-Rajasthani architecture.",0,,,,,"https://www.google.com/maps/place/Mahadji+Shinde+Chhatri/@18.491626099999998,73.89728629999999,14z/data=!4m8!1m2!2m1!1sMahadji+Shinde+Chhatri!3m4!1s0x3bc2c1d6e76f6591:0x428a3ab2d8e0aa1d!8m2!3d18.491626099999998!4d73.89728629999999","https://www.google.com/maps/place/Mahadji+Shinde+Chhatri/@18.491626099999998,73.89728629999999,13.99z/data=!4m16!1m7!3m6!1s0x3bc2c1d6e76f6591:0x428a3ab2d8e0aa1d!2sMahadji+Shinde+Chhatri!8m2!3d18.491626099999998!4d73.89728629999999!16s%2Fg%2F11ckvg1dmb!3m7!1s0x3bc2c1d6e76f6591:0x428a3ab2d8e0aa1d!8m2!3d18.491626099999998!4d73.89728629999999!9m1!1b1!16s%2Fg%2F11ckvg1dmb?entry=ttu",ChIJkWVv59bBwjsRHarg2LI6ikI,0x3bc2c1d6e76f6591:0x428a3ab2d8e0aa1d,4.79470929310651E+018,/m/0h1dm2b,4794709293106506269
"historical landmark, 412303, Pune, Maharashtra, IN",Ambale Fort,Fortress,attractions,Fortress,,"Ambale Gaon, Maharashtra 412104",,Ambale Gaon,412104,18.4040385,74.1661532,4.3,19,"https://search.google.com/local/reviews?placeid=ChIJ3Rd15injwjsRG9e2pTy4Mc4&q=historical+landmark,+412303,+Pune,+Maharashtra,+IN&authuser=0&hl=en&gl=IN",0,0,4,5,10,"{""Monday"": ""Open 24 hours"", ""Tuesday"": ""Open 24 hours"", ""Wednesday"": ""Open 24 hours"", ""Thursday"": ""Open 24 hours"", ""Friday"": ""Open 24 hours"", ""Saturday"": ""Open 24 hours"", ""Sunday"": ""Open 24 hours""}",,OPERATIONAL,"{""Accessibility"": {""Wheelchair-accessible car park"": false, ""Wheelchair-accessible entrance"": false}, ""Children"": {""Good for kids"": true}}",,1,118163880612407526975,,,,"https://www.google.com/maps/place/Ambale+Fort/@18.4040385,74.1661532,14z/data=!4m8!1m2!2m1!1sAmbale+Fort!3m4!1s0x3bc2e329e67517dd:0xce31b83ca5b6d71b!8m2!3d18.4040385!4d74.1661532","https://www.google.com/maps/place/Ambale+Fort/@18.4040385,74.1661532,13.99z/data=!4m16!1m7!3m6!1s0x3bc2e329e67517dd:0xce31b83ca5b6d71b!2sAmbale+Fort!8m2!3d18.4040385!4d74.1661532!16s%2Fg%2F11ckvg1dmb!3m7!1s0x3bc2e329e67517dd:0xce31b83ca5b6d71b!8m2!3d18.4040385!4d74.1661532!9m1!1b1!16s%2Fg%2F11ckvg1dmb?entry=ttu",ChIJ3Rd15injwjsRG9e2pTy4Mc4,0x3bc2e329e67517dd:0xce31b83ca5b6d71b,1.48578592162898E+019,/g/11k2nylm_l,-3588884857419802853
"historical landmark, 412303, Pune, Maharashtra, IN",Aga Khan Palace,Historical landmark,Historical landmark,Historical landmark,,"HW32+2JM, Palace View Society, Kalyani Nagar, Pune, Maharashtra 411006","Palace View Society, Kalyani Nagar",Pune,411006,18.5525887,73.9015388,4.5,548,"https://search.google.com/local/reviews?placeid=ChIJW4H-TwDBwjsR3nvMCZSby50&q=historical+landmark,+412303,+Pune,+Maharashtra,+IN&authuser=0&hl=en&gl=IN",14,11,31,144,348,"{""Monday"": ""9am-5:30pm"", ""Tuesday"": ""9am-5:30pm"", ""Wednesday"": ""9am-5:30pm"", ""Thursday"": ""9am-5:30pm"", ""Friday"": ""9am-5:30pm"", ""Saturday"": ""9am-5:30pm"", ""Sunday"": ""9am-5:30pm""}",,OPERATIONAL,"{""Service options"": {""On-site services"": true}, ""Accessibility"": {""Wheelchair-accessible car park"": true, ""Wheelchair-accessible entrance"": true}, ""Children"": {""Good for kids"": true}}",,0,,,,,"https://www.google.com/maps/place/Aga+Khan+Palace/@18.552588699999998,73.9015388,14z/data=!4m8!1m2!2m1!1sAga+Khan+Palace!3m4!1s0x3bc2c1004ffe815b:0x9dcb9b9409cc7bde!8m2!3d18.552588699999998!4d73.9015388","https://www.google.com/maps/place/Aga+Khan+Palace/@18.552588699999998,73.9015388,13.99z/data=!4m16!1m7!3m6!1s0x3bc2c1004ffe815b:0x9dcb9b9409cc7bde!2sAga+Khan+Palace!8m2!3d18.552588699999998!4d73.9015388!16s%2Fg%2F11ckvg1dmb!3m7!1s0x3bc2c1004ffe815b:0x9dcb9b9409cc7bde!8m2!3d18.552588699999998!4d73.9015388!9m1!1b1!16s%2Fg%2F11ckvg1dmb?entry=ttu",ChIJW4H-TwDBwjsR3nvMCZSby50,0x3bc2c1004ffe815b:0x9dcb9b9409cc7bde,1.13703527443488E+019,/m/0b811c,-7076391329360741410
"historical landmark, 412303, Pune, Maharashtra, IN",Aai Museum,Heritage museum,museums,Heritage museum,,"A Part of Fort, Jadhavgadh, Jadhavwadi, Maharashtra 412301",Jadhavgadh,Jadhavwadi,412301,18.3954147,74.0034697,4.3,19,"https://search.google.com/local/reviews?placeid=ChIJrRVjDirvwjsRCvtaOg8BcII&q=historical+landmark,+412303,+Pune,+Maharashtra,+IN&authuser=0&hl=en&gl=IN",1,1,2,2,13,,,OPERATIONAL,"{""Amenities"": {""Toilets"": true}, ""Children"": {""Good for kids"": true}}",,0,,,,,"https://www.google.com/maps/place/Aai+Museum/@18.3954147,74.0034697,14z/data=!4m8!1m2!2m1!1sAai+Museum!3m4!1s0x3bc2ef2a0e6315ad:0x8270010f3a5afb0a!8m2!3d18.3954147!4d74.0034697","https://www.google.com/maps/place/Aai+Museum/@18.3954147,74.0034697,13.99z/data=!4m16!1m7!3m6!1s0x3bc2ef2a0e6315ad:0x8270010f3a5afb0a!2sAai+Museum!8m2!3d18.3954147!4d74.0034697!16s%2Fg%2F11ckvg1dmb!3m7!1s0x3bc2ef2a0e6315ad:0x8270010f3a5afb0a!8m2!3d18.3954147!4d74.0034697!9m1!1b1!16s%2Fg%2F11ckvg1dmb?entry=ttu",ChIJrRVjDirvwjsRCvtaOg8BcII,0x3bc2ef2a0e6315ad:0x8270010f3a5afb0a,9.3990135872374E+018,/g/11fhr8nzy0,-9047730486472148214
"historical landmark, 412303, Pune, Maharashtra, IN",Bajirao Peshwe Lake,Lake,,Lake,,"Jejuri, Maharashtra 412303",,Jejuri,412303,18.2674479,74.1643652,4.7,17,"https://search.google.com/local/reviews?placeid=ChIJc3zsGk78wjsR6Xu9Obg32bM&q=historical+landmark,+412303,+Pune,+Maharashtra,+IN&authuser=0&hl=en&gl=IN",0,0,1,3,13,,,OPERATIONAL,{},,,,,,,"https://www.google.com/maps/place/Bajirao+Peshwe+Lake/@18.2674479,74.16436519999999,14z/data=!4m8!1m2!2m1!1sBajirao+Peshwe+Lake!3m4!1s0x3bc2fc4e1aec7c73:0xb3d937b839bd7be9!8m2!3d18.2674479!4d74.16436519999999","https://www.google.com/maps/place/Bajirao+Peshwe+Lake/@18.2674479,74.16436519999999,13.99z/data=!4m16!1m7!3m6!1s0x3bc2fc4e1aec7c73:0xb3d937b839bd7be9!2sBajirao+Peshwe+Lake!8m2!3d18.2674479!4d74.16436519999999!16s%2Fg%2F11ckvg1dmb!3m7!1s0x3bc2fc4e1aec7c73:0xb3d937b839bd7be9!8m2!3d18.2674479!4d74.16436519999999!9m1!1b1!16s%2Fg%2F11ckvg1dmb?entry=ttu",ChIJc3zsGk78wjsR6Xu9Obg32bM,0x3bc2fc4e1aec7c73:0xb3d937b839bd7be9,1.29594506671175E+019,/g/1tx4mtfs,-5487293406592009239
"historical landmark, 412303, Pune, Maharashtra, IN",Shahaji Raje and Shivaji Maharaj Bhet,Historical landmark,Historical landmark,Historical landmark,,"75F6+42W, Khandoba Temple, Jejuri, Maharashtra 412303",,Jejuri,412303,18.2728613,74.1600728,4.7,38,"https://search.google.com/local/reviews?placeid=ChIJVzB0sFD8wjsRiqtx_-XeVXQ&q=historical+landmark,+412303,+Pune,+Maharashtra,+IN&authuser=0&hl=en&gl=IN",0,1,2,5,30,"{""Monday"": ""Open 24 hours"", ""Tuesday"": ""Open 24 hours"", ""Wednesday"": ""Open 24 hours"", ""Thursday"": ""Open 24 hours"", ""Friday"": ""Open 24 hours"", ""Saturday"": ""Open 24 hours"", ""Sunday"": ""Open 24 hours""}",,OPERATIONAL,"{""Children"": {""Good for kids"": true}}",,0,,,,,"https://www.google.com/maps/place/Shahaji+Raje+and+Shivaji+Maharaj+Bhet/@18.2728613,74.1600728,14z/data=!4m8!1m2!2m1!1sShahaji+Raje+and+Shivaji+Maharaj+Bhet!3m4!1s0x3bc2fc50b0743057:0x7455dee5ff71ab8a!8m2!3d18.2728613!4d74.1600728","https://www.google.com/maps/place/Shahaji+Raje+and+Shivaji+Maharaj+Bhet/@18.2728613,74.1600728,13.99z/data=!4m16!1m7!3m6!1s0x3bc2fc50b0743057:0x7455dee5ff71ab8a!2sShahaji+Raje+and+Shivaji+Maharaj+Bhet!8m2!3d18.2728613!4d74.1600728!16s%2Fg%2F11ckvg1dmb!3m7!1s0x3bc2fc50b0743057:0x7455dee5ff71ab8a!8m2!3d18.2728613!4d74.1600728!9m1!1b1!16s%2Fg%2F11ckvg1dmb?entry=ttu",ChIJVzB0sFD8wjsRiqtx_-XeVXQ,0x3bc2fc50b0743057:0x7455dee5ff71ab8a,8.38285136083456E+018,/g/11dybfjqky,8382851360834562954
"historical landmark, 412303, Pune, Maharashtra, IN",Vishrambaug Wada,"Historical landmark, Tourist attraction",attractions,Historical landmark,,"619, RB Kumthekar Rd, Perugate, Sadashiv Peth, Pune, Maharashtra 411030","Perugate, Sadashiv Peth",Pune,411030,18.5137201,73.8531949,4.3,2443,"https://search.google.com/local/reviews?placeid=ChIJ8Q91IG7AwjsRf9iIv2c77wI&q=historical+landmark,+412303,+Pune,+Maharashtra,+IN&authuser=0&hl=en&gl=IN",82,56,285,651,1369,"{""Monday"": ""Closed"", ""Tuesday"": ""10am-7pm"", ""Wednesday"": ""10am-7pm"", ""Thursday"": ""10am-7pm"", ""Friday"": ""10am-7pm"", ""Saturday"": ""10am-7pm"", ""Sunday"": ""10am-7pm""}",,OPERATIONAL,"{""Service options"": {""On-site services"": true}, ""Accessibility"": {""Wheelchair-accessible entrance"": false}, ""Children"": {""Good for kids"": true}}","Once-stately, 3-story mansion with intricate brickwork plus wood carvings on the doorway & balcony.",0,,,,,"https://www.google.com/maps/place/Vishrambaug+Wada/@18.5137201,73.85319489999999,14z/data=!4m8!1m2!2m1!1sVishrambaug+Wada!3m4!1s0x3bc2c06e20750ff1:0x2ef3b67bf88d87f!8m2!3d18.5137201!4d73.85319489999999","https://www.google.com/maps/place/Vishrambaug+Wada/@18.5137201,73.85319489999999,13.99z/data=!4m16!1m7!3m6!1s0x3bc2c06e20750ff1:0x2ef3b67bf88d87f!2sVishrambaug+Wada!8m2!3d18.5137201!4d73.85319489999999!16s%2Fg%2F11ckvg1dmb!3m7!1s0x3bc2c06e20750ff1:0x2ef3b67bf88d87f!8m2!3d18.5137201!4d73.85319489999999!9m1!1b1!16s%2Fg%2F11ckvg1dmb?entry=ttu",ChIJ8Q91IG7AwjsRf9iIv2c77wI,0x3bc2c06e20750ff1:0x2ef3b67bf88d87f,2.1145302429079E+017,/m/0b6gjh8,211453024290789503
"historical landmark, 412303, Pune, Maharashtra, IN",Sardar Purandare Wada,"Historical place, Tourist attraction",attractions,Historical place,,"82RH+QG5, Diwale-Narayanpur Rd, Sidhheshwar Colony, Saswad, Maharashtra 412301",Sidhheshwar Colony,Saswad,412301,18.3418762,74.0288582,4.2,511,"https://search.google.com/local/reviews?placeid=ChIJu4LOE4rvwjsRiStzsr146wQ&q=historical+landmark,+412303,+Pune,+Maharashtra,+IN&authuser=0&hl=en&gl=IN",25,20,63,99,304,"{""Monday"": ""Open 24 hours"", ""Tuesday"": ""Open 24 hours"", ""Wednesday"": ""Open 24 hours"", ""Thursday"": ""Open 24 hours"", ""Friday"": ""Open 24 hours"", ""Saturday"": ""Open 24 hours"", ""Sunday"": ""Open 24 hours""}",,OPERATIONAL,"{""Accessibility"": {""Wheelchair-accessible entrance"": false}, ""Children"": {""Good for kids"": true}}",,0,,,,,"https://www.google.com/maps/place/Sardar+Purandare+Wada/@18.341876199999998,74.0288582,14z/data=!4m8!1m2!2m1!1sSardar+Purandare+Wada!3m4!1s0x3bc2ef8a13ce82bb:0x4eb78bdb2732b89!8m2!3d18.341876199999998!4d74.0288582","https://www.google.com/maps/place/Sardar+Purandare+Wada/@18.341876199999998,74.0288582,13.99z/data=!4m16!1m7!3m6!1s0x3bc2ef8a13ce82bb:0x4eb78bdb2732b89!2sSardar+Purandare+Wada!8m2!3d18.341876199999998!4d74.0288582!16s%2Fg%2F11ckvg1dmb!3m7!1s0x3bc2ef8a13ce82bb:0x4eb78bdb2732b89!8m2!3d18.341876199999998!4d74.0288582!9m1!1b1!16s%2Fg%2F11ckvg1dmb?entry=ttu",ChIJu4LOE4rvwjsRiStzsr146wQ,0x3bc2ef8a13ce82bb:0x4eb78bdb2732b89,3.5450975181676E+017,/g/1hc8xs4j0,354509751816760201
"historical landmark, 412303, Pune, Maharashtra, IN",Ramdara Hill View Point,Tourist attraction,attractions,Tourist attraction,,"C2QF+JFG, Ramdara Hill Trek Path, Maharashtra, 412201",,Maharashtra,412201,18.4390719,74.0237097,4.7,29,"https://search.google.com/local/reviews?placeid=ChIJfSYluwzpwjsRbsHSy7vUl6k&q=historical+landmark,+412303,+Pune,+Maharashtra,+IN&authuser=0&hl=en&gl=IN",1,0,0,6,22,,,OPERATIONAL,"{""Children"": {""Good for kids"": true}}",,0,,,,,"https://www.google.com/maps/place/Ramdara+Hill+View+Point/@18.4390719,74.0237097,14z/data=!4m8!1m2!2m1!1sRamdara+Hill+View+Point!3m4!1s0x3bc2e90cbb25267d:0xa997d4bbcbd2c16e!8m2!3d18.4390719!4d74.0237097","https://www.google.com/maps/place/Ramdara+Hill+View+Point/@18.4390719,74.0237097,13.99z/data=!4m16!1m7!3m6!1s0x3bc2e90cbb25267d:0xa997d4bbcbd2c16e!2sRamdara+Hill+View+Point!8m2!3d18.4390719!4d74.0237097!16s%2Fg%2F11ckvg1dmb!3m7!1s0x3bc2e90cbb25267d:0xa997d4bbcbd2c16e!8m2!3d18.4390719!4d74.0237097!9m1!1b1!16s%2Fg%2F11ckvg1dmb?entry=ttu",ChIJfSYluwzpwjsRbsHSy7vUl6k,0x3bc2e90cbb25267d:0xa997d4bbcbd2c16e,1.22204700169367E+019,/g/11p15qpw59,-6226274056772861586
"historical landmark, 412303, Pune, Maharashtra, IN",Sulaka,Historical landmark,Historical landmark,Historical landmark,,"C5MC+9C, Ambale, Maharashtra 412104",,Ambale,412104,18.4334943,74.1710669,4,1,"https://search.google.com/local/reviews?placeid=ChIJ69UYBQDhwjsRA8IOmUX4iPY&q=historical+landmark,+412303,+Pune,+Maharashtra,+IN&authuser=0&hl=en&gl=IN",0,0,0,1,0,,,OPERATIONAL,"{""Children"": {""Good for kids"": true}}",,0,,,,,"https://www.google.com/maps/place/Sulaka/@18.4334943,74.1710669,14z/data=!4m8!1m2!2m1!1sSulaka!3m4!1s0x3bc2e1000518d5eb:0xf688f845990ec203!8m2!3d18.4334943!4d74.1710669","https://www.google.com/maps/place/Sulaka/@18.4334943,74.1710669,13.99z/data=!4m16!1m7!3m6!1s0x3bc2e1000518d5eb:0xf688f845990ec203!2sSulaka!8m2!3d18.4334943!4d74.1710669!16s%2Fg%2F11ckvg1dmb!3m7!1s0x3bc2e1000518d5eb:0xf688f845990ec203!8m2!3d18.4334943!4d74.1710669!9m1!1b1!16s%2Fg%2F11ckvg1dmb?entry=ttu",ChIJ69UYBQDhwjsRA8IOmUX4iPY,0x3bc2e1000518d5eb:0xf688f845990ec203,1.77647217079672E+019,/g/11ltf26ssd,-682022365742317053
"historical landmark, 412303, Pune, Maharashtra, IN",Nana Wada,"Historical landmark, Tourist attraction",attractions,Historical landmark,,"715, PMC Vidyalaya Rd, Budhwar Peth, Pune, Maharashtra 411002",Budhwar Peth,Pune,411002,18.5182802,73.8561775,4.3,837,"https://search.google.com/local/reviews?placeid=ChIJgXZ3fWXAwjsRnEpCIQhk7fY&q=historical+landmark,+412303,+Pune,+Maharashtra,+IN&authuser=0&hl=en&gl=IN",29,19,85,237,467,"{""Monday"": ""8am-8pm"", ""Tuesday"": ""8am-8pm"", ""Wednesday"": ""8am-8pm"", ""Thursday"": ""8am-8pm"", ""Friday"": ""8am-8pm"", ""Saturday"": ""8am-8pm"", ""Sunday"": ""8am-8pm""}",,OPERATIONAL,"{""Accessibility"": {""Wheelchair-accessible entrance"": false}, ""Children"": {""Good for kids"": true}}","Built by an 18th-century ruler, this elegant structure features a courtyard surrounded by archways.",0,,,,,"https://www.google.com/maps/place/Nana+Wada/@18.5182802,73.8561775,14z/data=!4m8!1m2!2m1!1sNana+Wada!3m4!1s0x3bc2c0657d777681:0xf6ed640821424a9c!8m2!3d18.5182802!4d73.8561775","https://www.google.com/maps/place/Nana+Wada/@18.5182802,73.8561775,13.99z/data=!4m16!1m7!3m6!1s0x3bc2c0657d777681:0xf6ed640821424a9c!2sNana+Wada!8m2!3d18.5182802!4d73.8561775!16s%2Fg%2F11ckvg1dmb!3m7!1s0x3bc2c0657d777681:0xf6ed640821424a9c!8m2!3d18.5182802!4d73.8561775!9m1!1b1!16s%2Fg%2F11ckvg1dmb?entry=ttu",ChIJgXZ3fWXAwjsRnEpCIQhk7fY,0x3bc2c0657d777681:0xf6ed640821424a9c,1.77929876888912E+019,/g/11c558t4sf,-653756384818345316
"historical landmark, 412303, Pune, Maharashtra, IN",Veer Baji Pasalkar Samadhi,"Historical landmark, Tourist attraction",attractions,Historical landmark,,"82VJ+QFX, Kumbharwada, Saswad, Maharashtra 412301",Kumbharwada,Saswad,412301,18.344495,74.0312326,4.2,130,"https://search.google.com/local/reviews?placeid=ChIJ64t8FGLlwjsRCxVutCHcL9k&q=historical+landmark,+412303,+Pune,+Maharashtra,+IN&authuser=0&hl=en&gl=IN",10,5,10,28,77,,,OPERATIONAL,"{""Children"": {""Good for kids"": true}}",,0,,,,,"https://www.google.com/maps/place/Veer+Baji+Pasalkar+Samadhi/@18.344495,74.0312326,14z/data=!4m8!1m2!2m1!1sVeer+Baji+Pasalkar+Samadhi!3m4!1s0x3bc2e562147c8beb:0xd92fdc21b46e150b!8m2!3d18.344495!4d74.0312326","https://www.google.com/maps/place/Veer+Baji+Pasalkar+Samadhi/@18.344495,74.0312326,13.99z/data=!4m16!1m7!3m6!1s0x3bc2e562147c8beb:0xd92fdc21b46e150b!2sVeer+Baji+Pasalkar+Samadhi!8m2!3d18.344495!4d74.0312326!16s%2Fg%2F11ckvg1dmb!3m7!1s0x3bc2e562147c8beb:0xd92fdc21b46e150b!8m2!3d18.344495!4d74.0312326!9m1!1b1!16s%2Fg%2F11ckvg1dmb?entry=ttu",ChIJ64t8FGLlwjsRCxVutCHcL9k,0x3bc2e562147c8beb:0xd92fdc21b46e150b,1.56499692674549E+019,/g/1hm42b8x2,-2796774806254643957
"historical landmark, 412303, Pune, Maharashtra, IN",Malhargad Fort,Fortress,attractions,Fortress,+91 92262 62743,"Kalewadi, Maharashtra 412301",,Kalewadi,412301,18.4120617,74.04945,4.6,4768,"https://search.google.com/local/reviews?placeid=ChIJ7apmuQvmwjsRm7XVAGIFNec&q=historical+landmark,+412303,+Pune,+Maharashtra,+IN&authuser=0&hl=en&gl=IN",64,43,295,1140,3226,"{""Monday"": ""Open 24 hours"", ""Tuesday"": ""Open 24 hours"", ""Wednesday"": ""Open 24 hours"", ""Thursday"": ""Open 24 hours"", ""Friday"": ""Open 24 hours"", ""Saturday"": ""Open 24 hours"", ""Sunday"": ""Open 24 hours""}",,OPERATIONAL,"{""Service options"": {""On-site services"": true}, ""Accessibility"": {""Wheelchair-accessible car park"": false, ""Wheelchair-accessible entrance"": false}, ""Children"": {""Good for kids"": true}, ""Parking"": {""Free parking lot"": true, ""Paid parking lot"": true}}",Hikes to a ruined 1750s military base with adjoining Hindu temples & views across forested hills.,1,101739731347543128361,,,,"https://www.google.com/maps/place/Malhargad+Fort/@18.4120617,74.04945,14z/data=!4m8!1m2!2m1!1sMalhargad+Fort!3m4!1s0x3bc2e60bb966aaed:0xe735056200d5b59b!8m2!3d18.4120617!4d74.04945","https://www.google.com/maps/place/Malhargad+Fort/@18.4120617,74.04945,13.99z/data=!4m16!1m7!3m6!1s0x3bc2e60bb966aaed:0xe735056200d5b59b!2sMalhargad+Fort!8m2!3d18.4120617!4d74.04945!16s%2Fg%2F11ckvg1dmb!3m7!1s0x3bc2e60bb966aaed:0xe735056200d5b59b!8m2!3d18.4120617!4d74.04945!9m1!1b1!16s%2Fg%2F11ckvg1dmb?entry=ttu",ChIJ7apmuQvmwjsRm7XVAGIFNec,0x3bc2e60bb966aaed:0xe735056200d5b59b,1.6660228315006E+019,/m/0g1y9v,-1786515758703594085
"historical landmark, 412303, Pune, Maharashtra, IN",मा श्री दादासाहेब जाधवराव माजी कृषी व सैनिक कल्याण राज्यमंत्री महाराष्ट्र राज्य,Historical landmark,ऐतिहासिक स्थळ,Historical landmark,,"C225+337, Jadhavwadi, Dive, Maharashtra 412301",,"Jadhavwadi, Dive",412301,18.4001534,74.007657,4.7,27,"https://search.google.com/local/reviews?placeid=ChIJjySUjy7vwjsRFWsXXknurys&q=historical+landmark,+412303,+Pune,+Maharashtra,+IN&authuser=0&hl=en&gl=IN",1,1,0,2,23,,,OPERATIONAL,"{""Children"": {""Good for kids"": true}}",,0,,,,,"https://www.google.com/maps/place/%E0%A4%AE%E0%A4%BE+%E0%A4%B6%E0%A5%8D%E0%A4%B0%E0%A5%80+%E0%A4%A6%E0%A4%BE%E0%A4%A6%E0%A4%BE%E0%A4%B8%E0%A4%BE%E0%A4%B9%E0%A5%87%E0%A4%AC+%E0%A4%9C%E0%A4%BE%E0%A4%A7%E0%A4%B5%E0%A4%B0%E0%A4%BE%E0%A4%B5+%E0%A4%AE%E0%A4%BE%E0%A4%9C%E0%A5%80+%E0%A4%95%E0%A5%83%E0%A4%B7%E0%A5%80+%E0%A4%B5+%E0%A4%B8%E0%A5%88%E0%A4%A8%E0%A4%BF%E0%A4%95+%E0%A4%95%E0%A4%B2%E0%A5%8D%E0%A4%AF%E0%A4%BE%E0%A4%A3+%E0%A4%B0%E0%A4%BE%E0%A4%9C%E0%A5%8D%E0%A4%AF%E0%A4%AE%E0%A4%82%E0%A4%A4%E0%A5%8D%E0%A4%B0%E0%A5%80+%E0%A4%AE%E0%A4%B9%E0%A4%BE%E0%A4%B0%E0%A4%BE%E0%A4%B7%E0%A5%8D%E0%A4%9F%E0%A5%8D%E0%A4%B0+%E0%A4%B0%E0%A4%BE%E0%A4%9C%E0%A5%8D%E0%A4%AF/@18.4001534,74.007657,14z/data=!4m8!1m2!2m1!1s%E0%A4%AE%E0%A4%BE+%E0%A4%B6%E0%A5%8D%E0%A4%B0%E0%A5%80+%E0%A4%A6%E0%A4%BE%E0%A4%A6%E0%A4%BE%E0%A4%B8%E0%A4%BE%E0%A4%B9%E0%A5%87%E0%A4%AC+%E0%A4%9C%E0%A4%BE%E0%A4%A7%E0%A4%B5%E0%A4%B0%E0%A4%BE%E0%A4%B5+%E0%A4%AE%E0%A4%BE%E0%A4%9C%E0%A5%80+%E0%A4%95%E0%A5%83%E0%A4%B7%E0%A5%80+%E0%A4%B5+%E0%A4%B8%E0%A5%88%E0%A4%A8%E0%A4%BF%E0%A4%95+%E0%A4%95%E0%A4%B2%E0%A5%8D%E0%A4%AF%E0%A4%BE%E0%A4%A3+%E0%A4%B0%E0%A4%BE%E0%A4%9C%E0%A5%8D%E0%A4%AF%E0%A4%AE%E0%A4%82%E0%A4%A4%E0%A5%8D%E0%A4%B0%E0%A5%80+%E0%A4%AE%E0%A4%B9%E0%A4%BE%E0%A4%B0%E0%A4%BE%E0%A4%B7%E0%A5%8D%E0%A4%9F%E0%A5%8D%E0%A4%B0+%E0%A4%B0%E0%A4%BE%E0%A4%9C%E0%A5%8D%E0%A4%AF!3m4!1s0x3bc2ef2e8f94248f:0x2bafee495e176b15!8m2!3d18.4001534!4d74.007657","https://www.google.com/maps/place/%E0%A4%AE%E0%A4%BE+%E0%A4%B6%E0%A5%8D%E0%A4%B0%E0%A5%80+%E0%A4%A6%E0%A4%BE%E0%A4%A6%E0%A4%BE%E0%A4%B8%E0%A4%BE%E0%A4%B9%E0%A5%87%E0%A4%AC+%E0%A4%9C%E0%A4%BE%E0%A4%A7%E0%A4%B5%E0%A4%B0%E0%A4%BE%E0%A4%B5+%E0%A4%AE%E0%A4%BE%E0%A4%9C%E0%A5%80+%E0%A4%95%E0%A5%83%E0%A4%B7%E0%A5%80+%E0%A4%B5+%E0%A4%B8%E0%A5%88%E0%A4%A8%E0%A4%BF%E0%A4%95+%E0%A4%95%E0%A4%B2%E0%A5%8D%E0%A4%AF%E0%A4%BE%E0%A4%A3+%E0%A4%B0%E0%A4%BE%E0%A4%9C%E0%A5%8D%E0%A4%AF%E0%A4%AE%E0%A4%82%E0%A4%A4%E0%A5%8D%E0%A4%B0%E0%A5%80+%E0%A4%AE%E0%A4%B9%E0%A4%BE%E0%A4%B0%E0%A4%BE%E0%A4%B7%E0%A5%8D%E0%A4%9F%E0%A5%8D%E0%A4%B0+%E0%A4%B0%E0%A4%BE%E0%A4%9C%E0%A5%8D%E0%A4%AF/@18.4001534,74.007657,13.99z/data=!4m16!1m7!3m6!1s0x3bc2ef2e8f94248f:0x2bafee495e176b15!2s%E0%A4%AE%E0%A4%BE+%E0%A4%B6%E0%A5%8D%E0%A4%B0%E0%A5%80+%E0%A4%A6%E0%A4%BE%E0%A4%A6%E0%A4%BE%E0%A4%B8%E0%A4%BE%E0%A4%B9%E0%A5%87%E0%A4%AC+%E0%A4%9C%E0%A4%BE%E0%A4%A7%E0%A4%B5%E0%A4%B0%E0%A4%BE%E0%A4%B5+%E0%A4%AE%E0%A4%BE%E0%A4%9C%E0%A5%80+%E0%A4%95%E0%A5%83%E0%A4%B7%E0%A5%80+%E0%A4%B5+%E0%A4%B8%E0%A5%88%E0%A4%A8%E0%A4%BF%E0%A4%95+%E0%A4%95%E0%A4%B2%E0%A5%8D%E0%A4%AF%E0%A4%BE%E0%A4%A3+%E0%A4%B0%E0%A4%BE%E0%A4%9C%E0%A5%8D%E0%A4%AF%E0%A4%AE%E0%A4%82%E0%A4%A4%E0%A5%8D%E0%A4%B0%E0%A5%80+%E0%A4%AE%E0%A4%B9%E0%A4%BE%E0%A4%B0%E0%A4%BE%E0%A4%B7%E0%A5%8D%E0%A4%9F%E0%A5%8D%E0%A4%B0+%E0%A4%B0%E0%A4%BE%E0%A4%9C%E0%A5%8D%E0%A4%AF!8m2!3d18.4001534!4d74.007657!16s%2Fg%2F11ckvg1dmb!3m7!1s0x3bc2ef2e8f94248f:0x2bafee495e176b15!8m2!3d18.4001534!4d74.007657!9m1!1b1!16s%2Fg%2F11ckvg1dmb?entry=ttu",ChIJjySUjy7vwjsRFWsXXknurys,0x3bc2ef2e8f94248f:0x2bafee495e176b15,3.14799666343388E+018,/g/11h4h2gwlp,3147996663433882389
"historical landmark, 412303, Pune, Maharashtra, IN",Bajirao Mastani Point,Tourist attraction,attractions,Tourist attraction,,"Pandharpur Rd, Jadhavwadi, Maharashtra 412308",,Jadhavwadi,412308,18.4158772,74.0035287,4.5,1241,"https://search.google.com/local/reviews?placeid=ChIJs2IYAoLpwjsRCllh6L3l0Ys&q=historical+landmark,+412303,+Pune,+Maharashtra,+IN&authuser=0&hl=en&gl=IN",16,21,93,319,792,"{""Monday"": ""Open 24 hours"", ""Tuesday"": ""Open 24 hours"", ""Wednesday"": ""Open 24 hours"", ""Thursday"": ""Open 24 hours"", ""Friday"": ""Open 24 hours"", ""Saturday"": ""Open 24 hours"", ""Sunday"": ""Open 24 hours""}",,OPERATIONAL,"{""Children"": {""Good for kids"": true}}",,1,115472482274619202731,,,,"https://www.google.com/maps/place/Bajirao+Mastani+Point/@18.4158772,74.00352869999999,14z/data=!4m8!1m2!2m1!1sBajirao+Mastani+Point!3m4!1s0x3bc2e982021862b3:0x8bd1e5bde861590a!8m2!3d18.4158772!4d74.00352869999999","https://www.google.com/maps/place/Bajirao+Mastani+Point/@18.4158772,74.00352869999999,13.99z/data=!4m16!1m7!3m6!1s0x3bc2e982021862b3:0x8bd1e5bde861590a!2sBajirao+Mastani+Point!8m2!3d18.4158772!4d74.00352869999999!16s%2Fg%2F11ckvg1dmb!3m7!1s0x3bc2e982021862b3:0x8bd1e5bde861590a!8m2!3d18.4158772!4d74.00352869999999!9m1!1b1!16s%2Fg%2F11ckvg1dmb?entry=ttu",ChIJs2IYAoLpwjsRCllh6L3l0Ys,0x3bc2e982021862b3:0x8bd1e5bde861590a,1.00750864452148E+019,/g/11fls8ngzr,-8371657628494767862
"historical landmark, 412303, Pune, Maharashtra, IN",Balaji Vishvanaath Peshve Samadhi,"Historical landmark, Cemetery",Historical landmark,Historical landmark,,"82QH+XJG, Sidhheshwar Colony, Saswad, Maharashtra 412301",Sidhheshwar Colony,Saswad,412301,18.3399479,74.0290895,4.4,18,"https://search.google.com/local/reviews?placeid=ChIJyR4giYrvwjsR8mEfggHaNQs&q=historical+landmark,+412303,+Pune,+Maharashtra,+IN&authuser=0&hl=en&gl=IN",1,0,1,5,11,"{""Monday"": ""8am-6pm"", ""Tuesday"": ""8am-6pm"", ""Wednesday"": ""8am-6pm"", ""Thursday"": ""8am-6pm"", ""Friday"": ""8am-6pm"", ""Saturday"": ""8am-6pm"", ""Sunday"": ""Closed""}",,OPERATIONAL,"{""Children"": {""Good for kids"": true}}",,0,,,,,"https://www.google.com/maps/place/Balaji+Vishvanaath+Peshve+Samadhi/@18.3399479,74.0290895,14z/data=!4m8!1m2!2m1!1sBalaji+Vishvanaath+Peshve+Samadhi!3m4!1s0x3bc2ef8a89201ec9:0xb35da01821f61f2!8m2!3d18.3399479!4d74.0290895","https://www.google.com/maps/place/Balaji+Vishvanaath+Peshve+Samadhi/@18.3399479,74.0290895,13.99z/data=!4m16!1m7!3m6!1s0x3bc2ef8a89201ec9:0xb35da01821f61f2!2sBalaji+Vishvanaath+Peshve+Samadhi!8m2!3d18.3399479!4d74.0290895!16s%2Fg%2F11ckvg1dmb!3m7!1s0x3bc2ef8a89201ec9:0xb35da01821f61f2!8m2!3d18.3399479!4d74.0290895!9m1!1b1!16s%2Fg%2F11ckvg1dmb?entry=ttu",ChIJyR4giYrvwjsR8mEfggHaNQs,0x3bc2ef8a89201ec9:0xb35da01821f61f2,8.07791408195789E+017,/g/1vg_5r7v,807791408195789298
"historical landmark, 412303, Pune, Maharashtra, IN","Fort JadhavGADH, Pune","Hotel, Cottage, Event venue, Heritage building, History museum, Resort hotel, Wedding venue",hotels,Hotel,+91 91691 66789,"Hadapsar - Saswad - Jejuri Rd, Jadhavwadi, Maharashtra 412301",,Jadhavwadi,412301,18.3955478,74.0028804,4.3,5797,"https://search.google.com/local/reviews?placeid=ChIJddJGIfXAwjsRM8sucWD1xhg&q=historical+landmark,+412303,+Pune,+Maharashtra,+IN&authuser=0&hl=en&gl=IN",143,129,619,1756,3150,,,OPERATIONAL,"{""Other"": {""Pool"": true, ""Spa"": true, ""Free breakfast"": true, ""Free Wi-Fi"": true, ""Star rating"": ""5 stars"", ""Check-out time"": ""10:00 am"", ""Check-in time"": ""1:00 pm""}, ""Amenities"": {""Free Wi-Fi"": true, ""Free breakfast"": true}}","Upscale hotel in a converted 18th-century fort offering warm quarters, an outdoor pool & a spa.",1,101898421452260820541,,,,"https://www.google.com/maps/place/Fort+JadhavGADH%2C+Pune/@18.3955478,74.0028804,14z/data=!4m8!1m2!2m1!1sFort+JadhavGADH%2C+Pune!3m4!1s0x3bc2c0f52146d275:0x18c6f560712ecb33!8m2!3d18.3955478!4d74.0028804","https://www.google.com/maps/place/Fort+JadhavGADH%2C+Pune/@18.3955478,74.0028804,13.99z/data=!4m16!1m7!3m6!1s0x3bc2c0f52146d275:0x18c6f560712ecb33!2sFort+JadhavGADH%2C+Pune!8m2!3d18.3955478!4d74.0028804!16s%2Fg%2F11ckvg1dmb!3m7!1s0x3bc2c0f52146d275:0x18c6f560712ecb33!8m2!3d18.3955478!4d74.0028804!9m1!1b1!16s%2Fg%2F11ckvg1dmb?entry=ttu",ChIJddJGIfXAwjsRM8sucWD1xhg,0x3bc2c0f52146d275:0x18c6f560712ecb33,1.78538409686354E+018,/g/1tdkw3r8,1785384096863537971
"historical landmark, 412303, Pune, Maharashtra, IN",Panavdi Ghat,Tourist attraction,attractions,Tourist attraction,,"72PC+HF8, Panvadi, Maharashtra 412301",,Panvadi,412301,18.2864036,74.0212122,4.7,55,"https://search.google.com/local/reviews?placeid=ChIJ_R5__wDxwjsRkZOHfhUX220&q=historical+landmark,+412303,+Pune,+Maharashtra,+IN&authuser=0&hl=en&gl=IN",0,0,0,14,41,,,OPERATIONAL,"{""Accessibility"": {""Wheelchair-accessible car park"": false, ""Wheelchair-accessible entrance"": false}, ""Children"": {""Good for kids"": true}}",,0,,,,,"https://www.google.com/maps/place/Panavdi+Ghat/@18.2864036,74.0212122,14z/data=!4m8!1m2!2m1!1sPanavdi+Ghat!3m4!1s0x3bc2f100ff7f1efd:0x6ddb17157e879391!8m2!3d18.2864036!4d74.0212122","https://www.google.com/maps/place/Panavdi+Ghat/@18.2864036,74.0212122,13.99z/data=!4m16!1m7!3m6!1s0x3bc2f100ff7f1efd:0x6ddb17157e879391!2sPanavdi+Ghat!8m2!3d18.2864036!4d74.0212122!16s%2Fg%2F11ckvg1dmb!3m7!1s0x3bc2f100ff7f1efd:0x6ddb17157e879391!8m2!3d18.2864036!4d74.0212122!9m1!1b1!16s%2Fg%2F11ckvg1dmb?entry=ttu",ChIJ_R5__wDxwjsRkZOHfhUX220,0x3bc2f100ff7f1efd:0x6ddb17157e879391,7.91594615111835E+018,/g/11r9bk5qx0,7915946151118345105
"historical landmark, 412303, Pune, Maharashtra, IN",Rajmachi Fort,"Historical place, Fortress, Tourist attraction",attractions,Historical place,,"R9JW+G3J, Pune, Maharashtra 410405",,Pune,410405,18.8313284,73.3951504,4.6,2918,"https://search.google.com/local/reviews?placeid=ChIJ28EvXz7-5zsRKkokZzSFDVc&q=historical+landmark,+412303,+Pune,+Maharashtra,+IN&authuser=0&hl=en&gl=IN",40,22,171,662,2023,"{""Monday"": ""Open 24 hours"", ""Tuesday"": ""Open 24 hours"", ""Wednesday"": ""Open 24 hours"", ""Thursday"": ""Open 24 hours"", ""Friday"": ""Open 24 hours"", ""Saturday"": ""Open 24 hours"", ""Sunday"": ""Open 24 hours""}",,OPERATIONAL,"{""Service options"": {""On-site services"": true}, ""Accessibility"": {""Wheelchair-accessible car park"": false, ""Wheelchair-accessible entrance"": false}, ""Children"": {""Good for kids"": true}, ""Parking"": {""Free parking lot"": true}}","Remnants of a former hilltop fort, popular for scenic, challenging hikes, plus biking & camping.",0,,,,,"https://www.google.com/maps/place/Rajmachi+Fort/@18.8313284,73.39515039999999,14z/data=!4m8!1m2!2m1!1sRajmachi+Fort!3m4!1s0x3be7fe3e5f2fc1db:0x570d853467244a2a!8m2!3d18.8313284!4d73.39515039999999","https://www.google.com/maps/place/Rajmachi+Fort/@18.8313284,73.39515039999999,13.99z/data=!4m16!1m7!3m6!1s0x3be7fe3e5f2fc1db:0x570d853467244a2a!2sRajmachi+Fort!8m2!3d18.8313284!4d73.39515039999999!16s%2Fg%2F11ckvg1dmb!3m7!1s0x3be7fe3e5f2fc1db:0x570d853467244a2a!8m2!3d18.8313284!4d73.39515039999999!9m1!1b1!16s%2Fg%2F11ckvg1dmb?entry=ttu",ChIJ28EvXz7-5zsRKkokZzSFDVc,0x3be7fe3e5f2fc1db:0x570d853467244a2a,6.2728163161122E+018,/g/11d_29sxwg,6272816316112194090
"historical landmark, 412303, Pune, Maharashtra, IN",Kumbharvalan Stepwell,Historical landmark,Historical landmark,Historical landmark,,"Kumbharvalan, Maharashtra 411001",,Kumbharvalan,411001,18.3572108,74.0593872,1.5,2,"https://search.google.com/local/reviews?placeid=ChIJq_bRT07lwjsRcqE9VIqcD2E&q=historical+landmark,+412303,+Pune,+Maharashtra,+IN&authuser=0&hl=en&gl=IN",1,1,0,0,0,,,OPERATIONAL,"{""Children"": {""Good for kids"": true}}",,1,116112889694181832455,,,,"https://www.google.com/maps/place/Kumbharvalan+Stepwell/@18.3572108,74.0593872,14z/data=!4m8!1m2!2m1!1sKumbharvalan+Stepwell!3m4!1s0x3bc2e54e4fd1f6ab:0x610f9c8a543da172!8m2!3d18.3572108!4d74.0593872","https://www.google.com/maps/place/Kumbharvalan+Stepwell/@18.3572108,74.0593872,13.99z/data=!4m16!1m7!3m6!1s0x3bc2e54e4fd1f6ab:0x610f9c8a543da172!2sKumbharvalan+Stepwell!8m2!3d18.3572108!4d74.0593872!16s%2Fg%2F11ckvg1dmb!3m7!1s0x3bc2e54e4fd1f6ab:0x610f9c8a543da172!8m2!3d18.3572108!4d74.0593872!9m1!1b1!16s%2Fg%2F11ckvg1dmb?entry=ttu",ChIJq_bRT07lwjsRcqE9VIqcD2E,0x3bc2e54e4fd1f6ab:0x610f9c8a543da172,6.99398086426241E+018,/g/11jzr85k33,6993980864262414706
"historical landmark, 412303, Pune, Maharashtra, IN","Tribal Cultural museum,Pune",Museum,museums,Museum,,"Tribal Research & Training Institute, Koregaon Rd, Camp, Pune, Maharashtra 411001",Camp,Pune,411001,18.5297077,73.885878,4.7,28,"https://search.google.com/local/reviews?placeid=ChIJ8311bDvBwjsR3AC7oPrePV8&q=historical+landmark,+412303,+Pune,+Maharashtra,+IN&authuser=0&hl=en&gl=IN",0,1,0,5,22,"{""Monday"": ""10am-5pm"", ""Tuesday"": ""10am-5pm"", ""Wednesday"": ""10am-5pm"", ""Thursday"": ""10am-5pm"", ""Friday"": ""10am-5pm"", ""Saturday"": ""Closed"", ""Sunday"": ""Closed""}",,OPERATIONAL,"{""Accessibility"": {""Wheelchair-accessible car park"": true, ""Wheelchair-accessible entrance"": true}, ""Amenities"": {""Toilets"": true}, ""Children"": {""Good for kids"": true}}",,0,,,,,"https://www.google.com/maps/place/Tribal+Cultural+museum%2CPune/@18.5297077,73.88587799999999,14z/data=!4m8!1m2!2m1!1sTribal+Cultural+museum%2CPune!3m4!1s0x3bc2c13b6c757df3:0x5f3ddefaa0bb00dc!8m2!3d18.5297077!4d73.88587799999999","https://www.google.com/maps/place/Tribal+Cultural+museum%2CPune/@18.5297077,73.88587799999999,13.99z/data=!4m16!1m7!3m6!1s0x3bc2c13b6c757df3:0x5f3ddefaa0bb00dc!2sTribal+Cultural+museum%2CPune!8m2!3d18.5297077!4d73.88587799999999!16s%2Fg%2F11ckvg1dmb!3m7!1s0x3bc2c13b6c757df3:0x5f3ddefaa0bb00dc!8m2!3d18.5297077!4d73.88587799999999!9m1!1b1!16s%2Fg%2F11ckvg1dmb?entry=ttu",ChIJ8311bDvBwjsR3AC7oPrePV8,0x3bc2c13b6c757df3:0x5f3ddefaa0bb00dc,6.8628865752023E+018,/g/11svmtfq_y,6862886575202304220
"historical landmark, 412303, Pune, Maharashtra, IN",Samay Point,Vista point,Vista point,Vista point,,"C283+CH6, Hadapsar - Saswad - Jejuri Rd, Jadhavwadi, Maharashtra 412308",,Jadhavwadi,412308,18.416047,74.0038881,4.3,970,"https://search.google.com/local/reviews?placeid=ChIJLcQx1MfowjsRYL9eGJ7o3lM&q=historical+landmark,+412303,+Pune,+Maharashtra,+IN&authuser=0&hl=en&gl=IN",14,17,119,314,506,"{""Monday"": ""Open 24 hours"", ""Tuesday"": ""Open 24 hours"", ""Wednesday"": ""Open 24 hours"", ""Thursday"": ""Open 24 hours"", ""Friday"": ""Open 24 hours"", ""Saturday"": ""Open 24 hours"", ""Sunday"": ""Open 24 hours""}",,OPERATIONAL,{},,0,,,,,"https://www.google.com/maps/place/Samay+Point/@18.416047,74.0038881,14z/data=!4m8!1m2!2m1!1sSamay+Point!3m4!1s0x3bc2e8c7d431c42d:0x53dee89e185ebf60!8m2!3d18.416047!4d74.0038881","https://www.google.com/maps/place/Samay+Point/@18.416047,74.0038881,13.99z/data=!4m16!1m7!3m6!1s0x3bc2e8c7d431c42d:0x53dee89e185ebf60!2sSamay+Point!8m2!3d18.416047!4d74.0038881!16s%2Fg%2F11ckvg1dmb!3m7!1s0x3bc2e8c7d431c42d:0x53dee89e185ebf60!8m2!3d18.416047!4d74.0038881!9m1!1b1!16s%2Fg%2F11ckvg1dmb?entry=ttu",ChIJLcQx1MfowjsRYL9eGJ7o3lM,0x3bc2e8c7d431c42d:0x53dee89e185ebf60,6.04352351568912E+018,/g/11dxm4z70g,6043523515689123680
"historical landmark, 412303, Pune, Maharashtra, IN",Purandar Fort,"Tourist attraction, Fortress",attractions,Tourist attraction,,"7XJM+CM3, Purandar Rd, Gherapurandhar, Maharashtra 412205",,Gherapurandhar,412205,18.2825268,73.973492,4.6,8174,"https://search.google.com/local/reviews?placeid=ChIJTYz5GbfxwjsRhW4NOPLR39U&q=historical+landmark,+412303,+Pune,+Maharashtra,+IN&authuser=0&hl=en&gl=IN",186,69,357,1562,6000,"{""Monday"": ""10am-3:30pm"", ""Tuesday"": ""10am-3:30pm"", ""Wednesday"": ""10am-3:30pm"", ""Thursday"": ""10am-3:30pm"", ""Friday"": ""10am-3:30pm"", ""Saturday"": ""10am-3:30pm"", ""Sunday"": ""10am-3:30pm""}",,OPERATIONAL,"{""Service options"": {""On-site services"": true}, ""Accessibility"": {""Wheelchair-accessible car park"": true}, ""Children"": {""Good for kids"": true}, ""Parking"": {""Free parking lot"": true}}",Historic mountaintop fort with sweeping views on the site of an army training camp (ID required).,0,,,,,"https://www.google.com/maps/place/Purandar+Fort/@18.2825268,73.973492,14z/data=!4m8!1m2!2m1!1sPurandar+Fort!3m4!1s0x3bc2f1b719f98c4d:0xd5dfd1f2380d6e85!8m2!3d18.2825268!4d73.973492","https://www.google.com/maps/place/Purandar+Fort/@18.2825268,73.973492,13.99z/data=!4m16!1m7!3m6!1s0x3bc2f1b719f98c4d:0xd5dfd1f2380d6e85!2sPurandar+Fort!8m2!3d18.2825268!4d73.973492!16s%2Fg%2F11ckvg1dmb!3m7!1s0x3bc2f1b719f98c4d:0xd5dfd1f2380d6e85!8m2!3d18.2825268!4d73.973492!9m1!1b1!16s%2Fg%2F11ckvg1dmb?entry=ttu",ChIJTYz5GbfxwjsRhW4NOPLR39U,0x3bc2f1b719f98c4d:0xd5dfd1f2380d6e85,1.54112672881378E+019,/m/05c24pq,-3035476785571729787
"historical landmark, 412303, Pune, Maharashtra, IN",DIVE GHAT,"Historical landmark, Tourist attraction",attractions,Historical landmark,,"CX8V+6QP, Pandharpur Rd, Jadhavwadi, Wadki, Maharashtra 412308",,"Jadhavwadi, Wadki",412308,18.4155944,73.994452,4.5,1570,"https://search.google.com/local/reviews?placeid=ChIJkerOrdrowjsRIC1PJwTR4sw&q=historical+landmark,+412303,+Pune,+Maharashtra,+IN&authuser=0&hl=en&gl=IN",35,21,103,373,1038,,,OPERATIONAL,"{""Service options"": {""On-site services"": true}, ""Children"": {""Good for kids"": true}}",Hilly driving & biking route with views of lakeside temples & a vast statue of Hindu deity Vitthal.,0,,,,,"https://www.google.com/maps/place/DIVE+GHAT/@18.4155944,73.994452,14z/data=!4m8!1m2!2m1!1sDIVE+GHAT!3m4!1s0x3bc2e8daadceea91:0xcce2d104274f2d20!8m2!3d18.4155944!4d73.994452","https://www.google.com/maps/place/DIVE+GHAT/@18.4155944,73.994452,13.99z/data=!4m16!1m7!3m6!1s0x3bc2e8daadceea91:0xcce2d104274f2d20!2sDIVE+GHAT!8m2!3d18.4155944!4d73.994452!16s%2Fg%2F11ckvg1dmb!3m7!1s0x3bc2e8daadceea91:0xcce2d104274f2d20!8m2!3d18.4155944!4d73.994452!9m1!1b1!16s%2Fg%2F11ckvg1dmb?entry=ttu",ChIJkerOrdrowjsRIC1PJwTR4sw,0x3bc2e8daadceea91:0xcce2d104274f2d20,1.47635923442435E+019,/g/11j7vdyfqv,-3683151729466069728
"historical landmark, 412303, Pune, Maharashtra, IN",Chhatrapati Shivaji Maharaj Chowk,Historical landmark,Historical landmark,Historical landmark,,"75H6+C36, ​Pune - Pandharpur Rd, Jejuri, Maharashtra 412303",,Jejuri,412303,18.2785387,74.1601416,4.4,8,"https://search.google.com/local/reviews?placeid=ChIJIX35fpP9wjsRTqXBvzboLLs&q=historical+landmark,+412303,+Pune,+Maharashtra,+IN&authuser=0&hl=en&gl=IN",1,0,0,1,6,,,CLOSED_TEMPORARILY,{},,0,,,,,"https://www.google.com/maps/place/Chhatrapati+Shivaji+Maharaj+Chowk/@18.2785387,74.1601416,14z/data=!4m8!1m2!2m1!1sChhatrapati+Shivaji+Maharaj+Chowk!3m4!1s0x3bc2fd937ef97d21:0xbb2ce836bfc1a54e!8m2!3d18.2785387!4d74.1601416","https://www.google.com/maps/place/Chhatrapati+Shivaji+Maharaj+Chowk/@18.2785387,74.1601416,13.99z/data=!4m16!1m7!3m6!1s0x3bc2fd937ef97d21:0xbb2ce836bfc1a54e!2sChhatrapati+Shivaji+Maharaj+Chowk!8m2!3d18.2785387!4d74.1601416!16s%2Fg%2F11ckvg1dmb!3m7!1s0x3bc2fd937ef97d21:0xbb2ce836bfc1a54e!8m2!3d18.2785387!4d74.1601416!9m1!1b1!16s%2Fg%2F11ckvg1dmb?entry=ttu",ChIJIX35fpP9wjsRTqXBvzboLLs,0x3bc2fd937ef97d21:0xbb2ce836bfc1a54e,1.34874103059108E+019,/g/11spszk_dv,-4959333767798741682
"historical landmark, 412303, Pune, Maharashtra, IN",अमर चौक,Historical landmark,Historical landmark,Historical landmark,,"Purndhar, Samruddhi Malhar Office No 33 Pargao Road Dist, Tal, Saswad",Kumbharwada,Saswad,,18.3446751,74.0293835,5,1,"https://search.google.com/local/reviews?placeid=ChIJ705wdADvwjsRPAcbtiFW5rk&q=historical+landmark,+412303,+Pune,+Maharashtra,+IN&authuser=0&hl=en&gl=IN",0,0,0,0,1,,,CLOSED_TEMPORARILY,{},,0,,,,,"https://www.google.com/maps/place/%E0%A4%85%E0%A4%AE%E0%A4%B0+%E0%A4%9A%E0%A5%8C%E0%A4%95/@18.3446751,74.0293835,14z/data=!4m8!1m2!2m1!1s%E0%A4%85%E0%A4%AE%E0%A4%B0+%E0%A4%9A%E0%A5%8C%E0%A4%95!3m4!1s0x3bc2ef0074704eef:0xb9e65621b61b073c!8m2!3d18.3446751!4d74.0293835","https://www.google.com/maps/place/%E0%A4%85%E0%A4%AE%E0%A4%B0+%E0%A4%9A%E0%A5%8C%E0%A4%95/@18.3446751,74.0293835,13.99z/data=!4m16!1m7!3m6!1s0x3bc2ef0074704eef:0xb9e65621b61b073c!2s%E0%A4%85%E0%A4%AE%E0%A4%B0+%E0%A4%9A%E0%A5%8C%E0%A4%95!8m2!3d18.3446751!4d74.0293835!16s%2Fg%2F11ckvg1dmb!3m7!1s0x3bc2ef0074704eef:0xb9e65621b61b073c!8m2!3d18.3446751!4d74.0293835!9m1!1b1!16s%2Fg%2F11ckvg1dmb?entry=ttu",ChIJ705wdADvwjsRPAcbtiFW5rk,0x3bc2ef0074704eef:0xb9e65621b61b073c,1.33954888444493E+019,/g/11y433tqk2,-5051255229260298436
"historical landmark, 412303, Pune, Maharashtra, IN",Hidden Pathway to Shaniwar wada,Historical landmark,Historical landmark,Historical landmark,,"CXCX+23Q, Wadakinala, Wadki, Maharashtra 412308",Wadakinala,Wadki,412308,18.4200755,73.9977328,5,1,"https://search.google.com/local/reviews?placeid=ChIJHXGaHTHpwjsRni9YraNAads&q=historical+landmark,+412303,+Pune,+Maharashtra,+IN&authuser=0&hl=en&gl=IN",0,0,0,0,1,,,CLOSED_TEMPORARILY,{},,0,,,,,"https://www.google.com/maps/place/Hidden+Pathway+to+Shaniwar+wada/@18.4200755,73.9977328,14z/data=!4m8!1m2!2m1!1sHidden+Pathway+to+Shaniwar+wada!3m4!1s0x3bc2e9311d9a711d:0xdb6940a3ad582f9e!8m2!3d18.4200755!4d73.9977328","https://www.google.com/maps/place/Hidden+Pathway+to+Shaniwar+wada/@18.4200755,73.9977328,13.99z/data=!4m16!1m7!3m6!1s0x3bc2e9311d9a711d:0xdb6940a3ad582f9e!2sHidden+Pathway+to+Shaniwar+wada!8m2!3d18.4200755!4d73.9977328!16s%2Fg%2F11ckvg1dmb!3m7!1s0x3bc2e9311d9a711d:0xdb6940a3ad582f9e!8m2!3d18.4200755!4d73.9977328!9m1!1b1!16s%2Fg%2F11ckvg1dmb?entry=ttu",ChIJHXGaHTHpwjsRni9YraNAads,0x3bc2e9311d9a711d:0xdb6940a3ad582f9e,1.58102390385929E+019,/g/11q86h7tvn,-2636505035116630114
"historical landmark, 412303, Pune, Maharashtra, IN",Hivare Chaufula,Historical landmark,Historical landmark,Historical landmark,,"9X4X+X6X, Saswad - Bopdev - Pune Rd, hiware, Maharashtra 412301",,hiware,412301,18.357602,73.9983266,5,3,"https://search.google.com/local/reviews?placeid=ChIJG61PVfPvwjsRCwbZqBb1ygg&q=historical+landmark,+412303,+Pune,+Maharashtra,+IN&authuser=0&hl=en&gl=IN",0,0,0,0,3,,,CLOSED_TEMPORARILY,{},,0,,,,,"https://www.google.com/maps/place/Hivare+Chaufula/@18.357602,73.9983266,14z/data=!4m8!1m2!2m1!1sHivare+Chaufula!3m4!1s0x3bc2eff3554fad1b:0x8caf516a8d9060b!8m2!3d18.357602!4d73.9983266","https://www.google.com/maps/place/Hivare+Chaufula/@18.357602,73.9983266,13.99z/data=!4m16!1m7!3m6!1s0x3bc2eff3554fad1b:0x8caf516a8d9060b!2sHivare+Chaufula!8m2!3d18.357602!4d73.9983266!16s%2Fg%2F11ckvg1dmb!3m7!1s0x3bc2eff3554fad1b:0x8caf516a8d9060b!8m2!3d18.357602!4d73.9983266!9m1!1b1!16s%2Fg%2F11ckvg1dmb?entry=ttu",ChIJG61PVfPvwjsRCwbZqBb1ygg,0x3bc2eff3554fad1b:0x8caf516a8d9060b,6.33588175269857E+017,/g/11krd7m124,633588175269856779
"historical landmark, 412303, Pune, Maharashtra, IN",Zendewadi darwaja,Historical landmark,Historical landmark,Historical landmark,,"C26X+VQG, Kalewadi, Maharashtra 412301",,Kalewadi,412301,18.4125914,74.0489664,5,1,"https://search.google.com/local/reviews?placeid=ChIJNfCIMQDnwjsRaHGw1sJnoHA&q=historical+landmark,+412303,+Pune,+Maharashtra,+IN&authuser=0&hl=en&gl=IN",0,0,0,0,1,,,CLOSED_TEMPORARILY,{},,0,,,,,"https://www.google.com/maps/place/Zendewadi+darwaja/@18.4125914,74.0489664,14z/data=!4m8!1m2!2m1!1sZendewadi+darwaja!3m4!1s0x3bc2e7003188f035:0x70a067c2d6b07168!8m2!3d18.4125914!4d74.0489664","https://www.google.com/maps/place/Zendewadi+darwaja/@18.4125914,74.0489664,13.99z/data=!4m16!1m7!3m6!1s0x3bc2e7003188f035:0x70a067c2d6b07168!2sZendewadi+darwaja!8m2!3d18.4125914!4d74.0489664!16s%2Fg%2F11ckvg1dmb!3m7!1s0x3bc2e7003188f035:0x70a067c2d6b07168!8m2!3d18.4125914!4d74.0489664!9m1!1b1!16s%2Fg%2F11ckvg1dmb?entry=ttu",ChIJNfCIMQDnwjsRaHGw1sJnoHA,0x3bc2e7003188f035:0x70a067c2d6b07168,8.11560061504484E+018,/g/11vzdftpn2,8115600615044837736
"historical landmark, 412303, Pune, Maharashtra, IN","Jagtap Wasti, ambale",Historical landmark,Historical landmark,Historical landmark,,"C45X+WF3, Ambale, Maharashtra 412104",,Ambale,412104,18.4091669,74.1492169,4.8,5,"https://search.google.com/local/reviews?placeid=ChIJ3QApGgPjwjsRyUE4_tbturI&q=historical+landmark,+412303,+Pune,+Maharashtra,+IN&authuser=0&hl=en&gl=IN",0,0,0,1,4,,,CLOSED_TEMPORARILY,{},,0,,,,,"https://www.google.com/maps/place/Jagtap+Wasti%2C+ambale/@18.4091669,74.1492169,14z/data=!4m8!1m2!2m1!1sJagtap+Wasti%2C+ambale!3m4!1s0x3bc2e3031a2900dd:0xb2baedd6fe3841c9!8m2!3d18.4091669!4d74.1492169","https://www.google.com/maps/place/Jagtap+Wasti%2C+ambale/@18.4091669,74.1492169,13.99z/data=!4m16!1m7!3m6!1s0x3bc2e3031a2900dd:0xb2baedd6fe3841c9!2sJagtap+Wasti%2C+ambale!8m2!3d18.4091669!4d74.1492169!16s%2Fg%2F11ckvg1dmb!3m7!1s0x3bc2e3031a2900dd:0xb2baedd6fe3841c9!8m2!3d18.4091669!4d74.1492169!9m1!1b1!16s%2Fg%2F11ckvg1dmb?entry=ttu",ChIJ3QApGgPjwjsRyUE4_tbturI,0x3bc2e3031a2900dd:0xb2baedd6fe3841c9,1.28788675920632E+019,/g/11rzsvmzg7,12878867592063238601
"historical landmark, 412303, Pune, Maharashtra, IN",Padmavati Lake,Historical landmark,Historical landmark,Historical landmark,,"7XJF+W7V, At Post Kaldari, Taluka, Purandar, Gherapurandhar, Maharashtra 412205",Purandar,Gherapurandhar,412205,18.2823749,73.9731668,5,1,"https://search.google.com/local/reviews?placeid=ChIJlUAYis3xwjsRD0ACF8xrD30&q=historical+landmark,+412303,+Pune,+Maharashtra,+IN&authuser=0&hl=en&gl=IN",0,0,0,0,1,,,CLOSED_TEMPORARILY,{},,0,,,,,"https://www.google.com/maps/place/Padmavati+Lake/@18.2823749,73.9731668,14z/data=!4m8!1m2!2m1!1sPadmavati+Lake!3m4!1s0x3bc2f1cd8a184095:0x7d0f6bcc1702400f!8m2!3d18.2823749!4d73.9731668","https://www.google.com/maps/place/Padmavati+Lake/@18.2823749,73.9731668,13.99z/data=!4m16!1m7!3m6!1s0x3bc2f1cd8a184095:0x7d0f6bcc1702400f!2sPadmavati+Lake!8m2!3d18.2823749!4d73.9731668!16s%2Fg%2F11ckvg1dmb!3m7!1s0x3bc2f1cd8a184095:0x7d0f6bcc1702400f!8m2!3d18.2823749!4d73.9731668!9m1!1b1!16s%2Fg%2F11ckvg1dmb?entry=ttu",ChIJlUAYis3xwjsRD0ACF8xrD30,0x3bc2f1cd8a184095:0x7d0f6bcc1702400f,9.01153990369518E+018,/g/11ny4037sw,9011539903695175695
"historical landmark, 412303, Pune, Maharashtra, IN",Nira,Historical landmark,Historical landmark,Historical landmark,,"55F7+VRC, Walhe-Sukalwadi-Bahirjichiwadi-Rakh Rd, Moralachiwadi, Walhe, Maharashtra 412305",,"Moralachiwadi, Walhe",412305,18.1746943,74.1645018,4.5,4,"https://search.google.com/local/reviews?placeid=ChIJr1xMYYz_wjsRBIXTU6wdyAM&q=historical+landmark,+412303,+Pune,+Maharashtra,+IN&authuser=0&hl=en&gl=IN",0,0,1,0,3,,,CLOSED_TEMPORARILY,{},,0,,,,,"https://www.google.com/maps/place/Nira/@18.1746943,74.1645018,14z/data=!4m8!1m2!2m1!1sNira!3m4!1s0x3bc2ff8c614c5caf:0x3c81dac53d38504!8m2!3d18.1746943!4d74.1645018","https://www.google.com/maps/place/Nira/@18.1746943,74.1645018,13.99z/data=!4m16!1m7!3m6!1s0x3bc2ff8c614c5caf:0x3c81dac53d38504!2sNira!8m2!3d18.1746943!4d74.1645018!16s%2Fg%2F11ckvg1dmb!3m7!1s0x3bc2ff8c614c5caf:0x3c81dac53d38504!8m2!3d18.1746943!4d74.1645018!9m1!1b1!16s%2Fg%2F11ckvg1dmb?entry=ttu",ChIJr1xMYYz_wjsRBIXTU6wdyAM,0x3bc2ff8c614c5caf:0x3c81dac53d38504,2.72500403433867E+017,/g/11ngt49v4z,272500403433866500
"historical landmark, 412303, Pune, Maharashtra, IN",Sahajpurwadi Stepwell,Historical landmark,Historical landmark,Historical landmark,,"F5VG+VJV, Pune, Maharashtra 412202",,Pune,412202,18.4944883,74.1763933,2,1,"https://search.google.com/local/reviews?placeid=ChIJk5w7OWbhwjsRdBEhC0ZTBAI&q=historical+landmark,+412303,+Pune,+Maharashtra,+IN&authuser=0&hl=en&gl=IN",0,1,0,0,0,,,CLOSED_TEMPORARILY,{},,0,,,,,"https://www.google.com/maps/place/Sahajpurwadi+Stepwell/@18.4944883,74.1763933,14z/data=!4m8!1m2!2m1!1sSahajpurwadi+Stepwell!3m4!1s0x3bc2e166393b9c93:0x20453460b211174!8m2!3d18.4944883!4d74.1763933","https://www.google.com/maps/place/Sahajpurwadi+Stepwell/@18.4944883,74.1763933,13.99z/data=!4m16!1m7!3m6!1s0x3bc2e166393b9c93:0x20453460b211174!2sSahajpurwadi+Stepwell!8m2!3d18.4944883!4d74.1763933!16s%2Fg%2F11ckvg1dmb!3m7!1s0x3bc2e166393b9c93:0x20453460b211174!8m2!3d18.4944883!4d74.1763933!9m1!1b1!16s%2Fg%2F11ckvg1dmb?entry=ttu",ChIJk5w7OWbhwjsRdBEhC0ZTBAI,0x3bc2e166393b9c93:0x20453460b211174,1.45332648282231E+017,/g/11kpdtx969,145332648282231156
"historical landmark, 412303, Pune, Maharashtra, IN",केदार दरवाजा,Historical landmark,ऐतिहासिक लैंडमार्क,Historical landmark,,"7XGC+QVJ, Gherapurandhar, Maharashtra 412205",,Gherapurandhar,412205,18.2769508,73.9721402,4,1,"https://search.google.com/local/reviews?placeid=ChIJEzTDCmjxwjsRkz2IgyHcQ5w&q=historical+landmark,+412303,+Pune,+Maharashtra,+IN&authuser=0&hl=en&gl=IN",0,0,0,1,0,,,CLOSED_TEMPORARILY,{},,0,,,,,"https://www.google.com/maps/place/%E0%A4%95%E0%A5%87%E0%A4%A6%E0%A4%BE%E0%A4%B0+%E0%A4%A6%E0%A4%B0%E0%A4%B5%E0%A4%BE%E0%A4%9C%E0%A4%BE/@18.276950799999998,73.9721402,14z/data=!4m8!1m2!2m1!1s%E0%A4%95%E0%A5%87%E0%A4%A6%E0%A4%BE%E0%A4%B0+%E0%A4%A6%E0%A4%B0%E0%A4%B5%E0%A4%BE%E0%A4%9C%E0%A4%BE!3m4!1s0x3bc2f1680ac33413:0x9c43dc2183883d93!8m2!3d18.276950799999998!4d73.9721402","https://www.google.com/maps/place/%E0%A4%95%E0%A5%87%E0%A4%A6%E0%A4%BE%E0%A4%B0+%E0%A4%A6%E0%A4%B0%E0%A4%B5%E0%A4%BE%E0%A4%9C%E0%A4%BE/@18.276950799999998,73.9721402,13.99z/data=!4m16!1m7!3m6!1s0x3bc2f1680ac33413:0x9c43dc2183883d93!2s%E0%A4%95%E0%A5%87%E0%A4%A6%E0%A4%BE%E0%A4%B0+%E0%A4%A6%E0%A4%B0%E0%A4%B5%E0%A4%BE%E0%A4%9C%E0%A4%BE!8m2!3d18.276950799999998!4d73.9721402!16s%2Fg%2F11ckvg1dmb!3m7!1s0x3bc2f1680ac33413:0x9c43dc2183883d93!8m2!3d18.276950799999998!4d73.9721402!9m1!1b1!16s%2Fg%2F11ckvg1dmb?entry=ttu",ChIJEzTDCmjxwjsRkz2IgyHcQ5w,0x3bc2f1680ac33413:0x9c43dc2183883d93,1.12600855298552E+019,/g/11qpxqt9ns,11260085529855147411
"historical landmark, 412303, Pune, Maharashtra, IN",Dalimb Stepwell,Historical landmark,Historical landmark,Historical landmark,,"C4XV+FXQ, Dalimb, Maharashtra 412202",,Dalimb,412202,18.4485158,74.1448786,4.8,5,"https://search.google.com/local/reviews?placeid=ChIJH6_f4LDhwjsRd6J1Xsi78s0&q=historical+landmark,+412303,+Pune,+Maharashtra,+IN&authuser=0&hl=en&gl=IN",0,0,0,1,4,,,CLOSED_TEMPORARILY,{},,0,,,,,"https://www.google.com/maps/place/Dalimb+Stepwell/@18.4485158,74.1448786,14z/data=!4m8!1m2!2m1!1sDalimb+Stepwell!3m4!1s0x3bc2e1b0e0dfaf1f:0xcdf2bbc85e75a277!8m2!3d18.4485158!4d74.1448786","https://www.google.com/maps/place/Dalimb+Stepwell/@18.4485158,74.1448786,13.99z/data=!4m16!1m7!3m6!1s0x3bc2e1b0e0dfaf1f:0xcdf2bbc85e75a277!2sDalimb+Stepwell!8m2!3d18.4485158!4d74.1448786!16s%2Fg%2F11ckvg1dmb!3m7!1s0x3bc2e1b0e0dfaf1f:0xcdf2bbc85e75a277!8m2!3d18.4485158!4d74.1448786!9m1!1b1!16s%2Fg%2F11ckvg1dmb?entry=ttu",ChIJH6_f4LDhwjsRd6J1Xsi78s0,0x3bc2e1b0e0dfaf1f:0xcdf2bbc85e75a277,1.48401301913918E+019,/g/11t_zd1jwv,-3606613882317725065
"historical landmark, 412303, Pune, Maharashtra, IN",बिरोबा देवस्थान,Historical landmark,ऐतिहासिक स्थळ,Historical landmark,,"66QQ+MHJ, Nawali, Maharashtra 412305",,Nawali,412305,18.2392017,74.2388909,5,1,"https://search.google.com/local/reviews?placeid=ChIJGydv0XABwzsREvH2OSPknfk&q=historical+landmark,+412303,+Pune,+Maharashtra,+IN&authuser=0&hl=en&gl=IN",0,0,0,0,1,,,CLOSED_TEMPORARILY,{},,0,,,,,"https://www.google.com/maps/place/%E0%A4%AC%E0%A4%BF%E0%A4%B0%E0%A5%8B%E0%A4%AC%E0%A4%BE+%E0%A4%A6%E0%A5%87%E0%A4%B5%E0%A4%B8%E0%A5%8D%E0%A4%A5%E0%A4%BE%E0%A4%A8/@18.2392017,74.2388909,14z/data=!4m8!1m2!2m1!1s%E0%A4%AC%E0%A4%BF%E0%A4%B0%E0%A5%8B%E0%A4%AC%E0%A4%BE+%E0%A4%A6%E0%A5%87%E0%A4%B5%E0%A4%B8%E0%A5%8D%E0%A4%A5%E0%A4%BE%E0%A4%A8!3m4!1s0x3bc30170d16f271b:0xf99de42339f6f112!8m2!3d18.2392017!4d74.2388909","https://www.google.com/maps/place/%E0%A4%AC%E0%A4%BF%E0%A4%B0%E0%A5%8B%E0%A4%AC%E0%A4%BE+%E0%A4%A6%E0%A5%87%E0%A4%B5%E0%A4%B8%E0%A5%8D%E0%A4%A5%E0%A4%BE%E0%A4%A8/@18.2392017,74.2388909,13.99z/data=!4m16!1m7!3m6!1s0x3bc30170d16f271b:0xf99de42339f6f112!2s%E0%A4%AC%E0%A4%BF%E0%A4%B0%E0%A5%8B%E0%A4%AC%E0%A4%BE+%E0%A4%A6%E0%A5%87%E0%A4%B5%E0%A4%B8%E0%A5%8D%E0%A4%A5%E0%A4%BE%E0%A4%A8!8m2!3d18.2392017!4d74.2388909!16s%2Fg%2F11ckvg1dmb!3m7!1s0x3bc30170d16f271b:0xf99de42339f6f112!8m2!3d18.2392017!4d74.2388909!9m1!1b1!16s%2Fg%2F11ckvg1dmb?entry=ttu",ChIJGydv0XABwzsREvH2OSPknfk,0x3bc30170d16f271b:0xf99de42339f6f112,1.79867833267351E+019,/g/11vby6slw1,-459960746974449390
"historical landmark, 412303, Pune, Maharashtra, IN",Chaudhar Wadi Fort,Historical landmark,Historical landmark,Historical landmark,,"5788+76F, Chaudhar Wadi, Maharashtra 412306",,Chaudhar Wadi,412306,18.1656756,74.2655317,4,4,"https://search.google.com/local/reviews?placeid=ChIJaS1PS7oBwzsRX-a9Vk-mPow&q=historical+landmark,+412303,+Pune,+Maharashtra,+IN&authuser=0&hl=en&gl=IN",1,0,0,0,3,,,CLOSED_TEMPORARILY,{},,0,,,,,"https://www.google.com/maps/place/Chaudhar+Wadi+Fort/@18.1656756,74.2655317,14z/data=!4m8!1m2!2m1!1sChaudhar+Wadi+Fort!3m4!1s0x3bc301ba4b4f2d69:0x8c3ea64f56bde65f!8m2!3d18.1656756!4d74.2655317","https://www.google.com/maps/place/Chaudhar+Wadi+Fort/@18.1656756,74.2655317,13.99z/data=!4m16!1m7!3m6!1s0x3bc301ba4b4f2d69:0x8c3ea64f56bde65f!2sChaudhar+Wadi+Fort!8m2!3d18.1656756!4d74.2655317!16s%2Fg%2F11ckvg1dmb!3m7!1s0x3bc301ba4b4f2d69:0x8c3ea64f56bde65f!8m2!3d18.1656756!4d74.2655317!9m1!1b1!16s%2Fg%2F11ckvg1dmb?entry=ttu",ChIJaS1PS7oBwzsRX-a9Vk-mPow,0x3bc301ba4b4f2d69:0x8c3ea64f56bde65f,1.01056974735539E+019,/g/11h717ydw9,-8341046600155666849
"historical landmark, 412303, Pune, Maharashtra, IN",Sardar Bhivrav Panse Samadhi,Historical landmark,Historical landmark,Historical landmark,,"93W2+5F5, Sonori, Maharashtra 412303",,Sonori,412303,18.3953886,74.0513347,5,2,"https://search.google.com/local/reviews?placeid=ChIJCae3XwDlwjsRRILniCEFHTM&q=historical+landmark,+412303,+Pune,+Maharashtra,+IN&authuser=0&hl=en&gl=IN",0,0,0,0,2,,,CLOSED_TEMPORARILY,{},,0,,,,,"https://www.google.com/maps/place/Sardar+Bhivrav+Panse+Samadhi/@18.3953886,74.0513347,14z/data=!4m8!1m2!2m1!1sSardar+Bhivrav+Panse+Samadhi!3m4!1s0x3bc2e5005fb7a709:0x331d052188e78244!8m2!3d18.3953886!4d74.0513347","https://www.google.com/maps/place/Sardar+Bhivrav+Panse+Samadhi/@18.3953886,74.0513347,13.99z/data=!4m16!1m7!3m6!1s0x3bc2e5005fb7a709:0x331d052188e78244!2sSardar+Bhivrav+Panse+Samadhi!8m2!3d18.3953886!4d74.0513347!16s%2Fg%2F11ckvg1dmb!3m7!1s0x3bc2e5005fb7a709:0x331d052188e78244!8m2!3d18.3953886!4d74.0513347!9m1!1b1!16s%2Fg%2F11ckvg1dmb?entry=ttu",ChIJCae3XwDlwjsRRILniCEFHTM,0x3bc2e5005fb7a709:0x331d052188e78244,3.68310571184787E+018,/g/11y3vh6vn0,3683105711847866948
"historical landmark, 412303, Pune, Maharashtra, IN",Saasu Sun,Historical landmark,Historical landmark,Historical landmark,,"75G7+27F, Jejuri, Maharashtra 412303",,Jejuri,412303,18.2750597,74.1631775,4.3,3,"https://search.google.com/local/reviews?placeid=ChIJZU5SYzP9wjsRds5gKKOZrww&q=historical+landmark,+412303,+Pune,+Maharashtra,+IN&authuser=0&hl=en&gl=IN",0,0,0,2,1,,,CLOSED_TEMPORARILY,{},,0,,,,,"https://www.google.com/maps/place/Saasu+Sun/@18.2750597,74.1631775,14z/data=!4m8!1m2!2m1!1sSaasu+Sun!3m4!1s0x3bc2fd3363524e65:0xcaf99a32860ce76!8m2!3d18.2750597!4d74.1631775","https://www.google.com/maps/place/Saasu+Sun/@18.2750597,74.1631775,13.99z/data=!4m16!1m7!3m6!1s0x3bc2fd3363524e65:0xcaf99a32860ce76!2sSaasu+Sun!8m2!3d18.2750597!4d74.1631775!16s%2Fg%2F11ckvg1dmb!3m7!1s0x3bc2fd3363524e65:0xcaf99a32860ce76!8m2!3d18.2750597!4d74.1631775!9m1!1b1!16s%2Fg%2F11ckvg1dmb?entry=ttu",ChIJZU5SYzP9wjsRds5gKKOZrww,0x3bc2fd3363524e65:0xcaf99a32860ce76,9.14118175415652E+017,/g/11jzbqdh5f,914118175415651958
"historical landmark, 412303, Pune, Maharashtra, IN",Arnav rose Nursery,Historical landmark,Historical landmark,Historical landmark,,"F4R7+4G, Uruli Kanchan, Maharashtra 412201",,Uruli Kanchan,412201,18.4903618,74.1137668,5,2,"https://search.google.com/local/reviews?placeid=ChIJyxkjLfTnwjsRGr5jmqgK35c&q=historical+landmark,+412303,+Pune,+Maharashtra,+IN&authuser=0&hl=en&gl=IN",0,0,0,0,2,,,CLOSED_TEMPORARILY,{},,0,,,,,"https://www.google.com/maps/place/Arnav+rose+Nursery/@18.4903618,74.1137668,14z/data=!4m8!1m2!2m1!1sArnav+rose+Nursery!3m4!1s0x3bc2e7f42d2319cb:0x97df0aa89a63be1a!8m2!3d18.4903618!4d74.1137668","https://www.google.com/maps/place/Arnav+rose+Nursery/@18.4903618,74.1137668,13.99z/data=!4m16!1m7!3m6!1s0x3bc2e7f42d2319cb:0x97df0aa89a63be1a!2sArnav+rose+Nursery!8m2!3d18.4903618!4d74.1137668!16s%2Fg%2F11ckvg1dmb!3m7!1s0x3bc2e7f42d2319cb:0x97df0aa89a63be1a!8m2!3d18.4903618!4d74.1137668!9m1!1b1!16s%2Fg%2F11ckvg1dmb?entry=ttu",ChIJyxkjLfTnwjsRGr5jmqgK35c,0x3bc2e7f42d2319cb:0x97df0aa89a63be1a,1.09434773387946E+019,/g/11l75f35j7,-7503266734914945510
"tourist attraction, 411024, Pune, Maharashtra, IN",Khadakwasla lake view point,Tourist attraction,attractions,Tourist attraction,,"CQPC+2FH, Khadakwasla, Pune, Maharashtra 411024",Khadakwasla,Pune,411024,18.4350725,73.7712481,4.5,1138,"https://search.google.com/local/reviews?placeid=ChIJaYesgtKVwjsRLL3EVNySNPQ&q=tourist+attraction,+411024,+Pune,+Maharashtra,+IN&authuser=0&hl=en&gl=IN",16,8,87,298,729,,,OPERATIONAL,"{""Service options"": {""On-site services"": true}, ""Children"": {""Good for kids"": true}}",,0,,,,,"https://www.google.com/maps/place/Khadakwasla+lake+view+point/@18.4350725,73.7712481,14z/data=!4m8!1m2!2m1!1sKhadakwasla+lake+view+point!3m4!1s0x3bc295d282ac8769:0xf43492dc54c4bd2c!8m2!3d18.4350725!4d73.7712481","https://www.google.com/maps/place/Khadakwasla+lake+view+point/@18.4350725,73.7712481,13.99z/data=!4m16!1m7!3m6!1s0x3bc295d282ac8769:0xf43492dc54c4bd2c!2sKhadakwasla+lake+view+point!8m2!3d18.4350725!4d73.7712481!16s%2Fg%2F11ckvg1dmb!3m7!1s0x3bc295d282ac8769:0xf43492dc54c4bd2c!8m2!3d18.4350725!4d73.7712481!9m1!1b1!16s%2Fg%2F11ckvg1dmb?entry=ttu",ChIJaYesgtKVwjsRLL3EVNySNPQ,0x3bc295d282ac8769:0xf43492dc54c4bd2c,1.7596851119056E+019,/g/11spnm70gk,-849892954653541076
"tourist attraction, 411024, Pune, Maharashtra, IN",Sinhgad Hurda party and supplier Pune One Day Picnic Spots Near Pune for Family| Tours and travels,Tourist attraction,attractions,Tourist attraction,+91 97660 36850,"S.No, 59, 1C, Sinhgad Rd, Bhide Baug, Wadgaon Budruk, Vadgaon Budruk, Pune, Maharashtra 411041","Bhide Baug, Wadgaon Budruk, Vadgaon Budruk",Pune,411041,18.4631362,73.8166324,4,476,"https://search.google.com/local/reviews?placeid=ChIJeS3lSsGVwjsRqPNTCD-EX7Q&q=tourist+attraction,+411024,+Pune,+Maharashtra,+IN&authuser=0&hl=en&gl=IN",39,26,59,112,240,"{""Monday"": ""Open 24 hours"", ""Tuesday"": ""Open 24 hours"", ""Wednesday"": ""Open 24 hours"", ""Thursday"": ""Open 24 hours"", ""Friday"": ""Open 24 hours"", ""Saturday"": ""Open 24 hours"", ""Sunday"": ""Open 24 hours""}",,OPERATIONAL,"{""Accessibility"": {""Wheelchair-accessible car park"": true, ""Wheelchair-accessible entrance"": true}, ""Children"": {""Good for kids"": true}}",,1,100267882527894138889,,,,"https://www.google.com/maps/place/Sinhgad+Hurda+party+and+supplier+Pune+One+Day+Picnic+Spots+Near+Pune+for+Family%7C+Tours+and+travels/@18.463136199999997,73.8166324,14z/data=!4m8!1m2!2m1!1sSinhgad+Hurda+party+and+supplier+Pune+One+Day+Picnic+Spots+Near+Pune+for+Family%7C+Tours+and+travels!3m4!1s0x3bc295c14ae52d79:0xb45f843f0853f3a8!8m2!3d18.463136199999997!4d73.8166324","https://www.google.com/maps/place/Sinhgad+Hurda+party+and+supplier+Pune+One+Day+Picnic+Spots+Near+Pune+for+Family%7C+Tours+and+travels/@18.463136199999997,73.8166324,13.99z/data=!4m16!1m7!3m6!1s0x3bc295c14ae52d79:0xb45f843f0853f3a8!2sSinhgad+Hurda+party+and+supplier+Pune+One+Day+Picnic+Spots+Near+Pune+for+Family%7C+Tours+and+travels!8m2!3d18.463136199999997!4d73.8166324!16s%2Fg%2F11ckvg1dmb!3m7!1s0x3bc295c14ae52d79:0xb45f843f0853f3a8!8m2!3d18.463136199999997!4d73.8166324!9m1!1b1!16s%2Fg%2F11ckvg1dmb?entry=ttu",ChIJeS3lSsGVwjsRqPNTCD-EX7Q,0x3bc295c14ae52d79:0xb45f843f0853f3a8,1.29972524558721E+019,/g/11c549q8j_,-5449491617837485144
"tourist attraction, 411024, Pune, Maharashtra, IN",Khadakwasla Dam,Tourist attraction,attractions,Tourist attraction,,"CQV7+QXX, Khadakwasla, Pune, Maharashtra 411024",Khadakwasla,Pune,411024,18.4444843,73.7649902,4.4,45,"https://search.google.com/local/reviews?placeid=ChIJmd2d03aVwjsRiRKZu-XBEwQ&q=tourist+attraction,+411024,+Pune,+Maharashtra,+IN&authuser=0&hl=en&gl=IN",3,3,0,7,32,,,OPERATIONAL,"{""Children"": {""Good for kids"": true}}",,0,,,,,"https://www.google.com/maps/place/Khadakwasla+Dam/@18.4444843,73.7649902,14z/data=!4m8!1m2!2m1!1sKhadakwasla+Dam!3m4!1s0x3bc29576d39ddd99:0x413c1e5bb991289!8m2!3d18.4444843!4d73.7649902","https://www.google.com/maps/place/Khadakwasla+Dam/@18.4444843,73.7649902,13.99z/data=!4m16!1m7!3m6!1s0x3bc29576d39ddd99:0x413c1e5bb991289!2sKhadakwasla+Dam!8m2!3d18.4444843!4d73.7649902!16s%2Fg%2F11ckvg1dmb!3m7!1s0x3bc29576d39ddd99:0x413c1e5bb991289!8m2!3d18.4444843!4d73.7649902!9m1!1b1!16s%2Fg%2F11ckvg1dmb?entry=ttu",ChIJmd2d03aVwjsRiRKZu-XBEwQ,0x3bc29576d39ddd99:0x413c1e5bb991289,2.93791593148257E+017,/g/11tmkyxlqw,293791593148256905
"tourist attraction, 411024, Pune, Maharashtra, IN",Khadakwasla Dam Farmhouse and Resort Camping,"Tourist attraction, Campground, Resort hotel",attractions,Tourist attraction,,"Khadakwasla Bridge, Kudje Khadakwasla Link Rd, Khadakwasla, Maharashtra 411024",Khadakwasla,IN,411024,18.444429,73.764967,4.5,863,"https://search.google.com/local/reviews?placeid=ChIJ63M7e9OVwjsROuAPrSz9L-w&q=tourist+attraction,+411024,+Pune,+Maharashtra,+IN&authuser=0&hl=en&gl=IN",9,18,68,214,554,,,OPERATIONAL,"{""Children"": {""Good for kids"": true}}",,1,108558939023713679130,,,,"https://www.google.com/maps/place/Khadakwasla+Dam+Farmhouse+and+Resort+Camping/@18.444429,73.764967,14z/data=!4m8!1m2!2m1!1sKhadakwasla+Dam+Farmhouse+and+Resort+Camping!3m4!1s0x3bc295d37b3b73eb:0xec2ffd2cad0fe03a!8m2!3d18.444429!4d73.764967","https://www.google.com/maps/place/Khadakwasla+Dam+Farmhouse+and+Resort+Camping/@18.444429,73.764967,13.99z/data=!4m16!1m7!3m6!1s0x3bc295d37b3b73eb:0xec2ffd2cad0fe03a!2sKhadakwasla+Dam+Farmhouse+and+Resort+Camping!8m2!3d18.444429!4d73.764967!16s%2Fg%2F11ckvg1dmb!3m7!1s0x3bc295d37b3b73eb:0xec2ffd2cad0fe03a!8m2!3d18.444429!4d73.764967!9m1!1b1!16s%2Fg%2F11ckvg1dmb?entry=ttu",ChIJ63M7e9OVwjsROuAPrSz9L-w,0x3bc295d37b3b73eb:0xec2ffd2cad0fe03a,1.70190998851803E+019,/g/11hzm03m5k,-1427644188529270726
"tourist attraction, 411024, Pune, Maharashtra, IN",Khadakwasla Lake View Point Westend,Tourist attraction,attractions,Tourist attraction,,"CQG6+JXR, Gorhe Bk., Maharashtra 411025",,Gorhe Bk.,411025,18.4266068,73.7624053,4.4,176,"https://search.google.com/local/reviews?placeid=ChIJ69MSaEmVwjsRlYyK9kNik1M&q=tourist+attraction,+411024,+Pune,+Maharashtra,+IN&authuser=0&hl=en&gl=IN",4,5,15,50,102,"{""Monday"": ""Open 24 hours"", ""Tuesday"": ""Open 24 hours"", ""Wednesday"": ""Open 24 hours"", ""Thursday"": ""Open 24 hours"", ""Friday"": ""Open 24 hours"", ""Saturday"": ""Open 24 hours"", ""Sunday"": ""Open 24 hours""}",,OPERATIONAL,"{""Children"": {""Good for kids"": true}}",,0,,,,,"https://www.google.com/maps/place/Khadakwasla+Lake+View+Point+Westend/@18.4266068,73.7624053,14z/data=!4m8!1m2!2m1!1sKhadakwasla+Lake+View+Point+Westend!3m4!1s0x3bc295496812d3eb:0x53936243f68a8c95!8m2!3d18.4266068!4d73.7624053","https://www.google.com/maps/place/Khadakwasla+Lake+View+Point+Westend/@18.4266068,73.7624053,13.99z/data=!4m16!1m7!3m6!1s0x3bc295496812d3eb:0x53936243f68a8c95!2sKhadakwasla+Lake+View+Point+Westend!8m2!3d18.4266068!4d73.7624053!16s%2Fg%2F11ckvg1dmb!3m7!1s0x3bc295496812d3eb:0x53936243f68a8c95!8m2!3d18.4266068!4d73.7624053!9m1!1b1!16s%2Fg%2F11ckvg1dmb?entry=ttu",ChIJ69MSaEmVwjsRlYyK9kNik1M,0x3bc295496812d3eb:0x53936243f68a8c95,6.02226517076309E+018,/g/11gh9p126w,6022265170763091093
"tourist attraction, 411024, Pune, Maharashtra, IN",Raja Dinkar Kelkar Museum,"Tourist attraction, Museum",museums,Tourist attraction,+91 20 2448 2101,"No. 1377/78, Kamal Kunj, Bajirao Rd, Natu Baag, Shukrawar Peth, Pune, Maharashtra 411002","Natu Baag, Shukrawar Peth",Pune,411002,18.5106855,73.8544307,4.4,11514,"https://search.google.com/local/reviews?placeid=ChIJ9R3gx3PAwjsR822UYgNrz0U&q=tourist+attraction,+411024,+Pune,+Maharashtra,+IN&authuser=0&hl=en&gl=IN",258,213,1006,3181,6856,"{""Monday"": ""10am-5:30pm"", ""Tuesday"": ""10am-5:30pm"", ""Wednesday"": ""10am-5:30pm"", ""Thursday"": ""10am-5:30pm"", ""Friday"": ""10am-5:30pm"", ""Saturday"": ""10am-5:30pm"", ""Sunday"": ""10am-5:30pm""}",,OPERATIONAL,"{""Service options"": {""On-site services"": true}, ""Accessibility"": {""Wheelchair-accessible toilet"": true, ""Wheelchair-accessible car park"": false, ""Wheelchair-accessible entrance"": false}, ""Amenities"": {""Toilets"": true, ""Restaurant"": false}, ""Crowd"": {""Family friendly"": true}, ""Children"": {""Good for kids"": true}}","Museum housing one man's varied collection of 20,000+ Indian artefacts ranging from toys to artwork.",1,110678902318021352542,,,,"https://www.google.com/maps/place/Raja+Dinkar+Kelkar+Museum/@18.510685499999997,73.8544307,14z/data=!4m8!1m2!2m1!1sRaja+Dinkar+Kelkar+Museum!3m4!1s0x3bc2c073c7e01df5:0x45cf6b0362946df3!8m2!3d18.510685499999997!4d73.8544307","https://www.google.com/maps/place/Raja+Dinkar+Kelkar+Museum/@18.510685499999997,73.8544307,13.99z/data=!4m16!1m7!3m6!1s0x3bc2c073c7e01df5:0x45cf6b0362946df3!2sRaja+Dinkar+Kelkar+Museum!8m2!3d18.510685499999997!4d73.8544307!16s%2Fg%2F11ckvg1dmb!3m7!1s0x3bc2c073c7e01df5:0x45cf6b0362946df3!8m2!3d18.510685499999997!4d73.8544307!9m1!1b1!16s%2Fg%2F11ckvg1dmb?entry=ttu",ChIJ9R3gx3PAwjsR822UYgNrz0U,0x3bc2c073c7e01df5:0x45cf6b0362946df3,5.0303569710791E+018,/m/0gz015,5030356971079101939
"tourist attraction, 411024, Pune, Maharashtra, IN",Peacock Bay NDA,Tourist attraction,attractions,Tourist attraction,+91 20 2612 2114,"CQQ2+35P, Peacock Bay NDA, Khadakwasla, Pune, Maharashtra 411023",Khadakwasla,Pune,411023,18.4377249,73.7504429,4.6,257,"https://search.google.com/local/reviews?placeid=ChIJEwa9qNeVwjsRSa3FH62oHDA&q=tourist+attraction,+411024,+Pune,+Maharashtra,+IN&authuser=0&hl=en&gl=IN",6,4,11,45,191,,,OPERATIONAL,"{""Accessibility"": {""Wheelchair-accessible car park"": true, ""Wheelchair-accessible entrance"": true}, ""Children"": {""Good for kids"": true}}",,0,,,,,"https://www.google.com/maps/place/Peacock+Bay+NDA/@18.4377249,73.7504429,14z/data=!4m8!1m2!2m1!1sPeacock+Bay+NDA!3m4!1s0x3bc295d7a8bd0613:0x301ca8ad1fc5ad49!8m2!3d18.4377249!4d73.7504429","https://www.google.com/maps/place/Peacock+Bay+NDA/@18.4377249,73.7504429,13.99z/data=!4m16!1m7!3m6!1s0x3bc295d7a8bd0613:0x301ca8ad1fc5ad49!2sPeacock+Bay+NDA!8m2!3d18.4377249!4d73.7504429!16s%2Fg%2F11ckvg1dmb!3m7!1s0x3bc295d7a8bd0613:0x301ca8ad1fc5ad49!8m2!3d18.4377249!4d73.7504429!9m1!1b1!16s%2Fg%2F11ckvg1dmb?entry=ttu",ChIJEwa9qNeVwjsRSa3FH62oHDA,0x3bc295d7a8bd0613:0x301ca8ad1fc5ad49,3.4668312746843E+018,/g/11f3b48pqr,3466831274684296521
"tourist attraction, 411024, Pune, Maharashtra, IN",Khadakwasala Dam Door View Point,"Tourist attraction, Water works",attractions,Tourist attraction,,"CQV7+XRV, Pune, Maharashtra 411024",,Pune,411024,18.4449817,73.7645493,4.7,16,"https://search.google.com/local/reviews?placeid=ChIJgf1vt0GVwjsRsAaGlDKqGL8&q=tourist+attraction,+411024,+Pune,+Maharashtra,+IN&authuser=0&hl=en&gl=IN",0,0,0,5,11,"{""Monday"": ""7am-7pm"", ""Tuesday"": ""7am-7pm"", ""Wednesday"": ""7am-7pm"", ""Thursday"": ""7am-7pm"", ""Friday"": ""7am-7pm"", ""Saturday"": ""7am-7pm"", ""Sunday"": ""7am-7pm""}",,OPERATIONAL,"{""Children"": {""Good for kids"": true}}",,0,,,,,"https://www.google.com/maps/place/Khadakwasala+Dam+Door+View+Point/@18.4449817,73.7645493,14z/data=!4m8!1m2!2m1!1sKhadakwasala+Dam+Door+View+Point!3m4!1s0x3bc29541b76ffd81:0xbf18aa32948606b0!8m2!3d18.4449817!4d73.7645493","https://www.google.com/maps/place/Khadakwasala+Dam+Door+View+Point/@18.4449817,73.7645493,13.99z/data=!4m16!1m7!3m6!1s0x3bc29541b76ffd81:0xbf18aa32948606b0!2sKhadakwasala+Dam+Door+View+Point!8m2!3d18.4449817!4d73.7645493!16s%2Fg%2F11ckvg1dmb!3m7!1s0x3bc29541b76ffd81:0xbf18aa32948606b0!8m2!3d18.4449817!4d73.7645493!9m1!1b1!16s%2Fg%2F11ckvg1dmb?entry=ttu",ChIJgf1vt0GVwjsRsAaGlDKqGL8,0x3bc29541b76ffd81:0xbf18aa32948606b0,1.37699429949022E+019,/g/11fmprp8jm,-4676801078807361872
"tourist attraction, 411024, Pune, Maharashtra, IN",Khadakwasla Dam,Tourist attraction,attractions,Tourist attraction,,"Pune, Maharashtra 411024",,Pune,411024,18.4403225,73.763231,4.3,21787,"https://search.google.com/local/reviews?placeid=ChIJSaWuV2OVwjsRLd2zJVxtXdI&q=tourist+attraction,+411024,+Pune,+Maharashtra,+IN&authuser=0&hl=en&gl=IN",417,445,2422,6776,11727,,,OPERATIONAL,"{""Service options"": {""On-site services"": true}, ""Children"": {""Good for kids"": true}}",,0,,,,,"https://www.google.com/maps/place/Khadakwasla+Dam/@18.4403225,73.76323099999999,14z/data=!4m8!1m2!2m1!1sKhadakwasla+Dam!3m4!1s0x3bc2956357aea549:0xd25d6d5c25b3dd2d!8m2!3d18.4403225!4d73.76323099999999","https://www.google.com/maps/place/Khadakwasla+Dam/@18.4403225,73.76323099999999,13.99z/data=!4m16!1m7!3m6!1s0x3bc2956357aea549:0xd25d6d5c25b3dd2d!2sKhadakwasla+Dam!8m2!3d18.4403225!4d73.76323099999999!16s%2Fg%2F11ckvg1dmb!3m7!1s0x3bc2956357aea549:0xd25d6d5c25b3dd2d!8m2!3d18.4403225!4d73.76323099999999!9m1!1b1!16s%2Fg%2F11ckvg1dmb?entry=ttu",ChIJSaWuV2OVwjsRLd2zJVxtXdI,0x3bc2956357aea549:0xd25d6d5c25b3dd2d,1.51583921633359E+019,/g/11t6n7h4ry,-3288351910373630675
"tourist attraction, 411024, Pune, Maharashtra, IN",Darshan Museum,"Tourist attraction, Museum",museums,Tourist attraction,+91 20 2612 5679,"10, Sadhu Vaswani Rd, near G.P.O, Agarkar Nagar, Pune, Maharashtra 411001",Agarkar Nagar,Pune,411001,18.5240953,73.8764697,4.5,930,"https://search.google.com/local/reviews?placeid=ChIJIZF6bFrAwjsRKpKPBjMMLUA&q=tourist+attraction,+411024,+Pune,+Maharashtra,+IN&authuser=0&hl=en&gl=IN",35,20,73,145,657,"{""Monday"": ""10am-5pm"", ""Tuesday"": ""10am-5pm"", ""Wednesday"": ""10am-5pm"", ""Thursday"": ""Closed"", ""Friday"": ""10am-5pm"", ""Saturday"": ""10am-5pm"", ""Sunday"": ""10am-5pm""}",,OPERATIONAL,"{""Highlights"": {""Live performances"": true}, ""Accessibility"": {""Wheelchair-accessible car park"": true, ""Wheelchair-accessible entrance"": false}, ""Amenities"": {""Restaurant"": false, ""Toilets"": false}, ""Children"": {""Good for kids"": true}, ""Parking"": {""Paid parking lot"": true}}","Multimedia museum on the spiritual teachings of writer/mystic Vaswani, with sound & light shows.",1,106550491901362879541,,,,"https://www.google.com/maps/place/Darshan+Museum/@18.5240953,73.8764697,14z/data=!4m8!1m2!2m1!1sDarshan+Museum!3m4!1s0x3bc2c05a6c7a9121:0x402d0c33068f922a!8m2!3d18.5240953!4d73.8764697","https://www.google.com/maps/place/Darshan+Museum/@18.5240953,73.8764697,13.99z/data=!4m16!1m7!3m6!1s0x3bc2c05a6c7a9121:0x402d0c33068f922a!2sDarshan+Museum!8m2!3d18.5240953!4d73.8764697!16s%2Fg%2F11ckvg1dmb!3m7!1s0x3bc2c05a6c7a9121:0x402d0c33068f922a!8m2!3d18.5240953!4d73.8764697!9m1!1b1!16s%2Fg%2F11ckvg1dmb?entry=ttu",ChIJIZF6bFrAwjsRKpKPBjMMLUA,0x3bc2c05a6c7a9121:0x402d0c33068f922a,4.62436580567231E+018,/m/0h7pm2v,4624365805672305194
"tourist attraction, 411024, Pune, Maharashtra, IN",Sunset Point DIAT,Tourist attraction,attractions,Tourist attraction,,"CQJF+Q6J Defence Institute Of Advanced Technology, Pune, Maharashtra 411025",,Pune,411025,18.4319694,73.7730281,4.5,156,"https://search.google.com/local/reviews?placeid=ChIJwZC6FbWVwjsRYLsAUK-9xck&q=tourist+attraction,+411024,+Pune,+Maharashtra,+IN&authuser=0&hl=en&gl=IN",8,2,5,29,112,,,OPERATIONAL,"{""Accessibility"": {""Wheelchair-accessible car park"": false, ""Wheelchair-accessible entrance"": false}, ""Children"": {""Good for kids"": true}}","Hilltop viewpoint, campground & hiking area, popular for watching the sunset over Khadakwasla Lake.",0,,,,,"https://www.google.com/maps/place/Sunset+Point+DIAT/@18.4319694,73.77302809999999,14z/data=!4m8!1m2!2m1!1sSunset+Point+DIAT!3m4!1s0x3bc295b515ba90c1:0xc9c5bdaf5000bb60!8m2!3d18.4319694!4d73.77302809999999","https://www.google.com/maps/place/Sunset+Point+DIAT/@18.4319694,73.77302809999999,13.99z/data=!4m16!1m7!3m6!1s0x3bc295b515ba90c1:0xc9c5bdaf5000bb60!2sSunset+Point+DIAT!8m2!3d18.4319694!4d73.77302809999999!16s%2Fg%2F11ckvg1dmb!3m7!1s0x3bc295b515ba90c1:0xc9c5bdaf5000bb60!8m2!3d18.4319694!4d73.77302809999999!9m1!1b1!16s%2Fg%2F11ckvg1dmb?entry=ttu",ChIJwZC6FbWVwjsRYLsAUK-9xck,0x3bc295b515ba90c1:0xc9c5bdaf5000bb60,1.45392355326947E+019,/g/11fxvms6ln,-3907508541014885536
"tourist attraction, 411024, Pune, Maharashtra, IN",Ashoka Pillar,Historical landmark,Historical landmark,Historical landmark,,"FQ65+FJ5, Khadakwasla, Pune, Maharashtra 411023",Khadakwasla,Pune,411023,18.461145,73.7591195,4.5,20,"https://search.google.com/local/reviews?placeid=ChIJ75xoeeWVwjsRunisXqVlYOw&q=tourist+attraction,+411024,+Pune,+Maharashtra,+IN&authuser=0&hl=en&gl=IN",2,0,1,0,17,"{""Monday"": ""Open 24 hours"", ""Tuesday"": ""Open 24 hours"", ""Wednesday"": ""Open 24 hours"", ""Thursday"": ""Open 24 hours"", ""Friday"": ""Open 24 hours"", ""Saturday"": ""Open 24 hours"", ""Sunday"": ""Open 24 hours""}",,OPERATIONAL,"{""Children"": {""Good for kids"": true}}",,0,,,,,"https://www.google.com/maps/place/Ashoka+Pillar/@18.461145,73.7591195,14z/data=!4m8!1m2!2m1!1sAshoka+Pillar!3m4!1s0x3bc295e579689cef:0xec6065a55eac78ba!8m2!3d18.461145!4d73.7591195","https://www.google.com/maps/place/Ashoka+Pillar/@18.461145,73.7591195,13.99z/data=!4m16!1m7!3m6!1s0x3bc295e579689cef:0xec6065a55eac78ba!2sAshoka+Pillar!8m2!3d18.461145!4d73.7591195!16s%2Fg%2F11ckvg1dmb!3m7!1s0x3bc295e579689cef:0xec6065a55eac78ba!8m2!3d18.461145!4d73.7591195!9m1!1b1!16s%2Fg%2F11ckvg1dmb?entry=ttu",ChIJ75xoeeWVwjsRunisXqVlYOw,0x3bc295e579689cef:0xec6065a55eac78ba,1.70327255516476E+019,/g/1tjcmxd8,-1414018522061965126
"tourist attraction, 411024, Pune, Maharashtra, IN",LIVING THE ADVENTURE,Tourist attraction,attractions,Tourist attraction,+91 95458 09369,"SH65, Benkar Nagar, Dhayari Phata, Nasrapur, Pune, Maharashtra 412213","Benkar Nagar, Dhayari Phata","Nasrapur, Pune",412213,18.4467297,73.8118913,4.6,22,"https://search.google.com/local/reviews?placeid=ChIJmxsI_o_zwjsRqScnWcm6afA&q=tourist+attraction,+411024,+Pune,+Maharashtra,+IN&authuser=0&hl=en&gl=IN",2,0,0,1,19,"{""Monday"": ""9:30am-9:30pm"", ""Tuesday"": ""9:30am-9:30pm"", ""Wednesday"": ""9:30am-9:30pm"", ""Thursday"": ""9:30am-9:30pm"", ""Friday"": ""9:30am-9:30pm"", ""Saturday"": ""10:30am-12am"", ""Sunday"": ""12-9:30am,10:30am-9:30pm""}",,OPERATIONAL,"{""Planning"": {""Getting tickets in advance recommended"": true}, ""Children"": {""Good for kids"": true}}",,1,104109197849269605504,,,,"https://www.google.com/maps/place/LIVING+THE+ADVENTURE/@18.4467297,73.8118913,14z/data=!4m8!1m2!2m1!1sLIVING+THE+ADVENTURE!3m4!1s0x3bc2f38ffe081b9b:0xf069bac9592727a9!8m2!3d18.4467297!4d73.8118913","https://www.google.com/maps/place/LIVING+THE+ADVENTURE/@18.4467297,73.8118913,13.99z/data=!4m16!1m7!3m6!1s0x3bc2f38ffe081b9b:0xf069bac9592727a9!2sLIVING+THE+ADVENTURE!8m2!3d18.4467297!4d73.8118913!16s%2Fg%2F11ckvg1dmb!3m7!1s0x3bc2f38ffe081b9b:0xf069bac9592727a9!8m2!3d18.4467297!4d73.8118913!9m1!1b1!16s%2Fg%2F11ckvg1dmb?entry=ttu",ChIJmxsI_o_zwjsRqScnWcm6afA,0x3bc2f38ffe081b9b:0xf069bac9592727a9,1.73235828156043E+019,/g/11n_xy88gh,-1123161258105296983
"tourist attraction, 411024, Pune, Maharashtra, IN",Manas Lake,Tourist attraction,attractions,Tourist attraction,,"FPWP+7J, Pune, Maharashtra 412115",,Pune,412115,18.4957192,73.7365316,4.7,7,"https://search.google.com/local/reviews?placeid=ChIJjxaOUQC9wjsRaOmg9GkVj8Y&q=tourist+attraction,+411024,+Pune,+Maharashtra,+IN&authuser=0&hl=en&gl=IN",0,0,1,0,6,,,OPERATIONAL,"{""Children"": {""Good for kids"": true}}",,0,,,,,"https://www.google.com/maps/place/Manas+Lake/@18.4957192,73.73653159999999,14z/data=!4m8!1m2!2m1!1sManas+Lake!3m4!1s0x3bc2bd00518e168f:0xc68f1569f4a0e968!8m2!3d18.4957192!4d73.73653159999999","https://www.google.com/maps/place/Manas+Lake/@18.4957192,73.73653159999999,13.99z/data=!4m16!1m7!3m6!1s0x3bc2bd00518e168f:0xc68f1569f4a0e968!2sManas+Lake!8m2!3d18.4957192!4d73.73653159999999!16s%2Fg%2F11ckvg1dmb!3m7!1s0x3bc2bd00518e168f:0xc68f1569f4a0e968!8m2!3d18.4957192!4d73.73653159999999!9m1!1b1!16s%2Fg%2F11ckvg1dmb?entry=ttu",ChIJjxaOUQC9wjsRaOmg9GkVj8Y,0x3bc2bd00518e168f:0xc68f1569f4a0e968,1.43076780859993E+019,/g/11vzdg845z,-4139065987710260888
"tourist attraction, 411024, Pune, Maharashtra, IN",Hill View Point,Tourist attraction,attractions,Tourist attraction,,"CWJ5+WCR, Jagdamba Bhawan Marg, Pune, Maharashtra 411048",,Pune,411048,18.4323508,73.9085142,4.3,49,"https://search.google.com/local/reviews?placeid=ChIJVQ6C8azrwjsR-MJZiFi1a6k&q=tourist+attraction,+411024,+Pune,+Maharashtra,+IN&authuser=0&hl=en&gl=IN",2,2,2,16,27,"{""Monday"": ""Open 24 hours"", ""Tuesday"": ""Open 24 hours"", ""Wednesday"": ""Open 24 hours"", ""Thursday"": ""Open 24 hours"", ""Friday"": ""Open 24 hours"", ""Saturday"": ""Open 24 hours"", ""Sunday"": ""Open 24 hours""}",,OPERATIONAL,"{""Children"": {""Good for kids"": true}}",,0,,,,,"https://www.google.com/maps/place/Hill+View+Point/@18.4323508,73.9085142,14z/data=!4m8!1m2!2m1!1sHill+View+Point!3m4!1s0x3bc2ebacf1820e55:0xa96bb5588859c2f8!8m2!3d18.4323508!4d73.9085142","https://www.google.com/maps/place/Hill+View+Point/@18.4323508,73.9085142,13.99z/data=!4m16!1m7!3m6!1s0x3bc2ebacf1820e55:0xa96bb5588859c2f8!2sHill+View+Point!8m2!3d18.4323508!4d73.9085142!16s%2Fg%2F11ckvg1dmb!3m7!1s0x3bc2ebacf1820e55:0xa96bb5588859c2f8!8m2!3d18.4323508!4d73.9085142!9m1!1b1!16s%2Fg%2F11ckvg1dmb?entry=ttu",ChIJVQ6C8azrwjsR-MJZiFi1a6k,0x3bc2ebacf1820e55:0xa96bb5588859c2f8,1.22080506067672E+019,/g/11jcmxwp25,-6238693466942356744
"tourist attraction, 411024, Pune, Maharashtra, IN",Vetal Hill,"Tourist attraction, Hiking area",attractions,Tourist attraction,,"GRCC+CMC, Datta Nagar, Kothrud, Pune, Maharashtra 411038",Gokhalenagar,Pune,411038,18.5210589,73.8216411,4.6,2536,"https://search.google.com/local/reviews?placeid=ChIJv9bkPKa_wjsRgQSnkJMyy-E&q=tourist+attraction,+411024,+Pune,+Maharashtra,+IN&authuser=0&hl=en&gl=IN",39,21,129,588,1759,,,OPERATIONAL,"{""Accessibility"": {""Wheelchair-accessible car park"": false, ""Wheelchair-accessible entrance"": false}, ""Activities"": {""Birdwatching"": true, ""Hiking"": true, ""Jogging"": true, ""Trail difficulty"": true, ""Walking"": true}, ""Children"": {""Good for kids"": true}, ""Pets"": {""Dogs allowed outside"": true}}",,0,,,,,"https://www.google.com/maps/place/Vetal+Hill/@18.5210589,73.8216411,14z/data=!4m8!1m2!2m1!1sVetal+Hill!3m4!1s0x3bc2bfa63ce4d6bf:0xe1cb329390a70481!8m2!3d18.5210589!4d73.8216411","https://www.google.com/maps/place/Vetal+Hill/@18.5210589,73.8216411,13.99z/data=!4m16!1m7!3m6!1s0x3bc2bfa63ce4d6bf:0xe1cb329390a70481!2sVetal+Hill!8m2!3d18.5210589!4d73.8216411!16s%2Fg%2F11ckvg1dmb!3m7!1s0x3bc2bfa63ce4d6bf:0xe1cb329390a70481!8m2!3d18.5210589!4d73.8216411!9m1!1b1!16s%2Fg%2F11ckvg1dmb?entry=ttu",ChIJv9bkPKa_wjsRgQSnkJMyy-E,0x3bc2bfa63ce4d6bf:0xe1cb329390a70481,1.62701536881745E+019,/g/11ddzp784b,-2176590385535056767
"tourist attraction, 411024, Pune, Maharashtra, IN",Late Sanjay Mahadeo Nimhan Gram Sanskruti Udyan,"Tourist attraction, Park",attractions,Tourist attraction,+91 1800 103 0222,"Ward No. 9, Ward No. 8, Someshwarwadi, Pashan, Pune, Maharashtra 411008","Ward No. 8, Someshwarwadi, Pashan",Pune,411008,18.545905,73.798257,4.5,5156,"https://search.google.com/local/reviews?placeid=ChIJNwqWDh-_wjsRCic6BxFOa7A&q=tourist+attraction,+411024,+Pune,+Maharashtra,+IN&authuser=0&hl=en&gl=IN",110,66,362,1388,3230,"{""Monday"": ""10am-8:30pm"", ""Tuesday"": ""10am-8:30pm"", ""Wednesday"": ""10am-8:30pm"", ""Thursday"": ""10am-8:30pm"", ""Friday"": ""10am-8:30pm"", ""Saturday"": ""10am-8:30pm"", ""Sunday"": ""10am-8:30pm""}",,OPERATIONAL,"{""Service options"": {""On-site services"": true}, ""Accessibility"": {""Wheelchair-accessible car park"": true, ""Wheelchair-accessible entrance"": true}, ""Amenities"": {""Public restroom"": true}, ""Children"": {""Good for kids"": true}}","Homespun exhibits about rural village life a century ago, with costumes & historical displays.",0,,,,,"https://www.google.com/maps/place/Late+Sanjay+Mahadeo+Nimhan+Gram+Sanskruti+Udyan/@18.545904999999998,73.79825699999999,14z/data=!4m8!1m2!2m1!1sLate+Sanjay+Mahadeo+Nimhan+Gram+Sanskruti+Udyan!3m4!1s0x3bc2bf1f0e960a37:0xb06b4e11073a270a!8m2!3d18.545904999999998!4d73.79825699999999","https://www.google.com/maps/place/Late+Sanjay+Mahadeo+Nimhan+Gram+Sanskruti+Udyan/@18.545904999999998,73.79825699999999,13.99z/data=!4m16!1m7!3m6!1s0x3bc2bf1f0e960a37:0xb06b4e11073a270a!2sLate+Sanjay+Mahadeo+Nimhan+Gram+Sanskruti+Udyan!8m2!3d18.545904999999998!4d73.79825699999999!16s%2Fg%2F11ckvg1dmb!3m7!1s0x3bc2bf1f0e960a37:0xb06b4e11073a270a!8m2!3d18.545904999999998!4d73.79825699999999!9m1!1b1!16s%2Fg%2F11ckvg1dmb?entry=ttu",ChIJNwqWDh-_wjsRCic6BxFOa7A,0x3bc2bf1f0e960a37:0xb06b4e11073a270a,1.2712340208226E+019,/g/1tx45h11,-5734403865483532534
"tourist attraction, 411024, Pune, Maharashtra, IN",Zero Stone,"Tourist attraction, Historical landmark",attractions,Tourist attraction,,"Sadhu Vaswani Rd, Agarkar Nagar, Pune, Maharashtra 411001",Agarkar Nagar,Pune,411001,18.5230388,73.8762163,4.4,800,"https://search.google.com/local/reviews?placeid=ChIJQ5pPYlrAwjsRvTeNTr0qbEU&q=tourist+attraction,+411024,+Pune,+Maharashtra,+IN&authuser=0&hl=en&gl=IN",29,15,73,200,483,"{""Monday"": ""Open 24 hours"", ""Tuesday"": ""Open 24 hours"", ""Wednesday"": ""Open 24 hours"", ""Thursday"": ""Open 24 hours"", ""Friday"": ""Open 24 hours"", ""Saturday"": ""Open 24 hours"", ""Sunday"": ""Open 24 hours""}",,OPERATIONAL,"{""Accessibility"": {""Wheelchair-accessible entrance"": true}, ""Children"": {""Good for kids"": true}}",,1,100988772433998831797,,,,"https://www.google.com/maps/place/Zero+Stone/@18.5230388,73.8762163,14z/data=!4m8!1m2!2m1!1sZero+Stone!3m4!1s0x3bc2c05a624f9a43:0x456c2abd4e8d37bd!8m2!3d18.5230388!4d73.8762163","https://www.google.com/maps/place/Zero+Stone/@18.5230388,73.8762163,13.99z/data=!4m16!1m7!3m6!1s0x3bc2c05a624f9a43:0x456c2abd4e8d37bd!2sZero+Stone!8m2!3d18.5230388!4d73.8762163!16s%2Fg%2F11ckvg1dmb!3m7!1s0x3bc2c05a624f9a43:0x456c2abd4e8d37bd!8m2!3d18.5230388!4d73.8762163!9m1!1b1!16s%2Fg%2F11ckvg1dmb?entry=ttu",ChIJQ5pPYlrAwjsRvTeNTr0qbEU,0x3bc2c05a624f9a43:0x456c2abd4e8d37bd,5.00242027865684E+018,/g/11c6ts4pzy,5002420278656841661
"tourist attraction, 411024, Pune, Maharashtra, IN",My relaxing place at Khadakwasla dam,Tourist attraction,attractions,Tourist attraction,,"CQMC+RC Khadakwasla Dam, Khadakwasla Village, Khadakwasla, Pune, Maharashtra 411025","Khadakwasla Village, Khadakwasla",Pune,411025,18.4346035,73.7711138,5,1,"https://search.google.com/local/reviews?placeid=ChIJD1biPgCVwjsRh9UUPoRxmDs&q=tourist+attraction,+411024,+Pune,+Maharashtra,+IN&authuser=0&hl=en&gl=IN",0,0,0,0,1,,,OPERATIONAL,"{""Children"": {""Good for kids"": true}}",,0,,,,,"https://www.google.com/maps/place/My+relaxing+place+at+Khadakwasla+dam/@18.434603499999998,73.7711138,14z/data=!4m8!1m2!2m1!1sMy+relaxing+place+at+Khadakwasla+dam!3m4!1s0x3bc295003ee2560f:0x3b9871843e14d587!8m2!3d18.434603499999998!4d73.7711138","https://www.google.com/maps/place/My+relaxing+place+at+Khadakwasla+dam/@18.434603499999998,73.7711138,13.99z/data=!4m16!1m7!3m6!1s0x3bc295003ee2560f:0x3b9871843e14d587!2sMy+relaxing+place+at+Khadakwasla+dam!8m2!3d18.434603499999998!4d73.7711138!16s%2Fg%2F11ckvg1dmb!3m7!1s0x3bc295003ee2560f:0x3b9871843e14d587!8m2!3d18.434603499999998!4d73.7711138!9m1!1b1!16s%2Fg%2F11ckvg1dmb?entry=ttu",ChIJD1biPgCVwjsRh9UUPoRxmDs,0x3bc295003ee2560f:0x3b9871843e14d587,4.29430705748894E+018,/g/11vz2pjnsq,4294307057488942471
"tourist attraction, 411024, Pune, Maharashtra, IN",Rajiv Gandhi Zoological Park and Wildlife Research Center,"Tourist attraction, Park, Zoo",attractions,Tourist attraction,,"Pune - Satara Rd, opp. Katraj Dairy, Katraj, Pune, Maharashtra 411046",Katraj,Pune,411046,18.4524807,73.8607977,4.1,66543,"https://search.google.com/local/reviews?placeid=ChIJL6j3B8PqwjsRC7AkMjQxxDo&q=tourist+attraction,+411024,+Pune,+Maharashtra,+IN&authuser=0&hl=en&gl=IN",3432,2859,9789,19820,30643,"{""Monday"": ""9:30am-5pm"", ""Tuesday"": ""9:30am-5pm"", ""Wednesday"": ""Closed"", ""Thursday"": ""9:30am-5pm"", ""Friday"": ""9:30am-5pm"", ""Saturday"": ""9:30am-5pm"", ""Sunday"": ""9:30am-5pm""}",,OPERATIONAL,"{""Service options"": {""On-site services"": true}, ""Accessibility"": {""Wheelchair-accessible car park"": true, ""Wheelchair-accessible entrance"": true}, ""Children"": {""Good for kids"": true}, ""Parking"": {""Paid parking lot"": true}}",This large zoo with a lake & greenery has a snake park with many reptiles & an animal rescue center.,1,111937833872236215766,,,,"https://www.google.com/maps/place/Rajiv+Gandhi+Zoological+Park+and+Wildlife+Research+Center/@18.4524807,73.86079769999999,14z/data=!4m8!1m2!2m1!1sRajiv+Gandhi+Zoological+Park+and+Wildlife+Research+Center!3m4!1s0x3bc2eac307f7a82f:0x3ac431343224b00b!8m2!3d18.4524807!4d73.86079769999999","https://www.google.com/maps/place/Rajiv+Gandhi+Zoological+Park+and+Wildlife+Research+Center/@18.4524807,73.86079769999999,13.99z/data=!4m16!1m7!3m6!1s0x3bc2eac307f7a82f:0x3ac431343224b00b!2sRajiv+Gandhi+Zoological+Park+and+Wildlife+Research+Center!8m2!3d18.4524807!4d73.86079769999999!16s%2Fg%2F11ckvg1dmb!3m7!1s0x3bc2eac307f7a82f:0x3ac431343224b00b!8m2!3d18.4524807!4d73.86079769999999!9m1!1b1!16s%2Fg%2F11ckvg1dmb?entry=ttu",ChIJL6j3B8PqwjsRC7AkMjQxxDo,0x3bc2eac307f7a82f:0x3ac431343224b00b,4.23456364988443E+018,/m/0479krv,4234563649884434443
"tourist attraction, 411024, Pune, Maharashtra, IN",Apala Khadakvasla,Tourist attraction,attractions,Tourist attraction,,"448, Narveer Tanaji Malusare Rd, Khadakwasla Village, Khadakwasla, Girinagar, Maharashtra 411025","Khadakwasla Village, Khadakwasla",Girinagar,411025,18.433425,73.7705081,4.6,23,"https://search.google.com/local/reviews?placeid=ChIJnYW-ljOVwjsRzbigVaOvVs0&q=tourist+attraction,+411024,+Pune,+Maharashtra,+IN&authuser=0&hl=en&gl=IN",0,1,0,6,16,,,OPERATIONAL,"{""Accessibility"": {""Wheelchair-accessible car park"": false, ""Wheelchair-accessible entrance"": false}, ""Children"": {""Good for kids"": true}}",,0,,,,,"https://www.google.com/maps/place/Apala+Khadakvasla/@18.433425,73.7705081,14z/data=!4m8!1m2!2m1!1sApala+Khadakvasla!3m4!1s0x3bc2953396be859d:0xcd56afa355a0b8cd!8m2!3d18.433425!4d73.7705081","https://www.google.com/maps/place/Apala+Khadakvasla/@18.433425,73.7705081,13.99z/data=!4m16!1m7!3m6!1s0x3bc2953396be859d:0xcd56afa355a0b8cd!2sApala+Khadakvasla!8m2!3d18.433425!4d73.7705081!16s%2Fg%2F11ckvg1dmb!3m7!1s0x3bc2953396be859d:0xcd56afa355a0b8cd!8m2!3d18.433425!4d73.7705081!9m1!1b1!16s%2Fg%2F11ckvg1dmb?entry=ttu",ChIJnYW-ljOVwjsRzbigVaOvVs0,0x3bc2953396be859d:0xcd56afa355a0b8cd,1.47962067418235E+019,/g/11pf0b89hz,-3650537331886081843
"tourist attraction, 411024, Pune, Maharashtra, IN",I LOVE WARJE,Tourist attraction,attractions,Tourist attraction,,"FQRR+2HM RMD College, Service Rd, AtulNagar Phase I, Aditya Garden City, Warje, Pune, Maharashtra 411058","AtulNagar Phase I, Aditya Garden City, Warje",Pune,411058,18.4900925,73.7914109,4.4,105,"https://search.google.com/local/reviews?placeid=ChIJiyrkoca_wjsRoH70ZDw8FAg&q=tourist+attraction,+411024,+Pune,+Maharashtra,+IN&authuser=0&hl=en&gl=IN",4,3,9,19,70,"{""Monday"": ""Open 24 hours"", ""Tuesday"": ""Open 24 hours"", ""Wednesday"": ""Open 24 hours"", ""Thursday"": ""Open 24 hours"", ""Friday"": ""Open 24 hours"", ""Saturday"": ""Open 24 hours"", ""Sunday"": ""Open 24 hours""}",,OPERATIONAL,"{""Accessibility"": {""Wheelchair-accessible car park"": true, ""Wheelchair-accessible entrance"": true}, ""Children"": {""Good for kids"": true}}",,0,,,,,"https://www.google.com/maps/place/I+LOVE+WARJE/@18.4900925,73.7914109,14z/data=!4m8!1m2!2m1!1sI+LOVE+WARJE!3m4!1s0x3bc2bfc6a1e42a8b:0x8143c3c64f47ea0!8m2!3d18.4900925!4d73.7914109","https://www.google.com/maps/place/I+LOVE+WARJE/@18.4900925,73.7914109,13.99z/data=!4m16!1m7!3m6!1s0x3bc2bfc6a1e42a8b:0x8143c3c64f47ea0!2sI+LOVE+WARJE!8m2!3d18.4900925!4d73.7914109!16s%2Fg%2F11ckvg1dmb!3m7!1s0x3bc2bfc6a1e42a8b:0x8143c3c64f47ea0!8m2!3d18.4900925!4d73.7914109!9m1!1b1!16s%2Fg%2F11ckvg1dmb?entry=ttu",ChIJiyrkoca_wjsRoH70ZDw8FAg,0x3bc2bfc6a1e42a8b:0x8143c3c64f47ea0,5.82156481927086E+017,/g/11lsd6kmx2,582156481927085728
"tourist attraction, 411024, Pune, Maharashtra, IN",Sipna Jungle,"Farm, Nature preserve",Farm,Farm,,"CQ42+FXG, Pune - Panshet Rd, Gorhe Khurd, Maharashtra 411025",,Gorhe Khurd,411025,18.406183,73.752456,4,142,"https://search.google.com/local/reviews?placeid=ChIJk8Nr5iGUwjsRt9jzKTzK3fM&q=tourist+attraction,+411024,+Pune,+Maharashtra,+IN&authuser=0&hl=en&gl=IN",10,7,21,35,69,"{""Monday"": ""7am-7pm"", ""Tuesday"": ""7am-7pm"", ""Wednesday"": ""7am-7pm"", ""Thursday"": ""7am-7pm"", ""Friday"": ""7am-7pm"", ""Saturday"": ""7am-7pm"", ""Sunday"": ""7am-7pm""}",,OPERATIONAL,{},,0,,,,,"https://www.google.com/maps/place/Sipna+Jungle/@18.406183,73.752456,14z/data=!4m8!1m2!2m1!1sSipna+Jungle!3m4!1s0x3bc29421e66bc393:0xf3ddca3c29f3d8b7!8m2!3d18.406183!4d73.752456","https://www.google.com/maps/place/Sipna+Jungle/@18.406183,73.752456,13.99z/data=!4m16!1m7!3m6!1s0x3bc29421e66bc393:0xf3ddca3c29f3d8b7!2sSipna+Jungle!8m2!3d18.406183!4d73.752456!16s%2Fg%2F11ckvg1dmb!3m7!1s0x3bc29421e66bc393:0xf3ddca3c29f3d8b7!8m2!3d18.406183!4d73.752456!9m1!1b1!16s%2Fg%2F11ckvg1dmb?entry=ttu",ChIJk8Nr5iGUwjsRt9jzKTzK3fM,0x3bc29421e66bc393:0xf3ddca3c29f3d8b7,1.75724236808202E+019,/g/11cr_qjp6s,-874320392889313097
"tourist attraction, 411024, Pune, Maharashtra, IN",Joshi's Museum Of Miniature Railways,"Tourist attraction, Miniatures store, Museum",museums,Tourist attraction,+91 20 2543 5378,"17/1 B/2, Late GA Kulkarni Path, near Karishma Society, Kothrud, Pune, Maharashtra 411038",Kothrud,Pune,411038,18.5015865,73.822345,4.1,2633,"https://search.google.com/local/reviews?placeid=ChIJrX8KtLG_wjsR5Y5V_giawps&q=tourist+attraction,+411024,+Pune,+Maharashtra,+IN&authuser=0&hl=en&gl=IN",149,89,340,719,1336,"{""Monday"": ""9am-5pm"", ""Tuesday"": ""9am-5pm"", ""Wednesday"": ""9am-5pm"", ""Thursday"": ""9am-1pm"", ""Friday"": ""9am-5pm"", ""Saturday"": ""9am-4pm,5-8pm"", ""Sunday"": ""5-8pm""}","[{""lunch"": {""Monday"": ""1-1:30 pm"", ""Tuesday"": ""1-1:30 pm"", ""Wednesday"": ""1-1:30 pm"", ""Thursday"": ""Closed"", ""Friday"": ""1-1:30 pm"", ""Saturday"": ""1-1:30 pm"", ""Sunday"": ""Closed""}}]",OPERATIONAL,"{""Service options"": {""On-site services"": true}, ""Highlights"": {""Live performances"": true}, ""Accessibility"": {""Wheelchair-accessible car park"": true, ""Wheelchair-accessible entrance"": false, ""Wheelchair-accessible toilet"": false}, ""Amenities"": {""Toilets"": true, ""Restaurant"": false}, ""Payments"": {""Google Pay"": true}, ""Children"": {""Good for kids"": true}, ""Parking"": {""Free street parking"": true}}","Opened in 1998, this museum presents demonstrations of miniature trains on a model railway system.",1,114351823557341606134,,,,"https://www.google.com/maps/place/Joshi%27s+Museum+Of+Miniature+Railways/@18.5015865,73.822345,14z/data=!4m8!1m2!2m1!1sJoshi%27s+Museum+Of+Miniature+Railways!3m4!1s0x3bc2bfb1b40a7fad:0x9bc29a08fe558ee5!8m2!3d18.5015865!4d73.822345","https://www.google.com/maps/place/Joshi%27s+Museum+Of+Miniature+Railways/@18.5015865,73.822345,13.99z/data=!4m16!1m7!3m6!1s0x3bc2bfb1b40a7fad:0x9bc29a08fe558ee5!2sJoshi%27s+Museum+Of+Miniature+Railways!8m2!3d18.5015865!4d73.822345!16s%2Fg%2F11ckvg1dmb!3m7!1s0x3bc2bfb1b40a7fad:0x9bc29a08fe558ee5!8m2!3d18.5015865!4d73.822345!9m1!1b1!16s%2Fg%2F11ckvg1dmb?entry=ttu",ChIJrX8KtLG_wjsR5Y5V_giawps,0x3bc2bfb1b40a7fad:0x9bc29a08fe558ee5,1.12237025847781E+019,/m/0jwzhzj,-7223041488931418395
"tourist attraction, 411024, Pune, Maharashtra, IN",The Western Routes - Heritage Walk Meeting Point,"Tourist attraction, Tour operator",attractions,Tourist attraction,+91 94055 91758,"Shaniwar Wada, Dilli Darwaja, Shaniwar Peth, Pune, Maharashtra 411030","Dilli Darwaja, Shaniwar Peth",Pune,411030,18.5202524,73.8555189,4.6,48,"https://search.google.com/local/reviews?placeid=ChIJFXEYLufBwjsRCMs4rFGuBTg&q=tourist+attraction,+411024,+Pune,+Maharashtra,+IN&authuser=0&hl=en&gl=IN",2,2,2,2,40,,,OPERATIONAL,"{""Accessibility"": {""Wheelchair-accessible entrance"": true}, ""Children"": {""Good for kids"": true}}",,1,110251257254450422221,,,,"https://www.google.com/maps/place/The+Western+Routes+-+Heritage+Walk+Meeting+Point/@18.5202524,73.85551889999999,14z/data=!4m8!1m2!2m1!1sThe+Western+Routes+-+Heritage+Walk+Meeting+Point!3m4!1s0x3bc2c1e72e187115:0x3805ae51ac38cb08!8m2!3d18.5202524!4d73.85551889999999","https://www.google.com/maps/place/The+Western+Routes+-+Heritage+Walk+Meeting+Point/@18.5202524,73.85551889999999,13.99z/data=!4m16!1m7!3m6!1s0x3bc2c1e72e187115:0x3805ae51ac38cb08!2sThe+Western+Routes+-+Heritage+Walk+Meeting+Point!8m2!3d18.5202524!4d73.85551889999999!16s%2Fg%2F11ckvg1dmb!3m7!1s0x3bc2c1e72e187115:0x3805ae51ac38cb08!8m2!3d18.5202524!4d73.85551889999999!9m1!1b1!16s%2Fg%2F11ckvg1dmb?entry=ttu",ChIJFXEYLufBwjsRCMs4rFGuBTg,0x3bc2c1e72e187115:0x3805ae51ac38cb08,4.03682430681251E+018,/g/11sbgtdlnq,4036824306812504840
"tourist attraction, 411024, Pune, Maharashtra, IN",Osho Teerth Park,"Tourist attraction, Park",attractions,Tourist attraction,+91 20 6601 9999,"GVPR+89R, D. H. Dhunjibhoy Road, Between Lane Number 2 and 3, Koregaon Rd, Koregaon Park, Pune, Maharashtra 411001",Koregaon Park,Pune,411001,18.5358733,73.8906921,4.1,4471,"https://search.google.com/local/reviews?placeid=ChIJJ-cTQQDBwjsRH4rwUIDtfds&q=tourist+attraction,+411024,+Pune,+Maharashtra,+IN&authuser=0&hl=en&gl=IN",300,185,536,1147,2303,"{""Monday"": ""6-9am,3-6pm"", ""Tuesday"": ""6-9am,3-6pm"", ""Wednesday"": ""6-9am,3-6pm"", ""Thursday"": ""6-9am,3-6pm"", ""Friday"": ""6-9am,3-6pm"", ""Saturday"": ""Closed"", ""Sunday"": ""Closed""}",,OPERATIONAL,"{""Service options"": {""On-site services"": true}, ""Children"": {""Good for kids"": true}}","Calm, natural setting for quiet walks & jogs amid dense foliage, gardens & a stream.",1,115155242876174573006,,,,"https://www.google.com/maps/place/Osho+Teerth+Park/@18.5358733,73.8906921,14z/data=!4m8!1m2!2m1!1sOsho+Teerth+Park!3m4!1s0x3bc2c1004113e727:0xdb7ded8050f08a1f!8m2!3d18.5358733!4d73.8906921","https://www.google.com/maps/place/Osho+Teerth+Park/@18.5358733,73.8906921,13.99z/data=!4m16!1m7!3m6!1s0x3bc2c1004113e727:0xdb7ded8050f08a1f!2sOsho+Teerth+Park!8m2!3d18.5358733!4d73.8906921!16s%2Fg%2F11ckvg1dmb!3m7!1s0x3bc2c1004113e727:0xdb7ded8050f08a1f!8m2!3d18.5358733!4d73.8906921!9m1!1b1!16s%2Fg%2F11ckvg1dmb?entry=ttu",ChIJJ-cTQQDBwjsRH4rwUIDtfds,0x3bc2c1004113e727:0xdb7ded8050f08a1f,1.58160586017646E+019,/g/1tfzkswy,-2630685471944963553
"tourist attraction, 411024, Pune, Maharashtra, IN",Shrimant Dagdusheth Halwai Ganpati Mandir,"Tourist attraction, Religious organization, Hindu temple",attractions,Tourist attraction,+91 20 2447 9222,"Ganpati Bhavan, 250, Chhatrapati Shivaji Maharaj Rd, Mehunpura, Budhwar Peth, Pune, Maharashtra 411002","Mehunpura, Budhwar Peth",Pune,411002,18.5164297,73.8561329,4.8,169537,"https://search.google.com/local/reviews?placeid=ChIJ_0K0pW_AwjsR4bxItvVl850&q=tourist+attraction,+411024,+Pune,+Maharashtra,+IN&authuser=0&hl=en&gl=IN",1916,881,3117,16453,147170,"{""Monday"": ""5am-10:30pm"", ""Tuesday"": ""5am-10:30pm"", ""Wednesday"": ""5am-10:30pm"", ""Thursday"": ""5am-10:30pm"", ""Friday"": ""5am-10:30pm"", ""Saturday"": ""5am-10:30pm"", ""Sunday"": ""5am-10:30pm""}",,OPERATIONAL,"{""Service options"": {""On-site services"": true}, ""Accessibility"": {""Wheelchair-accessible entrance"": false}, ""Amenities"": {""Toilets"": true}}","Hindu temple popular with pilgrims, with marble interiors & a golden Ganesh idol.",1,116950221208690598358,,,,"https://www.google.com/maps/place/Shrimant+Dagdusheth+Halwai+Ganpati+Mandir/@18.5164297,73.85613289999999,14z/data=!4m8!1m2!2m1!1sShrimant+Dagdusheth+Halwai+Ganpati+Mandir!3m4!1s0x3bc2c06fa5b442ff:0x9df365f5b648bce1!8m2!3d18.5164297!4d73.85613289999999","https://www.google.com/maps/place/Shrimant+Dagdusheth+Halwai+Ganpati+Mandir/@18.5164297,73.85613289999999,13.99z/data=!4m16!1m7!3m6!1s0x3bc2c06fa5b442ff:0x9df365f5b648bce1!2sShrimant+Dagdusheth+Halwai+Ganpati+Mandir!8m2!3d18.5164297!4d73.85613289999999!16s%2Fg%2F11ckvg1dmb!3m7!1s0x3bc2c06fa5b442ff:0x9df365f5b648bce1!8m2!3d18.5164297!4d73.85613289999999!9m1!1b1!16s%2Fg%2F11ckvg1dmb?entry=ttu",ChIJ_0K0pW_AwjsR4bxItvVl850,0x3bc2c06fa5b442ff:0x9df365f5b648bce1,1.1381552789295E+019,/m/04zxxlg,-7065191284414563103
"tourist attraction, 411024, Pune, Maharashtra, IN",KhadakWasla Dam Backwater,Tourist attraction,attractions,Tourist attraction,,"CPCX+C6V, Gorhe Khurd, Maharashtra 411025",,Gorhe Khurd,411025,18.4211246,73.748058,4.1,25,"https://search.google.com/local/reviews?placeid=ChIJQZ-mjAWVwjsRuUHIeuQRJmo&q=tourist+attraction,+411024,+Pune,+Maharashtra,+IN&authuser=0&hl=en&gl=IN",3,0,2,6,14,,,OPERATIONAL,"{""Children"": {""Good for kids"": true}}",,0,,,,,"https://www.google.com/maps/place/KhadakWasla+Dam+Backwater/@18.4211246,73.748058,14z/data=!4m8!1m2!2m1!1sKhadakWasla+Dam+Backwater!3m4!1s0x3bc295058ca69f41:0x6a2611e47ac841b9!8m2!3d18.4211246!4d73.748058","https://www.google.com/maps/place/KhadakWasla+Dam+Backwater/@18.4211246,73.748058,13.99z/data=!4m16!1m7!3m6!1s0x3bc295058ca69f41:0x6a2611e47ac841b9!2sKhadakWasla+Dam+Backwater!8m2!3d18.4211246!4d73.748058!16s%2Fg%2F11ckvg1dmb!3m7!1s0x3bc295058ca69f41:0x6a2611e47ac841b9!8m2!3d18.4211246!4d73.748058!9m1!1b1!16s%2Fg%2F11ckvg1dmb?entry=ttu",ChIJQZ-mjAWVwjsRuUHIeuQRJmo,0x3bc295058ca69f41:0x6a2611e47ac841b9,7.64882069014553E+018,/g/11sxwpfchw,7648820690145526201
"tourist attraction, 411024, Pune, Maharashtra, IN",Nanded City Eco Park,Park,attractions,Park,+91 20 6727 5300,"Nanded, Pune, Maharashtra 411041",Nanded,Pune,411041,18.4546625,73.7851084,4.6,1098,"https://search.google.com/local/reviews?placeid=ChIJAQAAd5iVwjsR1AxHa4L_Ssg&q=tourist+attraction,+411024,+Pune,+Maharashtra,+IN&authuser=0&hl=en&gl=IN",19,18,58,221,782,"{""Monday"": ""9:30am-7:30pm"", ""Tuesday"": ""9:30am-7:30pm"", ""Wednesday"": ""9:30am-7:30pm"", ""Thursday"": ""9:30am-7:30pm"", ""Friday"": ""9:30am-7:30pm"", ""Saturday"": ""9:30am-7:30pm"", ""Sunday"": ""9:30am-8pm""}",,OPERATIONAL,"{""Accessibility"": {""Wheelchair-accessible car park"": true, ""Wheelchair-accessible entrance"": true}, ""Children"": {""Good for kids"": true}}",,1,111882633056102351685,,,,"https://www.google.com/maps/place/Nanded+City+Eco+Park/@18.454662499999998,73.7851084,14z/data=!4m8!1m2!2m1!1sNanded+City+Eco+Park!3m4!1s0x3bc2959877000001:0xc84aff826b470cd4!8m2!3d18.454662499999998!4d73.7851084","https://www.google.com/maps/place/Nanded+City+Eco+Park/@18.454662499999998,73.7851084,13.99z/data=!4m16!1m7!3m6!1s0x3bc2959877000001:0xc84aff826b470cd4!2sNanded+City+Eco+Park!8m2!3d18.454662499999998!4d73.7851084!16s%2Fg%2F11ckvg1dmb!3m7!1s0x3bc2959877000001:0xc84aff826b470cd4!8m2!3d18.454662499999998!4d73.7851084!9m1!1b1!16s%2Fg%2F11ckvg1dmb?entry=ttu",ChIJAQAAd5iVwjsR1AxHa4L_Ssg,0x3bc2959877000001:0xc84aff826b470cd4,1.44326288914728E+019,/g/11bx89hm03,-4014115182236726060
"tourist attraction, 411024, Pune, Maharashtra, IN",Khadki War Cemetery,"Cemetery, Tourist attraction",attractions,Cemetery,,"HV24+RM8, Near Holkar Bridge, Mula Rd, Khadki, Maharashtra",Khadki,"Khadki, Pune",,18.5520311,73.8566962,4.5,109,"https://search.google.com/local/reviews?placeid=ChIJ0bgnEb7AwjsRAl_JT3JsCXc&q=tourist+attraction,+411024,+Pune,+Maharashtra,+IN&authuser=0&hl=en&gl=IN",2,3,3,30,71,"{""Monday"": ""7:30am-5:30pm"", ""Tuesday"": ""7:30am-5:30pm"", ""Wednesday"": ""7:30am-5:30pm"", ""Thursday"": ""7:30am-5:30pm"", ""Friday"": ""7:30am-5:30pm"", ""Saturday"": ""Closed"", ""Sunday"": ""Closed""}",,OPERATIONAL,{},,0,,,,,"https://www.google.com/maps/place/Khadki+War+Cemetery/@18.5520311,73.8566962,14z/data=!4m8!1m2!2m1!1sKhadki+War+Cemetery!3m4!1s0x3bc2c0be1127b8d1:0x77096c724fc95f02!8m2!3d18.5520311!4d73.8566962","https://www.google.com/maps/place/Khadki+War+Cemetery/@18.5520311,73.8566962,13.99z/data=!4m16!1m7!3m6!1s0x3bc2c0be1127b8d1:0x77096c724fc95f02!2sKhadki+War+Cemetery!8m2!3d18.5520311!4d73.8566962!16s%2Fg%2F11ckvg1dmb!3m7!1s0x3bc2c0be1127b8d1:0x77096c724fc95f02!8m2!3d18.5520311!4d73.8566962!9m1!1b1!16s%2Fg%2F11ckvg1dmb?entry=ttu",ChIJ0bgnEb7AwjsRAl_JT3JsCXc,0x3bc2c0be1127b8d1:0x77096c724fc95f02,8.57750620352449E+018,/g/11c1ncnnxv,8577506203524488962
"tourist attraction, 411024, Pune, Maharashtra, IN",Children's Park,Park,attractions,Park,,"Central Water and Power Research Station Colony, Khadakwasla, Pune, Maharashtra 411024","Central Water and Power Research Station Colony, Khadakwasla",Pune,411024,18.4468811,73.7929049,3.9,108,"https://search.google.com/local/reviews?placeid=ChIJtcE0CaeVwjsRS2D2ZgcunuU&q=tourist+attraction,+411024,+Pune,+Maharashtra,+IN&authuser=0&hl=en&gl=IN",7,6,17,37,41,"{""Monday"": ""Open 24 hours"", ""Tuesday"": ""Open 24 hours"", ""Wednesday"": ""Open 24 hours"", ""Thursday"": ""Open 24 hours"", ""Friday"": ""Open 24 hours"", ""Saturday"": ""Open 24 hours"", ""Sunday"": ""Open 24 hours""}",,OPERATIONAL,"{""Amenities"": {""Slides"": true}, ""Children"": {""Good for kids"": true, ""Playground"": true}}",,1,100023963871391054947,,,,"https://www.google.com/maps/place/Children%27s+Park/@18.4468811,73.7929049,14z/data=!4m8!1m2!2m1!1sChildren%27s+Park!3m4!1s0x3bc295a70934c1b5:0xe59e2e0766f6604b!8m2!3d18.4468811!4d73.7929049","https://www.google.com/maps/place/Children%27s+Park/@18.4468811,73.7929049,13.99z/data=!4m16!1m7!3m6!1s0x3bc295a70934c1b5:0xe59e2e0766f6604b!2sChildren%27s+Park!8m2!3d18.4468811!4d73.7929049!16s%2Fg%2F11ckvg1dmb!3m7!1s0x3bc295a70934c1b5:0xe59e2e0766f6604b!8m2!3d18.4468811!4d73.7929049!9m1!1b1!16s%2Fg%2F11ckvg1dmb?entry=ttu",ChIJtcE0CaeVwjsRS2D2ZgcunuU,0x3bc295a70934c1b5:0xe59e2e0766f6604b,1.65457126903329E+019,/g/12hqwxl25,-1901031383376699317
"tourist attraction, 411024, Pune, Maharashtra, IN",ISKCON NVCC Pune,"Tourist attraction, Food court, Outlet mall, Recreation center, Hindu temple",attractions,Tourist attraction,+91 84118 45000,"ISKCON TEMPLE AND NVCC, Katraj - Kondhwa Rd, Tilekar Nagar, Kondhwa Budruk, Pune, Maharashtra 411048","Tilekar Nagar, Kondhwa Budruk",Pune,411048,18.447849,73.8807171,4.7,33211,"https://search.google.com/local/reviews?placeid=ChIJSdctqfvqwjsR7tcJvlsbul4&q=tourist+attraction,+411024,+Pune,+Maharashtra,+IN&authuser=0&hl=en&gl=IN",457,188,881,5070,26615,"{""Monday"": ""4:30am-8:45pm"", ""Tuesday"": ""4:30am-8:45pm"", ""Wednesday"": ""4:30am-8:45pm"", ""Thursday"": ""4:30am-8:45pm"", ""Friday"": ""4:30am-8:45pm"", ""Saturday"": ""4:30am-8:45pm"", ""Sunday"": ""4:30am-8:45pm""}",,OPERATIONAL,"{""Service options"": {""On-site services"": true}, ""Accessibility"": {""Assistive hearing loop"": true, ""Wheelchair-accessible car park"": true, ""Wheelchair-accessible entrance"": true, ""Wheelchair-accessible seating"": true, ""Wheelchair-accessible toilet"": true}, ""Amenities"": {""Toilets"": true}, ""Payments"": {""Google Pay"": true}, ""Deities represented"": {""Krishna"": true, ""Lakshmi"": true, ""Vishnu"": true}, ""Parking"": {""Free parking lot"": true, ""Paid parking lot"": true}}","Opulent temple devoted to Radha Krishna featuring a golden dome & chandeliers, plus a veranda.",1,112289822850297386510,,,,"https://www.google.com/maps/place/ISKCON+NVCC+Pune/@18.447848999999998,73.8807171,14z/data=!4m8!1m2!2m1!1sISKCON+NVCC+Pune!3m4!1s0x3bc2eafba92dd749:0x5eba1b5bbe09d7ee!8m2!3d18.447848999999998!4d73.8807171","https://www.google.com/maps/place/ISKCON+NVCC+Pune/@18.447848999999998,73.8807171,13.99z/data=!4m16!1m7!3m6!1s0x3bc2eafba92dd749:0x5eba1b5bbe09d7ee!2sISKCON+NVCC+Pune!8m2!3d18.447848999999998!4d73.8807171!16s%2Fg%2F11ckvg1dmb!3m7!1s0x3bc2eafba92dd749:0x5eba1b5bbe09d7ee!8m2!3d18.447848999999998!4d73.8807171!9m1!1b1!16s%2Fg%2F11ckvg1dmb?entry=ttu",ChIJSdctqfvqwjsR7tcJvlsbul4,0x3bc2eafba92dd749:0x5eba1b5bbe09d7ee,6.8257982660777E+018,/m/0v3g7rc,6825798266077698030
"tourist attraction, 411024, Pune, Maharashtra, IN",Parvati Hill,"Tourist attraction, Hiking area, Scenic spot, Historical landmark",attractions,Tourist attraction,+91 832 249 4204,"143/4, Nana Saheb Peshwa Rd, Parvati Gaon, Parvati Paytha, Pune, Maharashtra 411009","Parvati Gaon, Parvati Paytha",Pune,411009,18.4969411,73.8464995,4.5,1824,"https://search.google.com/local/reviews?placeid=ChIJK2pHIQ_AwjsRVOquL9TlPFM&q=tourist+attraction,+411024,+Pune,+Maharashtra,+IN&authuser=0&hl=en&gl=IN",29,23,99,454,1219,"{""Monday"": ""Open 24 hours"", ""Tuesday"": ""Open 24 hours"", ""Wednesday"": ""Open 24 hours"", ""Thursday"": ""Open 24 hours"", ""Friday"": ""Open 24 hours"", ""Saturday"": ""Open 24 hours"", ""Sunday"": ""Open 24 hours""}",,OPERATIONAL,"{""Service options"": {""On-site services"": true}, ""Accessibility"": {""Wheelchair-accessible car park"": false, ""Wheelchair-accessible entrance"": false}, ""Children"": {""Good for kids"": true}}",,0,,,,,"https://www.google.com/maps/place/Parvati+Hill/@18.4969411,73.8464995,14z/data=!4m8!1m2!2m1!1sParvati+Hill!3m4!1s0x3bc2c00f21476a2b:0x533ce5d42faeea54!8m2!3d18.4969411!4d73.8464995","https://www.google.com/maps/place/Parvati+Hill/@18.4969411,73.8464995,13.99z/data=!4m16!1m7!3m6!1s0x3bc2c00f21476a2b:0x533ce5d42faeea54!2sParvati+Hill!8m2!3d18.4969411!4d73.8464995!16s%2Fg%2F11ckvg1dmb!3m7!1s0x3bc2c00f21476a2b:0x533ce5d42faeea54!8m2!3d18.4969411!4d73.8464995!9m1!1b1!16s%2Fg%2F11ckvg1dmb?entry=ttu",ChIJK2pHIQ_AwjsRVOquL9TlPFM,0x3bc2c00f21476a2b:0x533ce5d42faeea54,5.99792150324648E+018,/g/11g6mw1pr8,5997921503246477908
"tourist attraction, 411024, Pune, Maharashtra, IN",Katraj Lake,"Tourist attraction, Park, Historical landmark",attractions,Tourist attraction,,"CVV7+Q5H, Katraj Vasahat, Katraj, Pune, Maharashtra 411046","Katraj Vasahat, Katraj",Pune,411046,18.4444385,73.8629937,4.2,10207,"https://search.google.com/local/reviews?placeid=ChIJT1Q90d3qwjsRaA6TIdEffCo&q=tourist+attraction,+411024,+Pune,+Maharashtra,+IN&authuser=0&hl=en&gl=IN",415,331,1199,2780,5482,"{""Monday"": ""6-11am,4-9pm"", ""Tuesday"": ""6-11am,4-9pm"", ""Wednesday"": ""6-11am,4-9pm"", ""Thursday"": ""6-11am,4-9pm"", ""Friday"": ""6-11am,4-9pm"", ""Saturday"": ""6-11am,4-9pm"", ""Sunday"": ""6-11am,4-9pm""}",,OPERATIONAL,"{""Service options"": {""On-site services"": true}, ""Accessibility"": {""Wheelchair-accessible car park"": true, ""Wheelchair-accessible entrance"": true}, ""Children"": {""Good for kids"": true}}",Fountains synchronised to lights & music for evening shows at a lake with garden paths & benches.,0,,,,,"https://www.google.com/maps/place/Katraj+Lake/@18.4444385,73.86299369999999,14z/data=!4m8!1m2!2m1!1sKatraj+Lake!3m4!1s0x3bc2eaddd13d544f:0x2a7c1fd121930e68!8m2!3d18.4444385!4d73.86299369999999","https://www.google.com/maps/place/Katraj+Lake/@18.4444385,73.86299369999999,13.99z/data=!4m16!1m7!3m6!1s0x3bc2eaddd13d544f:0x2a7c1fd121930e68!2sKatraj+Lake!8m2!3d18.4444385!4d73.86299369999999!16s%2Fg%2F11ckvg1dmb!3m7!1s0x3bc2eaddd13d544f:0x2a7c1fd121930e68!8m2!3d18.4444385!4d73.86299369999999!9m1!1b1!16s%2Fg%2F11ckvg1dmb?entry=ttu",ChIJT1Q90d3qwjsRaA6TIdEffCo,0x3bc2eaddd13d544f:0x2a7c1fd121930e68,3.06135682977701E+018,/g/12qgcdsl1,3061356829777006184
"tourist attraction, 411024, Pune, Maharashtra, IN",P L Deshpande Garden,"Tourist attraction, Garden, City park",attractions,Tourist attraction,,"Pune Okayama Friendship Garden, Dattawadi, Pune, Maharashtra 411030","Pune Okayama Friendship Garden, Dattawadi",Pune,411030,18.4912753,73.8370869,4.5,29543,"https://search.google.com/local/reviews?placeid=ChIJAQAAkPm_wjsRNNKab-PjkTI&q=tourist+attraction,+411024,+Pune,+Maharashtra,+IN&authuser=0&hl=en&gl=IN",678,444,2065,7978,18378,"{""Monday"": ""6-10:30am,4-8pm"", ""Tuesday"": ""6-10:30am,4-8pm"", ""Wednesday"": ""6-10:30am,4-8pm"", ""Thursday"": ""6-10:30am,4-8pm"", ""Friday"": ""6-10:30am,4-8pm"", ""Saturday"": ""6-10:30am,4-8pm"", ""Sunday"": ""6-10:30am,4-8pm""}",,OPERATIONAL,"{""Service options"": {""On-site services"": true}, ""Accessibility"": {""Wheelchair-accessible car park"": true, ""Wheelchair-accessible entrance"": true}, ""Amenities"": {""Picnic tables"": true, ""Public restroom"": true, ""Slides"": true, ""Swings"": true}, ""Children"": {""Good for kids"": true, ""Playground"": true}}","Japanese garden set on 10 acres with paths & wooden pergolas, plus fish ponds & a kids' play area.",0,,,,,"https://www.google.com/maps/place/P+L+Deshpande+Garden/@18.491275299999998,73.8370869,14z/data=!4m8!1m2!2m1!1sP+L+Deshpande+Garden!3m4!1s0x3bc2bff990000001:0x3291e3e36f9ad234!8m2!3d18.491275299999998!4d73.8370869","https://www.google.com/maps/place/P+L+Deshpande+Garden/@18.491275299999998,73.8370869,13.99z/data=!4m16!1m7!3m6!1s0x3bc2bff990000001:0x3291e3e36f9ad234!2sP+L+Deshpande+Garden!8m2!3d18.491275299999998!4d73.8370869!16s%2Fg%2F11ckvg1dmb!3m7!1s0x3bc2bff990000001:0x3291e3e36f9ad234!8m2!3d18.491275299999998!4d73.8370869!9m1!1b1!16s%2Fg%2F11ckvg1dmb?entry=ttu",ChIJAQAAkPm_wjsRNNKab-PjkTI,0x3bc2bff990000001:0x3291e3e36f9ad234,3.64394413948894E+018,/m/0kf_2nb,3643944139488940596
"tourist attraction, 411024, Pune, Maharashtra, IN",Shree Tarkeshwar Mandir,"Tourist attraction, Hindu temple",attractions,Tourist attraction,+91 73919 59702,"GVWM+G72, Nawanagar, Salwe Nagar, Yerawada, Pune, Maharashtra 411006","Nawanagar, Salwe Nagar, Yerawada",Pune,411006,18.5462542,73.8831262,4.5,646,"https://search.google.com/local/reviews?placeid=ChIJR7DaiOTAwjsRNeAcY_Y744I&q=tourist+attraction,+411024,+Pune,+Maharashtra,+IN&authuser=0&hl=en&gl=IN",18,5,43,131,449,"{""Monday"": ""6am-10pm"", ""Tuesday"": ""6am-9pm"", ""Wednesday"": ""6am-9pm"", ""Thursday"": ""6am-9pm"", ""Friday"": ""6am-9pm"", ""Saturday"": ""6am-9pm"", ""Sunday"": ""6am-9pm""}",,OPERATIONAL,{},,0,,,,,"https://www.google.com/maps/place/Shree+Tarkeshwar+Mandir/@18.5462542,73.88312619999999,14z/data=!4m8!1m2!2m1!1sShree+Tarkeshwar+Mandir!3m4!1s0x3bc2c0e488dab047:0x82e33bf6631ce035!8m2!3d18.5462542!4d73.88312619999999","https://www.google.com/maps/place/Shree+Tarkeshwar+Mandir/@18.5462542,73.88312619999999,13.99z/data=!4m16!1m7!3m6!1s0x3bc2c0e488dab047:0x82e33bf6631ce035!2sShree+Tarkeshwar+Mandir!8m2!3d18.5462542!4d73.88312619999999!16s%2Fg%2F11ckvg1dmb!3m7!1s0x3bc2c0e488dab047:0x82e33bf6631ce035!8m2!3d18.5462542!4d73.88312619999999!9m1!1b1!16s%2Fg%2F11ckvg1dmb?entry=ttu",ChIJR7DaiOTAwjsRNeAcY_Y744I,0x3bc2c0e488dab047:0x82e33bf6631ce035,9.43144797405478E+018,/g/1yg4dhzq2,-9015296099654770635
"tourist attraction, 411024, Pune, Maharashtra, IN",Mahatma Phule Museum,"Tourist attraction, Museum",museums,Tourist attraction,+91 20 2553 2750,"1204/10, Ghole Rd, Shivajinagar, Pune, Maharashtra 411004",Shivajinagar,Pune,411004,18.5235602,73.8454239,4.1,2021,"https://search.google.com/local/reviews?placeid=ChIJtUE80X7AwjsRQxkedrE03NI&q=tourist+attraction,+411024,+Pune,+Maharashtra,+IN&authuser=0&hl=en&gl=IN",63,85,286,641,946,"{""Monday"": ""9am-5pm"", ""Tuesday"": ""9am-5pm"", ""Wednesday"": ""9am-5pm"", ""Thursday"": ""9am-5pm"", ""Friday"": ""9am-5pm"", ""Saturday"": ""9am-5pm"", ""Sunday"": ""9am-5pm""}",,OPERATIONAL,"{""Accessibility"": {""Wheelchair-accessible car park"": true, ""Wheelchair-accessible toilet"": true, ""Wheelchair-accessible entrance"": false}, ""Amenities"": {""Toilets"": true, ""Restaurant"": false}, ""Children"": {""Good for kids"": true}, ""Parking"": {""Free parking lot"": true}}","Small museum founded in 1875 featuring historical objects such as handicrafts, weapons & taxidermy.",0,,,,,"https://www.google.com/maps/place/Mahatma+Phule+Museum/@18.5235602,73.8454239,14z/data=!4m8!1m2!2m1!1sMahatma+Phule+Museum!3m4!1s0x3bc2c07ed13c41b5:0xd2dc34b1761e1943!8m2!3d18.5235602!4d73.8454239","https://www.google.com/maps/place/Mahatma+Phule+Museum/@18.5235602,73.8454239,13.99z/data=!4m16!1m7!3m6!1s0x3bc2c07ed13c41b5:0xd2dc34b1761e1943!2sMahatma+Phule+Museum!8m2!3d18.5235602!4d73.8454239!16s%2Fg%2F11ckvg1dmb!3m7!1s0x3bc2c07ed13c41b5:0xd2dc34b1761e1943!8m2!3d18.5235602!4d73.8454239!9m1!1b1!16s%2Fg%2F11ckvg1dmb?entry=ttu",ChIJtUE80X7AwjsRQxkedrE03NI,0x3bc2c07ed13c41b5:0xd2dc34b1761e1943,1.51940771796368E+019,/m/0jwxrtq,-3252666894072800957
"tourist attraction, 411024, Pune, Maharashtra, IN",Khadakwasla Backwater Tent Camping and Resort,"Tourist attraction, Campground",attractions,Tourist attraction,+91 80 4803 6850,"Sinhgad Road, Khadakwasla Village, Khadakwasla, Girinagar, Gorhe Khurd, Maharashtra 411025","Khadakwasla Village, Khadakwasla","Girinagar, Gorhe Khurd",411025,18.4038286,73.745993,4.5,1012,"https://search.google.com/local/reviews?placeid=ChIJYa2jQWCVwjsRHnarIIVNuWY&q=tourist+attraction,+411024,+Pune,+Maharashtra,+IN&authuser=0&hl=en&gl=IN",20,16,73,245,658,,,OPERATIONAL,"{""Service options"": {""On-site services"": true}, ""Activities"": {""Hiking"": true}, ""Children"": {""Good for kids"": true, ""Kid-friendly hikes"": true}}",,1,113289184718148668372,,,,"https://www.google.com/maps/place/Khadakwasla+Backwater+Tent+Camping+and+Resort/@18.4038286,73.745993,14z/data=!4m8!1m2!2m1!1sKhadakwasla+Backwater+Tent+Camping+and+Resort!3m4!1s0x3bc2956041a3ad61:0x66b94d8520ab761e!8m2!3d18.4038286!4d73.745993","https://www.google.com/maps/place/Khadakwasla+Backwater+Tent+Camping+and+Resort/@18.4038286,73.745993,13.99z/data=!4m16!1m7!3m6!1s0x3bc2956041a3ad61:0x66b94d8520ab761e!2sKhadakwasla+Backwater+Tent+Camping+and+Resort!8m2!3d18.4038286!4d73.745993!16s%2Fg%2F11ckvg1dmb!3m7!1s0x3bc2956041a3ad61:0x66b94d8520ab761e!8m2!3d18.4038286!4d73.745993!9m1!1b1!16s%2Fg%2F11ckvg1dmb?entry=ttu",ChIJYa2jQWCVwjsRHnarIIVNuWY,0x3bc2956041a3ad61:0x66b94d8520ab761e,7.40203269673422E+018,/g/11mbxr19np,7402032696734217758
"tourist attraction, 411024, Pune, Maharashtra, IN",Fortune Farm House,Tourist attraction,attractions,Tourist attraction,,"FR56+2P6, Morbe, Garmal, panvel, Pune, Maharashtra 411041","Garmal, panvel",Pune,411041,18.457528,73.8117632,4,1,"https://search.google.com/local/reviews?placeid=ChIJtZg1iWCVwjsRU9g5lAUajAc&q=tourist+attraction,+411024,+Pune,+Maharashtra,+IN&authuser=0&hl=en&gl=IN",0,0,0,1,0,"{""Monday"": ""Open 24 hours"", ""Tuesday"": ""Open 24 hours"", ""Wednesday"": ""Open 24 hours"", ""Thursday"": ""Open 24 hours"", ""Friday"": ""Open 24 hours"", ""Saturday"": ""Open 24 hours"", ""Sunday"": ""Open 24 hours""}",,OPERATIONAL,"{""Children"": {""Good for kids"": true}}",,0,,,,,"https://www.google.com/maps/place/Fortune+Farm+House/@18.457528,73.8117632,14z/data=!4m8!1m2!2m1!1sFortune+Farm+House!3m4!1s0x3bc29560893598b5:0x78c1a059439d853!8m2!3d18.457528!4d73.8117632","https://www.google.com/maps/place/Fortune+Farm+House/@18.457528,73.8117632,13.99z/data=!4m16!1m7!3m6!1s0x3bc29560893598b5:0x78c1a059439d853!2sFortune+Farm+House!8m2!3d18.457528!4d73.8117632!16s%2Fg%2F11ckvg1dmb!3m7!1s0x3bc29560893598b5:0x78c1a059439d853!8m2!3d18.457528!4d73.8117632!9m1!1b1!16s%2Fg%2F11ckvg1dmb?entry=ttu",ChIJtZg1iWCVwjsRU9g5lAUajAc,0x3bc29560893598b5:0x78c1a059439d853,5.43838266268965E+017,/g/11tdrszxm0,543838266268964947
"tourist attraction, 411024, Pune, Maharashtra, IN",Empress Botanical Garden,"Tourist attraction, Botanical garden",attractions,Tourist attraction,+91 96070 72605,"Empress Garden, Pune - Solapur Rd, near race course tower, Empress Garden, Kavade Mala, Pune Cantonment, Pune, Maharashtra 411001","Empress Garden, Kavade Mala, Pune Cantonment",Pune,411001,18.5123005,73.8979112,4,13741,"https://search.google.com/local/reviews?placeid=ChIJVVVVlbXBwjsR_je8hWKs9iA&q=tourist+attraction,+411024,+Pune,+Maharashtra,+IN&authuser=0&hl=en&gl=IN",884,719,2109,3764,6265,"{""Monday"": ""9am-5:30pm"", ""Tuesday"": ""9am-5:30pm"", ""Wednesday"": ""9am-5:30pm"", ""Thursday"": ""9am-5:30pm"", ""Friday"": ""9am-5:30pm"", ""Saturday"": ""9am-5:30pm"", ""Sunday"": ""9am-5:30pm""}",,OPERATIONAL,"{""Service options"": {""On-site services"": true}, ""Accessibility"": {""Wheelchair-accessible car park"": true, ""Wheelchair-accessible entrance"": true}, ""Amenities"": {""Picnic tables"": true, ""Public restroom"": true, ""Slides"": true, ""Swings"": true}, ""Children"": {""Good for kids"": true, ""Playground"": true}}","Sprawling botanical garden specializing in regional plants, with rare trees, flowers & a kids' area.",1,114279748173351658572,,,,"https://www.google.com/maps/place/Empress+Botanical+Garden/@18.5123005,73.8979112,14z/data=!4m8!1m2!2m1!1sEmpress+Botanical+Garden!3m4!1s0x3bc2c1b595555555:0x20f6ac6285bc37fe!8m2!3d18.5123005!4d73.8979112","https://www.google.com/maps/place/Empress+Botanical+Garden/@18.5123005,73.8979112,13.99z/data=!4m16!1m7!3m6!1s0x3bc2c1b595555555:0x20f6ac6285bc37fe!2sEmpress+Botanical+Garden!8m2!3d18.5123005!4d73.8979112!16s%2Fg%2F11ckvg1dmb!3m7!1s0x3bc2c1b595555555:0x20f6ac6285bc37fe!8m2!3d18.5123005!4d73.8979112!9m1!1b1!16s%2Fg%2F11ckvg1dmb?entry=ttu",ChIJVVVVlbXBwjsR_je8hWKs9iA,0x3bc2c1b595555555:0x20f6ac6285bc37fe,2.37527539263499E+018,/g/11j4bms0g3,2375275392634992638
"tourist attraction, 411024, Pune, Maharashtra, IN",Sinhagad Hill View Point,Off roading area,attractions,Off roading area,,"9Q8G+P8C, Ghera Sinhagad, Maharashtra 411025",,Ghera Sinhagad,411025,18.3668236,73.7757519,4.7,312,"https://search.google.com/local/reviews?placeid=ChIJt-_NDJSTwjsRE2xrQ1C15iM&q=tourist+attraction,+411024,+Pune,+Maharashtra,+IN&authuser=0&hl=en&gl=IN",2,4,12,61,233,"{""Monday"": ""Open 24 hours"", ""Tuesday"": ""Open 24 hours"", ""Wednesday"": ""Open 24 hours"", ""Thursday"": ""Open 24 hours"", ""Friday"": ""Open 24 hours"", ""Saturday"": ""Open 24 hours"", ""Sunday"": ""Open 24 hours""}",,OPERATIONAL,"{""Accessibility"": {""Wheelchair-accessible car park"": false, ""Wheelchair-accessible entrance"": false}, ""Children"": {""Good for kids"": true}}",,0,,,,,"https://www.google.com/maps/place/Sinhagad+Hill+View+Point/@18.3668236,73.7757519,14z/data=!4m8!1m2!2m1!1sSinhagad+Hill+View+Point!3m4!1s0x3bc293940ccdefb7:0x23e6b550436b6c13!8m2!3d18.3668236!4d73.7757519","https://www.google.com/maps/place/Sinhagad+Hill+View+Point/@18.3668236,73.7757519,13.99z/data=!4m16!1m7!3m6!1s0x3bc293940ccdefb7:0x23e6b550436b6c13!2sSinhagad+Hill+View+Point!8m2!3d18.3668236!4d73.7757519!16s%2Fg%2F11ckvg1dmb!3m7!1s0x3bc293940ccdefb7:0x23e6b550436b6c13!8m2!3d18.3668236!4d73.7757519!9m1!1b1!16s%2Fg%2F11ckvg1dmb?entry=ttu",ChIJt-_NDJSTwjsRE2xrQ1C15iM,0x3bc293940ccdefb7:0x23e6b550436b6c13,2.58695439230405E+018,/g/11f4ljjd7l,2586954392304053267
"tourist attraction, 411024, Pune, Maharashtra, IN",Khadakwasla Chowpatty,Park,attractions,Park,,"448, Narveer Tanaji Malusare Rd, Khadakwasla Village, Khadakwasla, Girinagar, Maharashtra 411025","Khadakwasla Village, Khadakwasla",Girinagar,411025,18.4337583,73.7708612,4.4,717,"https://search.google.com/local/reviews?placeid=ChIJ-4mg3JSVwjsRMWr-P7NH9ZY&q=tourist+attraction,+411024,+Pune,+Maharashtra,+IN&authuser=0&hl=en&gl=IN",13,15,59,203,427,,,OPERATIONAL,"{""Accessibility"": {""Wheelchair-accessible entrance"": false}, ""Amenities"": {""Picnic tables"": true}, ""Children"": {""Good for kids"": true}}",,0,,,,,"https://www.google.com/maps/place/Khadakwasla+Chowpatty/@18.4337583,73.7708612,14z/data=!4m8!1m2!2m1!1sKhadakwasla+Chowpatty!3m4!1s0x3bc29594dca089fb:0x96f547b33ffe6a31!8m2!3d18.4337583!4d73.7708612","https://www.google.com/maps/place/Khadakwasla+Chowpatty/@18.4337583,73.7708612,13.99z/data=!4m16!1m7!3m6!1s0x3bc29594dca089fb:0x96f547b33ffe6a31!2sKhadakwasla+Chowpatty!8m2!3d18.4337583!4d73.7708612!16s%2Fg%2F11ckvg1dmb!3m7!1s0x3bc29594dca089fb:0x96f547b33ffe6a31!8m2!3d18.4337583!4d73.7708612!9m1!1b1!16s%2Fg%2F11ckvg1dmb?entry=ttu",ChIJ-4mg3JSVwjsRMWr-P7NH9ZY,0x3bc29594dca089fb:0x96f547b33ffe6a31,1.08776793101817E+019,/g/11rf4kj3m_,-7569064763527894479
"tourist attraction, 411024, Pune, Maharashtra, IN",Cone hill,Tourist attraction,attractions,Tourist attraction,,"GQP4+7J, Pashan, Pune, Maharashtra 411021",Pashan,Pune,411021,18.5356691,73.7565177,4.4,9,"https://search.google.com/local/reviews?placeid=ChIJUR9zURi_wjsRQF3PCM-3qug&q=tourist+attraction,+411024,+Pune,+Maharashtra,+IN&authuser=0&hl=en&gl=IN",1,0,0,1,7,,,OPERATIONAL,"{""Children"": {""Good for kids"": true}}",,0,,,,,"https://www.google.com/maps/place/Cone+hill/@18.5356691,73.7565177,14z/data=!4m8!1m2!2m1!1sCone+hill!3m4!1s0x3bc2bf1851731f51:0xe8aab7cf08cf5d40!8m2!3d18.5356691!4d73.7565177","https://www.google.com/maps/place/Cone+hill/@18.5356691,73.7565177,13.99z/data=!4m16!1m7!3m6!1s0x3bc2bf1851731f51:0xe8aab7cf08cf5d40!2sCone+hill!8m2!3d18.5356691!4d73.7565177!16s%2Fg%2F11ckvg1dmb!3m7!1s0x3bc2bf1851731f51:0xe8aab7cf08cf5d40!8m2!3d18.5356691!4d73.7565177!9m1!1b1!16s%2Fg%2F11ckvg1dmb?entry=ttu",ChIJUR9zURi_wjsRQF3PCM-3qug,0x3bc2bf1851731f51:0xe8aab7cf08cf5d40,1.6765414662674E+019,/g/11kq4m92t7,-1681329411035538112
"tourist attraction, 411024, Pune, Maharashtra, IN",Peshwe Energy Park,"Tourist attraction, Park",attractions,Tourist attraction,+91 20 2553 2514,"9, Sane Guruji Road, Municipal Colony, Pune, Maharashtra 411030",Saras Baug,Pune,411030,18.5023602,73.852232,4.3,3985,"https://search.google.com/local/reviews?placeid=ChIJIztE1w3AwjsR23oesHZSifQ&q=tourist+attraction,+411024,+Pune,+Maharashtra,+IN&authuser=0&hl=en&gl=IN",132,94,377,1057,2325,"{""Monday"": ""10am-12pm,2-5pm"", ""Tuesday"": ""10am-12pm,2-5pm"", ""Wednesday"": ""Closed"", ""Thursday"": ""10am-12pm,2-5pm"", ""Friday"": ""10am-12pm,2-5pm"", ""Saturday"": ""10am-12pm,2-5pm"", ""Sunday"": ""10am-12pm,2-5pm""}",,OPERATIONAL,"{""Accessibility"": {""Wheelchair-accessible car park"": true, ""Wheelchair-accessible entrance"": true}, ""Activities"": {""Hiking"": true}, ""Amenities"": {""Public restroom"": true, ""Slides"": true, ""Swings"": true}, ""Children"": {""Good for kids"": true, ""Kid-friendly hikes"": true, ""Playground"": true}}","Eco-park emphasizing renewable energy, with educational pavilions & a battery-powered train.",0,,,,,"https://www.google.com/maps/place/Peshwe+Energy+Park/@18.5023602,73.852232,14z/data=!4m8!1m2!2m1!1sPeshwe+Energy+Park!3m4!1s0x3bc2c00dd7443b23:0xf4895276b01e7adb!8m2!3d18.5023602!4d73.852232","https://www.google.com/maps/place/Peshwe+Energy+Park/@18.5023602,73.852232,13.99z/data=!4m16!1m7!3m6!1s0x3bc2c00dd7443b23:0xf4895276b01e7adb!2sPeshwe+Energy+Park!8m2!3d18.5023602!4d73.852232!16s%2Fg%2F11ckvg1dmb!3m7!1s0x3bc2c00dd7443b23:0xf4895276b01e7adb!8m2!3d18.5023602!4d73.852232!9m1!1b1!16s%2Fg%2F11ckvg1dmb?entry=ttu",ChIJIztE1w3AwjsR23oesHZSifQ,0x3bc2c00dd7443b23:0xf4895276b01e7adb,1.76207056867782E+019,/g/1vyk0z83,-826038386931369253
"tourist attraction, 411024, Pune, Maharashtra, IN",Baner Hill,"Tourist attraction, Hiking area, Park",attractions,Tourist attraction,,"38/79, Pashan Hill Trail, Baner, Pune, Maharashtra 411045",Baner,Pune,411045,18.5495132,73.7798939,4.5,1814,"https://search.google.com/local/reviews?placeid=ChIJrf0TqcO-wjsRZeoqUuHY4og&q=tourist+attraction,+411024,+Pune,+Maharashtra,+IN&authuser=0&hl=en&gl=IN",28,21,94,486,1185,,,OPERATIONAL,"{""Accessibility"": {""Wheelchair-accessible car park"": false, ""Wheelchair-accessible entrance"": false}, ""Activities"": {""Hiking"": true}, ""Children"": {""Good for kids"": true, ""Kid-friendly hikes"": true}}","A popular spot for running, hiking & yoga, this urban hilltop features scenic city & sunset views.",0,,,,,"https://www.google.com/maps/place/Baner+Hill/@18.5495132,73.77989389999999,14z/data=!4m8!1m2!2m1!1sBaner+Hill!3m4!1s0x3bc2bec3a913fdad:0x88e2d8e1522aea65!8m2!3d18.5495132!4d73.77989389999999","https://www.google.com/maps/place/Baner+Hill/@18.5495132,73.77989389999999,13.99z/data=!4m16!1m7!3m6!1s0x3bc2bec3a913fdad:0x88e2d8e1522aea65!2sBaner+Hill!8m2!3d18.5495132!4d73.77989389999999!16s%2Fg%2F11ckvg1dmb!3m7!1s0x3bc2bec3a913fdad:0x88e2d8e1522aea65!8m2!3d18.5495132!4d73.77989389999999!9m1!1b1!16s%2Fg%2F11ckvg1dmb?entry=ttu",ChIJrf0TqcO-wjsRZeoqUuHY4og,0x3bc2bec3a913fdad:0x88e2d8e1522aea65,9.86368459615259E+018,/g/11c1wrfsd2,-8583059477556958619
"tourist attraction, 411024, Pune, Maharashtra, IN",Sunset Point (Narhe),Park,attractions,Park,,"CRPJ+HMF, Mokarwadi, Pune, Maharashtra 411046",Mokarwadi,Pune,411046,18.4364262,73.8316803,4.7,79,"https://search.google.com/local/reviews?placeid=ChIJwZVLMbiVwjsRV29dII9gyAg&q=tourist+attraction,+411024,+Pune,+Maharashtra,+IN&authuser=0&hl=en&gl=IN",2,0,2,14,61,,,OPERATIONAL,"{""Children"": {""Good for kids"": true}}",,0,,,,,"https://www.google.com/maps/place/Sunset+Point+%28Narhe%29/@18.4364262,73.8316803,14z/data=!4m8!1m2!2m1!1sSunset+Point+%28Narhe%29!3m4!1s0x3bc295b8314b95c1:0x8c8608f205d6f57!8m2!3d18.4364262!4d73.8316803","https://www.google.com/maps/place/Sunset+Point+%28Narhe%29/@18.4364262,73.8316803,13.99z/data=!4m16!1m7!3m6!1s0x3bc295b8314b95c1:0x8c8608f205d6f57!2sSunset+Point+%28Narhe%29!8m2!3d18.4364262!4d73.8316803!16s%2Fg%2F11ckvg1dmb!3m7!1s0x3bc295b8314b95c1:0x8c8608f205d6f57!8m2!3d18.4364262!4d73.8316803!9m1!1b1!16s%2Fg%2F11ckvg1dmb?entry=ttu",ChIJwZVLMbiVwjsRV29dII9gyAg,0x3bc295b8314b95c1:0x8c8608f205d6f57,6.32861915485139E+017,/g/11p6zpwxc3,632861915485138775
"tourist attraction, 411024, Pune, Maharashtra, IN",National War Memorial Southern Command,"Tourist attraction, Historical place, War memorial",attractions,Tourist attraction,,"GVFQ+7V3, Prince of Wales Dr, Ghorpuri Lines, Dobarwadi, Ghorpadi, Pune, Maharashtra 411001","Ghorpuri Lines, Dobarwadi, Ghorpadi",Pune,411001,18.5231259,73.8896668,4.8,8694,"https://search.google.com/local/reviews?placeid=ChIJgVqCMK3BwjsRjC8iwuadUZ8&q=tourist+attraction,+411024,+Pune,+Maharashtra,+IN&authuser=0&hl=en&gl=IN",99,38,192,1109,7256,"{""Monday"": ""8:30am-1pm,1:30-9pm"", ""Tuesday"": ""Closed"", ""Wednesday"": ""8:30am-1pm,1:30-9pm"", ""Thursday"": ""8:30am-1pm,1:30-9pm"", ""Friday"": ""8:30am-1pm,1:30-9pm"", ""Saturday"": ""8:30am-1pm,1:30-9pm"", ""Sunday"": ""8:30am-1pm,1:30-9pm""}",,OPERATIONAL,"{""Service options"": {""On-site services"": true}, ""Accessibility"": {""Wheelchair-accessible car park"": true, ""Wheelchair-accessible entrance"": true}, ""Children"": {""Good for kids"": true}}",A fighter jet & replica frigate on a site for fallen combatants of India's post-independence years.,0,,,,,"https://www.google.com/maps/place/National+War+Memorial+Southern+Command/@18.5231259,73.8896668,14z/data=!4m8!1m2!2m1!1sNational+War+Memorial+Southern+Command!3m4!1s0x3bc2c1ad30825a81:0x9f519de6c2222f8c!8m2!3d18.5231259!4d73.8896668","https://www.google.com/maps/place/National+War+Memorial+Southern+Command/@18.5231259,73.8896668,13.99z/data=!4m16!1m7!3m6!1s0x3bc2c1ad30825a81:0x9f519de6c2222f8c!2sNational+War+Memorial+Southern+Command!8m2!3d18.5231259!4d73.8896668!16s%2Fg%2F11ckvg1dmb!3m7!1s0x3bc2c1ad30825a81:0x9f519de6c2222f8c!8m2!3d18.5231259!4d73.8896668!9m1!1b1!16s%2Fg%2F11ckvg1dmb?entry=ttu",ChIJgVqCMK3BwjsRjC8iwuadUZ8,0x3bc2c1ad30825a81:0x9f519de6c2222f8c,1.14801305395692E+019,/m/09rx68b,-6966613534140387444
"tourist attraction, 411024, Pune, Maharashtra, IN",Vetal Hill Trails,Hiking area,Hiking area,Hiking area,,"GRGC+3Q7, Gokhalenagar - Vetal Hill Rd, Gokhalenagar, Pune, Maharashtra 411016",Gokhalenagar,Pune,411016,18.5251644,73.8219209,4.7,202,"https://search.google.com/local/reviews?placeid=ChIJjVr3SJ6_wjsRTq1QSh8UMu4&q=tourist+attraction,+411024,+Pune,+Maharashtra,+IN&authuser=0&hl=en&gl=IN",2,1,8,35,156,,,OPERATIONAL,"{""Accessibility"": {""Wheelchair-accessible entrance"": false}, ""Activities"": {""Birdwatching"": true, ""Hiking"": true, ""Jogging"": true, ""Trail difficulty"": true, ""Walking"": true}, ""Children"": {""Good for kids"": true}}",,0,,,,,"https://www.google.com/maps/place/Vetal+Hill+Trails/@18.525164399999998,73.8219209,14z/data=!4m8!1m2!2m1!1sVetal+Hill+Trails!3m4!1s0x3bc2bf9e48f75a8d:0xee32141f4a50ad4e!8m2!3d18.525164399999998!4d73.8219209","https://www.google.com/maps/place/Vetal+Hill+Trails/@18.525164399999998,73.8219209,13.99z/data=!4m16!1m7!3m6!1s0x3bc2bf9e48f75a8d:0xee32141f4a50ad4e!2sVetal+Hill+Trails!8m2!3d18.525164399999998!4d73.8219209!16s%2Fg%2F11ckvg1dmb!3m7!1s0x3bc2bf9e48f75a8d:0xee32141f4a50ad4e!8m2!3d18.525164399999998!4d73.8219209!9m1!1b1!16s%2Fg%2F11ckvg1dmb?entry=ttu",ChIJjVr3SJ6_wjsRTq1QSh8UMu4,0x3bc2bf9e48f75a8d:0xee32141f4a50ad4e,1.71638032544857E+019,/g/11c6_ysbph,-1282940819223827122
"tourist attraction, 411024, Pune, Maharashtra, IN",ARAI hills,Hiking area,Hiking area,Hiking area,,"GRC7+RGR, Rambaug Colony, Kothrud, Pune, Maharashtra 411038","Rambaug Colony, Kothrud",Pune,411038,18.522101,73.8137715,4.6,717,"https://search.google.com/local/reviews?placeid=ChIJ0ZUuyP2_wjsRtDM7DEYiAqM&q=tourist+attraction,+411024,+Pune,+Maharashtra,+IN&authuser=0&hl=en&gl=IN",4,2,33,178,500,,,OPERATIONAL,"{""Accessibility"": {""Wheelchair-accessible car park"": false, ""Wheelchair-accessible entrance"": false}, ""Activities"": {""Hiking"": true, ""Jogging"": true, ""Trail difficulty"": true, ""Walking"": true}, ""Children"": {""Good for kids"": true, ""Kid-friendly hikes"": true}}",,0,,,,,"https://www.google.com/maps/place/ARAI+hills/@18.522101,73.8137715,14z/data=!4m8!1m2!2m1!1sARAI+hills!3m4!1s0x3bc2bffdc82e95d1:0xa30222460c3b33b4!8m2!3d18.522101!4d73.8137715","https://www.google.com/maps/place/ARAI+hills/@18.522101,73.8137715,13.99z/data=!4m16!1m7!3m6!1s0x3bc2bffdc82e95d1:0xa30222460c3b33b4!2sARAI+hills!8m2!3d18.522101!4d73.8137715!16s%2Fg%2F11ckvg1dmb!3m7!1s0x3bc2bffdc82e95d1:0xa30222460c3b33b4!8m2!3d18.522101!4d73.8137715!9m1!1b1!16s%2Fg%2F11ckvg1dmb?entry=ttu",ChIJ0ZUuyP2_wjsRtDM7DEYiAqM,0x3bc2bffdc82e95d1:0xa30222460c3b33b4,1.17459884623839E+019,/g/11rrh2c38q,-6700755611325615180
"tourist attraction, 411024, Pune, Maharashtra, IN",Shree Devdeveshwar Temple (Parvati Temple),"Tourist attraction, Hiking area, Hindu temple",attractions,Tourist attraction,,"FRXW+2VF, Parvati Hills, Parvati Paytha, Pune, Maharashtra 411009","Parvati Hills, Parvati Paytha",Pune,411009,18.4975732,73.8471717,4.5,4548,"https://search.google.com/local/reviews?placeid=ChIJK3EUKQnAwjsR8sgehTShT5E&q=tourist+attraction,+411024,+Pune,+Maharashtra,+IN&authuser=0&hl=en&gl=IN",48,65,359,1264,2812,,,OPERATIONAL,"{""Service options"": {""On-site services"": true}, ""Accessibility"": {""Wheelchair-accessible car park"": false, ""Wheelchair-accessible entrance"": false}, ""Amenities"": {""Toilets"": true}}","Temple cluster from Peshwa regime on Parvati Hill, reached by 103 black stone steps.",0,,,,,"https://www.google.com/maps/place/Shree+Devdeveshwar+Temple+%28Parvati+Temple%29/@18.497573199999998,73.84717169999999,14z/data=!4m8!1m2!2m1!1sShree+Devdeveshwar+Temple+%28Parvati+Temple%29!3m4!1s0x3bc2c0092914712b:0x914fa134851ec8f2!8m2!3d18.497573199999998!4d73.84717169999999","https://www.google.com/maps/place/Shree+Devdeveshwar+Temple+%28Parvati+Temple%29/@18.497573199999998,73.84717169999999,13.99z/data=!4m16!1m7!3m6!1s0x3bc2c0092914712b:0x914fa134851ec8f2!2sShree+Devdeveshwar+Temple+%28Parvati+Temple%29!8m2!3d18.497573199999998!4d73.84717169999999!16s%2Fg%2F11ckvg1dmb!3m7!1s0x3bc2c0092914712b:0x914fa134851ec8f2!8m2!3d18.497573199999998!4d73.84717169999999!9m1!1b1!16s%2Fg%2F11ckvg1dmb?entry=ttu",ChIJK3EUKQnAwjsR8sgehTShT5E,0x3bc2c0092914712b:0x914fa134851ec8f2,1.04707649056035E+019,/g/1tx13tyg,-7975979168106100494
"tourist attraction, 411024, Pune, Maharashtra, IN",Indian Flag,Tourist attraction,attractions,Tourist attraction,,"FQRR+55P, Service Rd, AtulNagar Phase I, Aditya Garden City, Warje, Pune, Maharashtra 411058","AtulNagar Phase I, Aditya Garden City, Warje",Pune,411058,18.4904508,73.7904377,4.7,267,"https://search.google.com/local/reviews?placeid=ChIJZx972L6_wjsRzS2oouyu9y8&q=tourist+attraction,+411024,+Pune,+Maharashtra,+IN&authuser=0&hl=en&gl=IN",7,2,5,35,218,,,OPERATIONAL,"{""Accessibility"": {""Wheelchair-accessible car park"": true, ""Wheelchair-accessible entrance"": true}, ""Children"": {""Good for kids"": true}}",,0,,,,,"https://www.google.com/maps/place/Indian+Flag/@18.490450799999998,73.7904377,14z/data=!4m8!1m2!2m1!1sIndian+Flag!3m4!1s0x3bc2bfbed87b1f67:0x2ff7aeeca2a82dcd!8m2!3d18.490450799999998!4d73.7904377","https://www.google.com/maps/place/Indian+Flag/@18.490450799999998,73.7904377,13.99z/data=!4m16!1m7!3m6!1s0x3bc2bfbed87b1f67:0x2ff7aeeca2a82dcd!2sIndian+Flag!8m2!3d18.490450799999998!4d73.7904377!16s%2Fg%2F11ckvg1dmb!3m7!1s0x3bc2bfbed87b1f67:0x2ff7aeeca2a82dcd!8m2!3d18.490450799999998!4d73.7904377!9m1!1b1!16s%2Fg%2F11ckvg1dmb?entry=ttu",ChIJZx972L6_wjsRzS2oouyu9y8,0x3bc2bfbed87b1f67:0x2ff7aeeca2a82dcd,3.45642357039459E+018,/g/11mn664vqn,3456423570394590669
"tourist attraction, 411024, Pune, Maharashtra, IN",Pashan Lake,Park,attractions,Park,,"GQPJ+GM7, Sutarwadi, Pashan, Pune, Maharashtra 411021","Sutarwadi, Pashan",Pune,411021,18.5362763,73.7816571,4,1397,"https://search.google.com/local/reviews?placeid=ChIJJXxCle--wjsRgJ1rTwKWJEs&q=tourist+attraction,+411024,+Pune,+Maharashtra,+IN&authuser=0&hl=en&gl=IN",77,75,245,391,609,"{""Monday"": ""6-10am,4-6pm"", ""Tuesday"": ""6-10am,4-6pm"", ""Wednesday"": ""6-10am,4-6pm"", ""Thursday"": ""6-10am,4-6pm"", ""Friday"": ""6-10am,4-6pm"", ""Saturday"": ""6-10am,4-6pm"", ""Sunday"": ""6-10am,4-6pm""}",,OPERATIONAL,"{""Amenities"": {""Public restroom"": true, ""Slides"": true, ""Swings"": true}, ""Children"": {""Good for kids"": true, ""Playground"": true}}",,0,,,,,"https://www.google.com/maps/place/Pashan+Lake/@18.5362763,73.78165709999999,14z/data=!4m8!1m2!2m1!1sPashan+Lake!3m4!1s0x3bc2beef95427c25:0x4b2496024f6b9d80!8m2!3d18.5362763!4d73.78165709999999","https://www.google.com/maps/place/Pashan+Lake/@18.5362763,73.78165709999999,13.99z/data=!4m16!1m7!3m6!1s0x3bc2beef95427c25:0x4b2496024f6b9d80!2sPashan+Lake!8m2!3d18.5362763!4d73.78165709999999!16s%2Fg%2F11ckvg1dmb!3m7!1s0x3bc2beef95427c25:0x4b2496024f6b9d80!8m2!3d18.5362763!4d73.78165709999999!9m1!1b1!16s%2Fg%2F11ckvg1dmb?entry=ttu",ChIJJXxCle--wjsRgJ1rTwKWJEs,0x3bc2beef95427c25:0x4b2496024f6b9d80,5.41461758867273E+018,/g/11c0tkg8xc,5414617588672732544
"tourist attraction, 411024, Pune, Maharashtra, IN",Prathamesh Park,"Tourist attraction, Park",attractions,Tourist attraction,+91 77219 65656,"E204, Tarawade Vasti, Hadapsar, Pune, Maharashtra 411028","Tarawade Vasti, Hadapsar",Pune,411028,18.4782388,73.9277664,3.9,116,"https://search.google.com/local/reviews?placeid=ChIJ0WEILRvqwjsRLkS4zb49EbQ&q=tourist+attraction,+411024,+Pune,+Maharashtra,+IN&authuser=0&hl=en&gl=IN",14,5,16,20,61,"{""Monday"": ""Open 24 hours"", ""Tuesday"": ""Open 24 hours"", ""Wednesday"": ""Open 24 hours"", ""Thursday"": ""Open 24 hours"", ""Friday"": ""Open 24 hours"", ""Saturday"": ""Open 24 hours"", ""Sunday"": ""Open 24 hours""}",,OPERATIONAL,"{""Accessibility"": {""Wheelchair-accessible entrance"": true}, ""Amenities"": {""Slides"": true, ""Swings"": true}, ""Children"": {""Good for kids"": true, ""Playground"": true}}",,0,,,,,"https://www.google.com/maps/place/Prathamesh+Park/@18.4782388,73.9277664,14z/data=!4m8!1m2!2m1!1sPrathamesh+Park!3m4!1s0x3bc2ea1b2d0861d1:0xb4113dbecdb8442e!8m2!3d18.4782388!4d73.9277664","https://www.google.com/maps/place/Prathamesh+Park/@18.4782388,73.9277664,13.99z/data=!4m16!1m7!3m6!1s0x3bc2ea1b2d0861d1:0xb4113dbecdb8442e!2sPrathamesh+Park!8m2!3d18.4782388!4d73.9277664!16s%2Fg%2F11ckvg1dmb!3m7!1s0x3bc2ea1b2d0861d1:0xb4113dbecdb8442e!8m2!3d18.4782388!4d73.9277664!9m1!1b1!16s%2Fg%2F11ckvg1dmb?entry=ttu",ChIJ0WEILRvqwjsRLkS4zb49EbQ,0x3bc2ea1b2d0861d1:0xb4113dbecdb8442e,1.29752198911356E+019,/g/11bxg35l0b,-5471524182573956050
"tourist attraction, 411024, Pune, Maharashtra, IN",Bajirao Garden,"Tourist attraction, Garden",attractions,Tourist attraction,,"201, Sinhgad Rd, Pune Okayama Friendship Garden, Dattawadi, Pune, Maharashtra 411030","Pune Okayama Friendship Garden, Dattawadi",Pune,411030,18.4927315,73.8368333,4.3,892,"https://search.google.com/local/reviews?placeid=ChIJQ_Gg_Pm_wjsR_hKz3jute3s&q=tourist+attraction,+411024,+Pune,+Maharashtra,+IN&authuser=0&hl=en&gl=IN",36,19,102,242,493,"{""Monday"": ""4-8pm"", ""Tuesday"": ""4-8pm"", ""Wednesday"": ""4-8pm"", ""Thursday"": ""4-8pm"", ""Friday"": ""4-8pm"", ""Saturday"": ""4-8pm"", ""Sunday"": ""4-8pm""}",,OPERATIONAL,"{""Accessibility"": {""Wheelchair-accessible car park"": true, ""Wheelchair-accessible entrance"": true}, ""Amenities"": {""Public restroom"": true, ""Slides"": true, ""Swings"": true}, ""Children"": {""Good for kids"": true, ""Playground"": true}}",,0,,,,,"https://www.google.com/maps/place/Bajirao+Garden/@18.492731499999998,73.8368333,14z/data=!4m8!1m2!2m1!1sBajirao+Garden!3m4!1s0x3bc2bff9fca0f143:0x7b7bad3bdeb312fe!8m2!3d18.492731499999998!4d73.8368333","https://www.google.com/maps/place/Bajirao+Garden/@18.492731499999998,73.8368333,13.99z/data=!4m16!1m7!3m6!1s0x3bc2bff9fca0f143:0x7b7bad3bdeb312fe!2sBajirao+Garden!8m2!3d18.492731499999998!4d73.8368333!16s%2Fg%2F11ckvg1dmb!3m7!1s0x3bc2bff9fca0f143:0x7b7bad3bdeb312fe!8m2!3d18.492731499999998!4d73.8368333!9m1!1b1!16s%2Fg%2F11ckvg1dmb?entry=ttu",ChIJQ_Gg_Pm_wjsR_hKz3jute3s,0x3bc2bff9fca0f143:0x7b7bad3bdeb312fe,8.8978959614515E+018,/g/11bxf09d2t,8897895961451500286
"tourist attraction, 411024, Pune, Maharashtra, IN",Yashwantrao Chavan Garden,"Tourist attraction, Garden",attractions,Tourist attraction,+91 1800 103 0222,"FVR3+V79, 1, Shiv Darshan Rd, Parvati, Anurag Society, Sivadarshan Poorgrasta Vasahat, Parvati Paytha, Pune, Maharashtra 411009","Parvati, Anurag Society, Sivadarshan Poorgrasta Vasahat, Parvati Paytha",Pune,411009,18.4929192,73.8537753,4.1,2794,"https://search.google.com/local/reviews?placeid=ChIJp-NozRrAwjsRCbSqD5a-OJs&q=tourist+attraction,+411024,+Pune,+Maharashtra,+IN&authuser=0&hl=en&gl=IN",120,108,422,907,1237,"{""Monday"": ""6-10am,4-8:30pm"", ""Tuesday"": ""6-10am,4-8:30pm"", ""Wednesday"": ""6-10am,4-8:30pm"", ""Thursday"": ""6-10am,4-8:30pm"", ""Friday"": ""6-10am,4-8:30pm"", ""Saturday"": ""6-10am,4-8:30pm"", ""Sunday"": ""6-10am,4-8:30pm""}",,OPERATIONAL,"{""Accessibility"": {""Wheelchair-accessible car park"": true, ""Wheelchair-accessible entrance"": true}, ""Amenities"": {""Public restroom"": true, ""Slides"": true, ""Swings"": true}, ""Children"": {""Good for kids"": true, ""Playground"": true}}",The Taj Mahal & Stonehenge are among the replicas of famed landmarks displayed in this small park.,0,,,,,"https://www.google.com/maps/place/Yashwantrao+Chavan+Garden/@18.4929192,73.8537753,14z/data=!4m8!1m2!2m1!1sYashwantrao+Chavan+Garden!3m4!1s0x3bc2c01acd68e3a7:0x9b38be960faab409!8m2!3d18.4929192!4d73.8537753","https://www.google.com/maps/place/Yashwantrao+Chavan+Garden/@18.4929192,73.8537753,13.99z/data=!4m16!1m7!3m6!1s0x3bc2c01acd68e3a7:0x9b38be960faab409!2sYashwantrao+Chavan+Garden!8m2!3d18.4929192!4d73.8537753!16s%2Fg%2F11ckvg1dmb!3m7!1s0x3bc2c01acd68e3a7:0x9b38be960faab409!8m2!3d18.4929192!4d73.8537753!9m1!1b1!16s%2Fg%2F11ckvg1dmb?entry=ttu",ChIJp-NozRrAwjsRCbSqD5a-OJs,0x3bc2c01acd68e3a7:0x9b38be960faab409,1.11848992262919E+019,/g/1tdb2qm_,-7261844847417707511
"tourist attraction, 411024, Pune, Maharashtra, IN",Ghule patil chowk,Tourist attraction,attractions,Tourist attraction,,"Destination Center 1, Nanded City, Ghule Patil Nagar, Pandurang Industrial Area, Nanded, Pune, Maharashtra 411041","Nanded City, Ghule Patil Nagar, Pandurang Industrial Area, Nanded",Pune,411041,18.4591698,73.7866835,5,1,"https://search.google.com/local/reviews?placeid=ChIJsbBLNwCVwjsRYv8dPwxkyO0&q=tourist+attraction,+411024,+Pune,+Maharashtra,+IN&authuser=0&hl=en&gl=IN",0,0,0,0,1,,,OPERATIONAL,"{""Children"": {""Good for kids"": true}}",,0,,,,,"https://www.google.com/maps/place/Ghule+patil+chowk/@18.459169799999998,73.7866835,14z/data=!4m8!1m2!2m1!1sGhule+patil+chowk!3m4!1s0x3bc29500374bb0b1:0xedc8640c3f1dff62!8m2!3d18.459169799999998!4d73.7866835","https://www.google.com/maps/place/Ghule+patil+chowk/@18.459169799999998,73.7866835,13.99z/data=!4m16!1m7!3m6!1s0x3bc29500374bb0b1:0xedc8640c3f1dff62!2sGhule+patil+chowk!8m2!3d18.459169799999998!4d73.7866835!16s%2Fg%2F11ckvg1dmb!3m7!1s0x3bc29500374bb0b1:0xedc8640c3f1dff62!8m2!3d18.459169799999998!4d73.7866835!9m1!1b1!16s%2Fg%2F11ckvg1dmb?entry=ttu",ChIJsbBLNwCVwjsRYv8dPwxkyO0,0x3bc29500374bb0b1:0xedc8640c3f1dff62,1.71340547860924E+019,/g/11wx5yrslw,-1312689287617183902
"tourist attraction, 411024, Pune, Maharashtra, IN",Muktai Farm,Tourist attraction,attractions,Tourist attraction,,"CRX4+XMW, Lane Number 29A, Sitaee Nagar, Dhayari Phata, Pune, Maharashtra 411041","Sitaee Nagar, Dhayari Phata",Pune,411041,18.4499999,73.8067173,4.7,10,"https://search.google.com/local/reviews?placeid=ChIJF9YvkL2VwjsRg4yIKh9tWKw&q=tourist+attraction,+411024,+Pune,+Maharashtra,+IN&authuser=0&hl=en&gl=IN",0,0,1,1,8,"{""Monday"": ""Closed"", ""Tuesday"": ""Closed"", ""Wednesday"": ""Closed"", ""Thursday"": ""Closed"", ""Friday"": ""Closed"", ""Saturday"": ""8am-4pm"", ""Sunday"": ""Closed""}",,OPERATIONAL,"{""Children"": {""Good for kids"": true}}",,0,,,,,"https://www.google.com/maps/place/Muktai+Farm/@18.449999899999998,73.8067173,14z/data=!4m8!1m2!2m1!1sMuktai+Farm!3m4!1s0x3bc295bd902fd617:0xac586d1f2a888c83!8m2!3d18.449999899999998!4d73.8067173","https://www.google.com/maps/place/Muktai+Farm/@18.449999899999998,73.8067173,13.99z/data=!4m16!1m7!3m6!1s0x3bc295bd902fd617:0xac586d1f2a888c83!2sMuktai+Farm!8m2!3d18.449999899999998!4d73.8067173!16s%2Fg%2F11ckvg1dmb!3m7!1s0x3bc295bd902fd617:0xac586d1f2a888c83!8m2!3d18.449999899999998!4d73.8067173!9m1!1b1!16s%2Fg%2F11ckvg1dmb?entry=ttu",ChIJF9YvkL2VwjsRg4yIKh9tWKw,0x3bc295bd902fd617:0xac586d1f2a888c83,1.24187959530992E+019,/g/11st7l7k01,-6027948120610403197
"tourist attraction, 411024, Pune, Maharashtra, IN",Rukmini Villa,Tourist attraction,attractions,Tourist attraction,,"FR87+7CX, Canal Rd, Nanded Fata, Pandurang Industrial Area, Nanded, Pune, Maharashtra 411041","Nanded Fata, Pandurang Industrial Area, Nanded",Pune,411041,18.465734,73.8136225,1,2,"https://search.google.com/local/reviews?placeid=ChIJGWv9mpSVwjsR_0JqUDCywus&q=tourist+attraction,+411024,+Pune,+Maharashtra,+IN&authuser=0&hl=en&gl=IN",2,0,0,0,0,,,CLOSED_TEMPORARILY,{},,0,,,,,"https://www.google.com/maps/place/Rukmini+Villa/@18.465733999999998,73.8136225,14z/data=!4m8!1m2!2m1!1sRukmini+Villa!3m4!1s0x3bc295949afd6b19:0xebc2b230506a42ff!8m2!3d18.465733999999998!4d73.8136225","https://www.google.com/maps/place/Rukmini+Villa/@18.465733999999998,73.8136225,13.99z/data=!4m16!1m7!3m6!1s0x3bc295949afd6b19:0xebc2b230506a42ff!2sRukmini+Villa!8m2!3d18.465733999999998!4d73.8136225!16s%2Fg%2F11ckvg1dmb!3m7!1s0x3bc295949afd6b19:0xebc2b230506a42ff!8m2!3d18.465733999999998!4d73.8136225!9m1!1b1!16s%2Fg%2F11ckvg1dmb?entry=ttu",ChIJGWv9mpSVwjsR_0JqUDCywus,0x3bc295949afd6b19:0xebc2b230506a42ff,1.69883366649723E+019,/g/11nnrzcrkz,-1458407408737303809
"mountain peak, 411007, Pune, Maharashtra, IN",Mountain,Mountain peak,,Mountain peak,,"Pune, Maharashtra 411021",,Pune,411021,18.5446251,73.7705846,4,13,"https://search.google.com/local/reviews?placeid=ChIJ00uBn-u-wjsR8UxAmfi6Vn8&q=mountain+peak,+411007,+Pune,+Maharashtra,+IN&authuser=0&hl=en&gl=IN",2,0,1,3,7,,,OPERATIONAL,{},,,,,,,"https://www.google.com/maps/place/Mountain/@18.544625099999998,73.77058459999999,14z/data=!4m8!1m2!2m1!1sMountain!3m4!1s0x3bc2beeb9f814bd3:0x7f56baf899404cf1!8m2!3d18.544625099999998!4d73.77058459999999","https://www.google.com/maps/place/Mountain/@18.544625099999998,73.77058459999999,13.99z/data=!4m16!1m7!3m6!1s0x3bc2beeb9f814bd3:0x7f56baf899404cf1!2sMountain!8m2!3d18.544625099999998!4d73.77058459999999!16s%2Fg%2F11ckvg1dmb!3m7!1s0x3bc2beeb9f814bd3:0x7f56baf899404cf1!8m2!3d18.544625099999998!4d73.77058459999999!9m1!1b1!16s%2Fg%2F11ckvg1dmb?entry=ttu",ChIJ00uBn-u-wjsR8UxAmfi6Vn8,0x3bc2beeb9f814bd3:0x7f56baf899404cf1,9.17572686769975E+018,/g/1tfvxlqd,9175726867699748081
"art gallery, 410501, Pune, Maharashtra, IN",OmKrishna Gallery,"Art gallery, Art",Art gallery,Art gallery,+91 20 2567 7444,"Rajgulab Heights, Senapati Bapat Rd, Shivaji Co operative Housing Society, Shree Krishna Nagar, Wadarvadi, Pune, Maharashtra 411016","Shivaji Co operative Housing Society, Shree Krishna Nagar, Wadarvadi",Pune,411016,18.5262228,73.8299941,3.9,35,"https://search.google.com/local/reviews?placeid=ChIJgV51TJ2_wjsRpXdd5iIkK38&q=art+gallery,+410501,+Pune,+Maharashtra,+IN&authuser=0&hl=en&gl=IN",3,3,6,5,18,"{""Monday"": ""8am-9pm"", ""Tuesday"": ""8am-9pm"", ""Wednesday"": ""8am-9pm"", ""Thursday"": ""8am-9pm"", ""Friday"": ""8am-9pm"", ""Saturday"": ""8am-9pm"", ""Sunday"": ""8am-9pm""}",,OPERATIONAL,"{""Accessibility"": {""Wheelchair-accessible car park"": false, ""Wheelchair-accessible entrance"": false}, ""Amenities"": {""Restaurant"": false}, ""Children"": {""Good for kids"": true}}",,0,,,,,"https://www.google.com/maps/place/OmKrishna+Gallery/@18.5262228,73.8299941,14z/data=!4m8!1m2!2m1!1sOmKrishna+Gallery!3m4!1s0x3bc2bf9d4c755e81:0x7f2b2422e65d77a5!8m2!3d18.5262228!4d73.8299941","https://www.google.com/maps/place/OmKrishna+Gallery/@18.5262228,73.8299941,13.99z/data=!4m16!1m7!3m6!1s0x3bc2bf9d4c755e81:0x7f2b2422e65d77a5!2sOmKrishna+Gallery!8m2!3d18.5262228!4d73.8299941!16s%2Fg%2F11ckvg1dmb!3m7!1s0x3bc2bf9d4c755e81:0x7f2b2422e65d77a5!8m2!3d18.5262228!4d73.8299941!9m1!1b1!16s%2Fg%2F11ckvg1dmb?entry=ttu",ChIJgV51TJ2_wjsRpXdd5iIkK38,0x3bc2bf9d4c755e81:0x7f2b2422e65d77a5,9.16345759912778E+018,/g/1tgh5__g,9163457599127779237
"art gallery, 410501, Pune, Maharashtra, IN",Raja Ravi Varma Art Gallery,Art gallery,Art gallery,Art gallery,+91 76201 56593,"Pandit Jawaharlal Nehru Cultural Center, Ghole Rd, opp. Mahatma Phule Museum, Shivajinagar, Pune, Maharashtra 411005",Shivajinagar,Pune,411005,18.5239179,73.8454574,4.2,1091,"https://search.google.com/local/reviews?placeid=ChIJqTnYj37AwjsRrHQLOWCrKmE&q=art+gallery,+410501,+Pune,+Maharashtra,+IN&authuser=0&hl=en&gl=IN",16,31,143,391,510,"{""Monday"": ""Closed"", ""Tuesday"": ""11am-6pm"", ""Wednesday"": ""11am-6pm"", ""Thursday"": ""11am-6pm"", ""Friday"": ""11am-6pm"", ""Saturday"": ""11am-6pm"", ""Sunday"": ""11am-6pm""}","[{""access"": {""Monday"": ""Closed"", ""Tuesday"": ""11 am-7 pm"", ""Wednesday"": ""11 am-7 pm"", ""Thursday"": ""11 am-7 pm"", ""Friday"": ""11 am-7 pm"", ""Saturday"": ""11 am-7 pm"", ""Sunday"": ""11 am-7 pm""}}]",OPERATIONAL,"{""Accessibility"": {""Wheelchair-accessible car park"": true, ""Wheelchair-accessible entrance"": true, ""Wheelchair-accessible toilet"": true, ""Assistive hearing loop"": false}, ""Amenities"": {""Toilets"": true, ""Restaurant"": false}, ""Crowd"": {""Family friendly"": true, ""LGBTQ+ friendly"": true}, ""Payments"": {""Google Pay"": true}, ""Children"": {""Good for kids"": true}, ""Other"": {""LGBTQ+ friendly"": true}}",,1,106913672706325975884,,,,"https://www.google.com/maps/place/Raja+Ravi+Varma+Art+Gallery/@18.5239179,73.8454574,14z/data=!4m8!1m2!2m1!1sRaja+Ravi+Varma+Art+Gallery!3m4!1s0x3bc2c07e8fd839a9:0x612aab60390b74ac!8m2!3d18.5239179!4d73.8454574","https://www.google.com/maps/place/Raja+Ravi+Varma+Art+Gallery/@18.5239179,73.8454574,13.99z/data=!4m16!1m7!3m6!1s0x3bc2c07e8fd839a9:0x612aab60390b74ac!2sRaja+Ravi+Varma+Art+Gallery!8m2!3d18.5239179!4d73.8454574!16s%2Fg%2F11ckvg1dmb!3m7!1s0x3bc2c07e8fd839a9:0x612aab60390b74ac!8m2!3d18.5239179!4d73.8454574!9m1!1b1!16s%2Fg%2F11ckvg1dmb?entry=ttu",ChIJqTnYj37AwjsRrHQLOWCrKmE,0x3bc2c07e8fd839a9:0x612aab60390b74ac,7.00159700046312E+018,/g/11b7dznt0j,7001597000463119532
"art gallery, 410501, Pune, Maharashtra, IN",Darpan Art Gallery,Art gallery,Art gallery,Art gallery,+91 95610 92434,"Kalachhaya Campus, Patrakar Nagar Rd, Gokhalenagar, Pune, Maharashtra 411016",Gokhalenagar,Pune,411016,18.5236745,73.8257592,4.3,381,"https://search.google.com/local/reviews?placeid=ChIJbeK2N5y_wjsRY0C1d_m5vbM&q=art+gallery,+410501,+Pune,+Maharashtra,+IN&authuser=0&hl=en&gl=IN",7,8,47,131,188,"{""Monday"": ""11am-7pm"", ""Tuesday"": ""11am-7pm"", ""Wednesday"": ""11am-7pm"", ""Thursday"": ""11am-7pm"", ""Friday"": ""11am-7pm"", ""Saturday"": ""11am-7pm"", ""Sunday"": ""11am-7pm""}",,OPERATIONAL,"{""Accessibility"": {""Wheelchair-accessible toilet"": true, ""Wheelchair-accessible entrance"": false}, ""Amenities"": {""Toilets"": true, ""Restaurant"": false}, ""Children"": {""Good for kids"": true}}",This gallery has a wide policy for displaying work in a multitude of media by mainly local artists.,1,103919866230353708322,,,,"https://www.google.com/maps/place/Darpan+Art+Gallery/@18.5236745,73.8257592,14z/data=!4m8!1m2!2m1!1sDarpan+Art+Gallery!3m4!1s0x3bc2bf9c37b6e26d:0xb3bdb9f977b54063!8m2!3d18.5236745!4d73.8257592","https://www.google.com/maps/place/Darpan+Art+Gallery/@18.5236745,73.8257592,13.99z/data=!4m16!1m7!3m6!1s0x3bc2bf9c37b6e26d:0xb3bdb9f977b54063!2sDarpan+Art+Gallery!8m2!3d18.5236745!4d73.8257592!16s%2Fg%2F11ckvg1dmb!3m7!1s0x3bc2bf9c37b6e26d:0xb3bdb9f977b54063!8m2!3d18.5236745!4d73.8257592!9m1!1b1!16s%2Fg%2F11ckvg1dmb?entry=ttu",ChIJbeK2N5y_wjsRY0C1d_m5vbM,0x3bc2bf9c37b6e26d:0xb3bdb9f977b54063,1.29517125844938E+019,/g/1tdbcwbc,-5495031489215774621
"art gallery, 410501, Pune, Maharashtra, IN",Ss Vastushastra Art Gallery,Art gallery,Art gallery,Art gallery,,"6, Old Mumbai - Pune Hwy, Market Yard, Gultekadi, Pimpri-Chinchwad, Pune, Maharashtra 411019","Market Yard, Gultekadi","Pimpri-Chinchwad, Pune",411019,18.63181,73.801808,5,2,"https://search.google.com/local/reviews?placeid=ChIJ5Wd5iU64wjsRtS_nYVnMMUg&q=art+gallery,+410501,+Pune,+Maharashtra,+IN&authuser=0&hl=en&gl=IN",0,0,0,0,2,,,OPERATIONAL,"{""Children"": {""Good for kids"": true}}",,0,,,,,"https://www.google.com/maps/place/Ss+Vastushastra+Art+Gallery/@18.631809999999998,73.801808,14z/data=!4m8!1m2!2m1!1sSs+Vastushastra+Art+Gallery!3m4!1s0x3bc2b84e897967e5:0x4831cc5961e72fb5!8m2!3d18.631809999999998!4d73.801808","https://www.google.com/maps/place/Ss+Vastushastra+Art+Gallery/@18.631809999999998,73.801808,13.99z/data=!4m16!1m7!3m6!1s0x3bc2b84e897967e5:0x4831cc5961e72fb5!2sSs+Vastushastra+Art+Gallery!8m2!3d18.631809999999998!4d73.801808!16s%2Fg%2F11ckvg1dmb!3m7!1s0x3bc2b84e897967e5:0x4831cc5961e72fb5!8m2!3d18.631809999999998!4d73.801808!9m1!1b1!16s%2Fg%2F11ckvg1dmb?entry=ttu",ChIJ5Wd5iU64wjsRtS_nYVnMMUg,0x3bc2b84e897967e5:0x4831cc5961e72fb5,5.20216372885633E+018,/g/11q2ykcxc0,5202163728856330165
"art gallery, 410501, Pune, Maharashtra, IN",Raj Art Gallery Pune,Picture frame shop,Picture frame shop,Picture frame shop,+91 98813 38053,"Shop 6, Dorabjee Enclave, Off, Salunke Vihar Rd, opposite Cafe Aarzu, Mayfair Eleganza Phase II, Kondhwa, Pune, Maharashtra 411048","Mayfair Eleganza Phase II, Kondhwa",Pune,411048,18.4814949,73.896135,5,141,"https://search.google.com/local/reviews?placeid=ChIJD7apTkjrwjsRbFLvkBh3WDQ&q=art+gallery,+410501,+Pune,+Maharashtra,+IN&authuser=0&hl=en&gl=IN",0,0,1,3,137,"{""Monday"": ""9:30am-8pm"", ""Tuesday"": ""9:30am-8pm"", ""Wednesday"": ""9:30am-8pm"", ""Thursday"": ""9:30am-8pm"", ""Friday"": ""9:30am-8pm"", ""Saturday"": ""9:30am-8pm"", ""Sunday"": ""Closed""}",,OPERATIONAL,"{""Service options"": {""Delivery"": true, ""In-store pick-up"": true, ""On-site services"": true, ""Same-day delivery"": true}, ""Crowd"": {""LGBTQ+ friendly"": true}, ""Payments"": {""Cheques"": true, ""Debit cards"": true, ""Google Pay"": true, ""Mobile Wallets"": true, ""Credit cards"": true}, ""Other"": {""LGBTQ+ friendly"": true}}",,1,103804407249532968498,,,,"https://www.google.com/maps/place/Raj+Art+Gallery+Pune/@18.481494899999998,73.896135,14z/data=!4m8!1m2!2m1!1sRaj+Art+Gallery+Pune!3m4!1s0x3bc2eb484ea9b60f:0x3458771890ef526c!8m2!3d18.481494899999998!4d73.896135","https://www.google.com/maps/place/Raj+Art+Gallery+Pune/@18.481494899999998,73.896135,13.99z/data=!4m16!1m7!3m6!1s0x3bc2eb484ea9b60f:0x3458771890ef526c!2sRaj+Art+Gallery+Pune!8m2!3d18.481494899999998!4d73.896135!16s%2Fg%2F11ckvg1dmb!3m7!1s0x3bc2eb484ea9b60f:0x3458771890ef526c!8m2!3d18.481494899999998!4d73.896135!9m1!1b1!16s%2Fg%2F11ckvg1dmb?entry=ttu",ChIJD7apTkjrwjsRbFLvkBh3WDQ,0x3bc2eb484ea9b60f:0x3458771890ef526c,3.77189563531731E+018,/g/11frpgy_q_,3771895635317314156
"art gallery, 410501, Pune, Maharashtra, IN",The Monalisa Kalagram,Art gallery,Art gallery,Art gallery,+91 89752 23030,"Pingale Farms, End of, S Main Rd, Iricen Railway Colony, Koregaon Park, Pune, Maharashtra 411001","Iricen Railway Colony, Koregaon Park",Pune,411001,18.5303601,73.9004732,4.2,663,"https://search.google.com/local/reviews?placeid=ChIJBwjRg6jBwjsR6P0yXbIeQQc&q=art+gallery,+410501,+Pune,+Maharashtra,+IN&authuser=0&hl=en&gl=IN",20,14,94,206,329,"{""Monday"": ""11am-7:30pm"", ""Tuesday"": ""Closed"", ""Wednesday"": ""11am-7:30pm"", ""Thursday"": ""11am-7:30pm"", ""Friday"": ""11am-7:30pm"", ""Saturday"": ""11am-7:30pm"", ""Sunday"": ""11am-7:30pm""}",,OPERATIONAL,"{""Accessibility"": {""Wheelchair-accessible car park"": true, ""Wheelchair-accessible entrance"": true}, ""Amenities"": {""Toilets"": true, ""Restaurant"": false}, ""Children"": {""Good for kids"": true}}","Art gallery in serene jungle surrounds, with traditional crafts, workshops & cultural events.",0,,,,,"https://www.google.com/maps/place/The+Monalisa+Kalagram/@18.5303601,73.9004732,14z/data=!4m8!1m2!2m1!1sThe+Monalisa+Kalagram!3m4!1s0x3bc2c1a883d10807:0x7411eb25d32fde8!8m2!3d18.5303601!4d73.9004732","https://www.google.com/maps/place/The+Monalisa+Kalagram/@18.5303601,73.9004732,13.99z/data=!4m16!1m7!3m6!1s0x3bc2c1a883d10807:0x7411eb25d32fde8!2sThe+Monalisa+Kalagram!8m2!3d18.5303601!4d73.9004732!16s%2Fg%2F11ckvg1dmb!3m7!1s0x3bc2c1a883d10807:0x7411eb25d32fde8!8m2!3d18.5303601!4d73.9004732!9m1!1b1!16s%2Fg%2F11ckvg1dmb?entry=ttu",ChIJBwjRg6jBwjsR6P0yXbIeQQc,0x3bc2c1a883d10807:0x7411eb25d32fde8,5.22732783168323E+017,/g/1q5bnyxd7,522732783168323048
"art gallery, 410501, Pune, Maharashtra, IN",श्री स्वामी समर्थ कला केंद्र.( Ganpati Murti Shop ),"Art gallery, Idol manufacturer",आर्ट गैलरी,Art gallery,,"73/497, behind Shankar Mandir, Sant Tukaram Nagar, Pimpri Colony, Pune, Pimpri-Chinchwad, Maharashtra 411018","Sant Tukaram Nagar, Pimpri Colony","Pune, Pimpri-Chinchwad",411018,18.6236097,73.8173918,4.9,19,"https://search.google.com/local/reviews?placeid=ChIJ4787cEq5wjsRtFBHEY_0K-A&q=art+gallery,+410501,+Pune,+Maharashtra,+IN&authuser=0&hl=en&gl=IN",0,0,0,2,17,"{""Monday"": ""10am-10:30pm"", ""Tuesday"": ""10am-10:30pm"", ""Wednesday"": ""10am-10pm"", ""Thursday"": ""10am-10pm"", ""Friday"": ""10am-10pm"", ""Saturday"": ""10am-10:30pm"", ""Sunday"": ""Open 24 hours""}",,OPERATIONAL,"{""Amenities"": {""Restaurant"": false}, ""Crowd"": {""Family friendly"": true}, ""Payments"": {""Google Pay"": true}, ""Children"": {""Good for kids"": true}}",,1,105045019826331019303,,,,"https://www.google.com/maps/place/%E0%A4%B6%E0%A5%8D%E0%A4%B0%E0%A5%80+%E0%A4%B8%E0%A5%8D%E0%A4%B5%E0%A4%BE%E0%A4%AE%E0%A5%80+%E0%A4%B8%E0%A4%AE%E0%A4%B0%E0%A5%8D%E0%A4%A5+%E0%A4%95%E0%A4%B2%E0%A4%BE+%E0%A4%95%E0%A5%87%E0%A4%82%E0%A4%A6%E0%A5%8D%E0%A4%B0.%28+Ganpati+Murti+Shop+%29/@18.6236097,73.8173918,14z/data=!4m8!1m2!2m1!1s%E0%A4%B6%E0%A5%8D%E0%A4%B0%E0%A5%80+%E0%A4%B8%E0%A5%8D%E0%A4%B5%E0%A4%BE%E0%A4%AE%E0%A5%80+%E0%A4%B8%E0%A4%AE%E0%A4%B0%E0%A5%8D%E0%A4%A5+%E0%A4%95%E0%A4%B2%E0%A4%BE+%E0%A4%95%E0%A5%87%E0%A4%82%E0%A4%A6%E0%A5%8D%E0%A4%B0.%28+Ganpati+Murti+Shop+%29!3m4!1s0x3bc2b94a703bbfe3:0xe02bf48f114750b4!8m2!3d18.6236097!4d73.8173918","https://www.google.com/maps/place/%E0%A4%B6%E0%A5%8D%E0%A4%B0%E0%A5%80+%E0%A4%B8%E0%A5%8D%E0%A4%B5%E0%A4%BE%E0%A4%AE%E0%A5%80+%E0%A4%B8%E0%A4%AE%E0%A4%B0%E0%A5%8D%E0%A4%A5+%E0%A4%95%E0%A4%B2%E0%A4%BE+%E0%A4%95%E0%A5%87%E0%A4%82%E0%A4%A6%E0%A5%8D%E0%A4%B0.%28+Ganpati+Murti+Shop+%29/@18.6236097,73.8173918,13.99z/data=!4m16!1m7!3m6!1s0x3bc2b94a703bbfe3:0xe02bf48f114750b4!2s%E0%A4%B6%E0%A5%8D%E0%A4%B0%E0%A5%80+%E0%A4%B8%E0%A5%8D%E0%A4%B5%E0%A4%BE%E0%A4%AE%E0%A5%80+%E0%A4%B8%E0%A4%AE%E0%A4%B0%E0%A5%8D%E0%A4%A5+%E0%A4%95%E0%A4%B2%E0%A4%BE+%E0%A4%95%E0%A5%87%E0%A4%82%E0%A4%A6%E0%A5%8D%E0%A4%B0.%28+Ganpati+Murti+Shop+%29!8m2!3d18.6236097!4d73.8173918!16s%2Fg%2F11ckvg1dmb!3m7!1s0x3bc2b94a703bbfe3:0xe02bf48f114750b4!8m2!3d18.6236097!4d73.8173918!9m1!1b1!16s%2Fg%2F11ckvg1dmb?entry=ttu",ChIJ4787cEq5wjsRtFBHEY_0K-A,0x3bc2b94a703bbfe3:0xe02bf48f114750b4,1.61532733838018E+019,/g/11nx2t4pgp,-2293470689907748684
"art gallery, 410501, Pune, Maharashtra, IN",The Ravi Paranjape Studio,"Art gallery, Art studio, Art school, Exhibition planner",Art studio,Art gallery,+91 94054 36175,"1-Rutica Apts., 1098/5-A Model Colony, Shivajinagar, Pune, Maharashtra 411016","Model Colony, Shivajinagar",Pune,411016,18.5290646,73.838193,4.8,56,"https://search.google.com/local/reviews?placeid=ChIJI-Jqb3-_wjsRxR47B3_-1Ag&q=art+gallery,+410501,+Pune,+Maharashtra,+IN&authuser=0&hl=en&gl=IN",0,0,3,6,47,"{""Monday"": ""12-7am,11am-12am"", ""Tuesday"": ""12-7am,10:30am-12am"", ""Wednesday"": ""12-7am,10:30am-12am"", ""Thursday"": ""12-7am"", ""Friday"": ""10:30am-12am"", ""Saturday"": ""12-7am,10:30am-12am"", ""Sunday"": ""12-7am,10:30am-12am""}",,OPERATIONAL,"{""Accessibility"": {""Wheelchair-accessible car park"": true, ""Wheelchair-accessible entrance"": true, ""Wheelchair-accessible seating"": true, ""Wheelchair-accessible toilet"": false}}",,1,117683071210318085558,,,,"https://www.google.com/maps/place/The+Ravi+Paranjape+Studio/@18.529064599999998,73.83819299999999,14z/data=!4m8!1m2!2m1!1sThe+Ravi+Paranjape+Studio!3m4!1s0x3bc2bf7f6f6ae223:0x8d4fe7f073b1ec5!8m2!3d18.529064599999998!4d73.83819299999999","https://www.google.com/maps/place/The+Ravi+Paranjape+Studio/@18.529064599999998,73.83819299999999,13.99z/data=!4m16!1m7!3m6!1s0x3bc2bf7f6f6ae223:0x8d4fe7f073b1ec5!2sThe+Ravi+Paranjape+Studio!8m2!3d18.529064599999998!4d73.83819299999999!16s%2Fg%2F11ckvg1dmb!3m7!1s0x3bc2bf7f6f6ae223:0x8d4fe7f073b1ec5!8m2!3d18.529064599999998!4d73.83819299999999!9m1!1b1!16s%2Fg%2F11ckvg1dmb?entry=ttu",ChIJI-Jqb3-_wjsRxR47B3_-1Ag,0x3bc2bf7f6f6ae223:0x8d4fe7f073b1ec5,6.36413268901699E+017,/g/11bzwq0sgz,636413268901699269
"art gallery, 410501, Pune, Maharashtra, IN",Rajlaxmi Photo Frame And Art Gallery,Art gallery,Art gallery,Art gallery,+91 98500 61042,"Shop No 1, Chakan Shikrapur Rd, opp. Shraddha Hospital, Chakan, Maharashtra 410501",,Chakan,410501,18.7531713,73.8628892,4,1,"https://search.google.com/local/reviews?placeid=ChIJOXXdv8TJwjsRHe4MkLFA-Z0&q=art+gallery,+410501,+Pune,+Maharashtra,+IN&authuser=0&hl=en&gl=IN",0,0,0,1,0,"{""Monday"": ""10am-9pm"", ""Tuesday"": ""10am-9pm"", ""Wednesday"": ""10am-9pm"", ""Thursday"": ""10am-9pm"", ""Friday"": ""10am-9pm"", ""Saturday"": ""10am-9pm"", ""Sunday"": ""10am-9pm""}",,OPERATIONAL,"{""Children"": {""Good for kids"": true}}",,0,,,,,"https://www.google.com/maps/place/Rajlaxmi+Photo+Frame+And+Art+Gallery/@18.753171299999998,73.8628892,14z/data=!4m8!1m2!2m1!1sRajlaxmi+Photo+Frame+And+Art+Gallery!3m4!1s0x3bc2c9c4bfdd7539:0x9df940b1900cee1d!8m2!3d18.753171299999998!4d73.8628892","https://www.google.com/maps/place/Rajlaxmi+Photo+Frame+And+Art+Gallery/@18.753171299999998,73.8628892,13.99z/data=!4m16!1m7!3m6!1s0x3bc2c9c4bfdd7539:0x9df940b1900cee1d!2sRajlaxmi+Photo+Frame+And+Art+Gallery!8m2!3d18.753171299999998!4d73.8628892!16s%2Fg%2F11ckvg1dmb!3m7!1s0x3bc2c9c4bfdd7539:0x9df940b1900cee1d!8m2!3d18.753171299999998!4d73.8628892!9m1!1b1!16s%2Fg%2F11ckvg1dmb?entry=ttu",ChIJOXXdv8TJwjsRHe4MkLFA-Z0,0x3bc2c9c4bfdd7539:0x9df940b1900cee1d,1.13832006645258E+019,/g/11rpdclgh7,-7063543409183756771
"art gallery, 410501, Pune, Maharashtra, IN",Shree Art Gallery,Picture frame shop,Picture frame shop,Picture frame shop,+91 91420 31031,"central pride building, Alandi - Moshi Rd, near jay Ganesh lawn, Moshi Gaon, Moshi, Pune, Pimpri-Chinchwad, Maharashtra 412105","Moshi Gaon, Moshi","Pune, Pimpri-Chinchwad",412105,18.677446,73.8600776,4.9,91,"https://search.google.com/local/reviews?placeid=ChIJ7-SmCxLJwjsRpBqfpTlm5N8&q=art+gallery,+410501,+Pune,+Maharashtra,+IN&authuser=0&hl=en&gl=IN",1,0,2,4,84,"{""Monday"": ""8am-9pm"", ""Tuesday"": ""8am-9pm"", ""Wednesday"": ""8am-9pm"", ""Thursday"": ""8am-9pm"", ""Friday"": ""8am-9pm"", ""Saturday"": ""8am-9pm"", ""Sunday"": ""8am-9pm""}",,OPERATIONAL,"{""Service options"": {""Delivery"": true, ""Same-day delivery"": true}, ""Payments"": {""Mobile Wallets"": true}}",,1,116019175689720785942,,,,"https://www.google.com/maps/place/Shree+Art+Gallery/@18.677446,73.8600776,14z/data=!4m8!1m2!2m1!1sShree+Art+Gallery!3m4!1s0x3bc2c9120ba6e4ef:0xdfe46639a59f1aa4!8m2!3d18.677446!4d73.8600776","https://www.google.com/maps/place/Shree+Art+Gallery/@18.677446,73.8600776,13.99z/data=!4m16!1m7!3m6!1s0x3bc2c9120ba6e4ef:0xdfe46639a59f1aa4!2sShree+Art+Gallery!8m2!3d18.677446!4d73.8600776!16s%2Fg%2F11ckvg1dmb!3m7!1s0x3bc2c9120ba6e4ef:0xdfe46639a59f1aa4!8m2!3d18.677446!4d73.8600776!9m1!1b1!16s%2Fg%2F11ckvg1dmb?entry=ttu",ChIJ7-SmCxLJwjsRpBqfpTlm5N8,0x3bc2c9120ba6e4ef:0xdfe46639a59f1aa4,1.61331321629258E+019,/g/11nx187fps,-2313611910783755612
"art gallery, 410501, Pune, Maharashtra, IN",Top Art Gallery,Picture frame shop,Picture frame shop,Picture frame shop,+91 99234 73482,"405 (4th Floor) GARNETS BAY, Nagar Rd, next to FOUR POINTS by SHERATON, Pune, Maharashtra 411014","Clover Park, Viman Nagar",Pune,411014,18.562905,73.921639,4.9,101,"https://search.google.com/local/reviews?placeid=ChIJMW-N0BHBwjsR2QBjRc2o0j0&q=art+gallery,+410501,+Pune,+Maharashtra,+IN&authuser=0&hl=en&gl=IN",0,0,2,10,89,"{""Monday"": ""10am-2pm,3-7:30pm"", ""Tuesday"": ""10am-2pm,3-7:30pm"", ""Wednesday"": ""10am-2pm,3-7:30pm"", ""Thursday"": ""10am-2pm,3-7:30pm"", ""Friday"": ""10am-2pm,3-7:30pm"", ""Saturday"": ""10am-2pm,3-7:30pm"", ""Sunday"": ""Closed""}",,OPERATIONAL,"{""Service options"": {""Delivery"": true, ""In-store shopping"": true, ""On-site services"": true}, ""Accessibility"": {""Wheelchair-accessible car park"": true, ""Wheelchair-accessible entrance"": true}, ""Amenities"": {""Wi-Fi"": true}, ""Payments"": {""Credit cards"": true, ""Debit cards"": true, ""Google Pay"": true}}",,1,113447777955068151666,,,,"https://www.google.com/maps/place/Top+Art+Gallery/@18.562905,73.921639,14z/data=!4m8!1m2!2m1!1sTop+Art+Gallery!3m4!1s0x3bc2c111d08d6f31:0x3dd2a8cd456300d9!8m2!3d18.562905!4d73.921639","https://www.google.com/maps/place/Top+Art+Gallery/@18.562905,73.921639,13.99z/data=!4m16!1m7!3m6!1s0x3bc2c111d08d6f31:0x3dd2a8cd456300d9!2sTop+Art+Gallery!8m2!3d18.562905!4d73.921639!16s%2Fg%2F11ckvg1dmb!3m7!1s0x3bc2c111d08d6f31:0x3dd2a8cd456300d9!8m2!3d18.562905!4d73.921639!9m1!1b1!16s%2Fg%2F11ckvg1dmb?entry=ttu",ChIJMW-N0BHBwjsR2QBjRc2o0j0,0x3bc2c111d08d6f31:0x3dd2a8cd456300d9,4.45480858100872E+018,/g/1pp2vjt1c,4454808581008720089
"art gallery, 410501, Pune, Maharashtra, IN",Beena's Artistry,Art gallery,Art gallery,Art gallery,,"Mantra Montana, D N, Parande Ground, Dhanori, Pune, Pimpri-Chinchwad, Maharashtra 411015","Parande Ground, Dhanori","Pune, Pimpri-Chinchwad",411015,18.6136351,73.902587,4.7,13,"https://search.google.com/local/reviews?placeid=ChIJ9QNeVK7HwjsRjo9EZMKdGEI&q=art+gallery,+410501,+Pune,+Maharashtra,+IN&authuser=0&hl=en&gl=IN",0,0,1,2,10,"{""Monday"": ""9am-5pm"", ""Tuesday"": ""9am-5pm"", ""Wednesday"": ""9am-5pm"", ""Thursday"": ""9am-5pm"", ""Friday"": ""9am-5pm"", ""Saturday"": ""9am-5pm"", ""Sunday"": ""Closed""}",,OPERATIONAL,"{""Children"": {""Good for kids"": true}}",,1,102282486716178574098,,,,"https://www.google.com/maps/place/Beena%27s+Artistry/@18.6136351,73.902587,14z/data=!4m8!1m2!2m1!1sBeena%27s+Artistry!3m4!1s0x3bc2c7ae545e03f5:0x42189dc264448f8e!8m2!3d18.6136351!4d73.902587","https://www.google.com/maps/place/Beena%27s+Artistry/@18.6136351,73.902587,13.99z/data=!4m16!1m7!3m6!1s0x3bc2c7ae545e03f5:0x42189dc264448f8e!2sBeena%27s+Artistry!8m2!3d18.6136351!4d73.902587!16s%2Fg%2F11ckvg1dmb!3m7!1s0x3bc2c7ae545e03f5:0x42189dc264448f8e!8m2!3d18.6136351!4d73.902587!9m1!1b1!16s%2Fg%2F11ckvg1dmb?entry=ttu",ChIJ9QNeVK7HwjsRjo9EZMKdGEI,0x3bc2c7ae545e03f5:0x42189dc264448f8e,4.76273006417573E+018,/g/11w494z74l,4762730064175730574
"art gallery, 410501, Pune, Maharashtra, IN",Mayur artifacts(PUNE),Art gallery,Art gallery,Art gallery,+91 98220 66686,"9, Shankar Sheth Rd, Swargate, Pune, Maharashtra 411037",Swargate,Pune,411037,18.5001531,73.8691595,4.3,242,"https://search.google.com/local/reviews?placeid=ChIJMcegbnrBwjsRHegfqzZ1bgk&q=art+gallery,+410501,+Pune,+Maharashtra,+IN&authuser=0&hl=en&gl=IN",12,6,23,64,137,"{""Monday"": ""10:30am-9pm"", ""Tuesday"": ""10:30am-9pm"", ""Wednesday"": ""10:30am-9pm"", ""Thursday"": ""10:30am-9pm"", ""Friday"": ""10:30am-9pm"", ""Saturday"": ""10:30am-9pm"", ""Sunday"": ""10:30am-9pm""}",,OPERATIONAL,"{""Accessibility"": {""Wheelchair-accessible entrance"": false}, ""Amenities"": {""Gender-neutral toilets"": true, ""Toilets"": true, ""Wi-Fi"": true, ""Restaurant"": false}, ""Payments"": {""Google Pay"": true}, ""Children"": {""Good for kids"": true}}",,1,109178900608824067676,,,,"https://www.google.com/maps/place/Mayur+artifacts%28PUNE%29/@18.5001531,73.8691595,14z/data=!4m8!1m2!2m1!1sMayur+artifacts%28PUNE%29!3m4!1s0x3bc2c17a6ea0c731:0x96e7536ab1fe81d!8m2!3d18.5001531!4d73.8691595","https://www.google.com/maps/place/Mayur+artifacts%28PUNE%29/@18.5001531,73.8691595,13.99z/data=!4m16!1m7!3m6!1s0x3bc2c17a6ea0c731:0x96e7536ab1fe81d!2sMayur+artifacts%28PUNE%29!8m2!3d18.5001531!4d73.8691595!16s%2Fg%2F11ckvg1dmb!3m7!1s0x3bc2c17a6ea0c731:0x96e7536ab1fe81d!8m2!3d18.5001531!4d73.8691595!9m1!1b1!16s%2Fg%2F11ckvg1dmb?entry=ttu",ChIJMcegbnrBwjsRHegfqzZ1bgk,0x3bc2c17a6ea0c731:0x96e7536ab1fe81d,6.79609471439202E+017,/g/11h5wx9ptk,679609471439202333
"art gallery, 410501, Pune, Maharashtra, IN",Ribhav Creations the Online Art Gallery,Art gallery,Art gallery,Art gallery,+91 77438 54981,"Ganesh Park, A-1, Arvind Colony, Pimple Saudagar, Pune, Pimpri-Chinchwad, Maharashtra 411027","Arvind Colony, Pimple Saudagar","Pune, Pimpri-Chinchwad",411027,18.6014825,73.7944447,5,2,"https://search.google.com/local/reviews?placeid=ChIJ6ffUF3fBwjsRX39ahAVygws&q=art+gallery,+410501,+Pune,+Maharashtra,+IN&authuser=0&hl=en&gl=IN",0,0,0,0,2,"{""Monday"": ""9am-11pm"", ""Tuesday"": ""9am-11pm"", ""Wednesday"": ""9am-11pm"", ""Thursday"": ""9am-11pm"", ""Friday"": ""9am-11pm"", ""Saturday"": ""9am-11pm"", ""Sunday"": ""9am-11pm""}",,OPERATIONAL,"{""Children"": {""Good for kids"": true}}",,1,105441009914053053147,,,,"https://www.google.com/maps/place/Ribhav+Creations+the+Online+Art+Gallery/@18.6014825,73.7944447,14z/data=!4m8!1m2!2m1!1sRibhav+Creations+the+Online+Art+Gallery!3m4!1s0x3bc2c17717d4f7e9:0xb837205845a7f5f!8m2!3d18.6014825!4d73.7944447","https://www.google.com/maps/place/Ribhav+Creations+the+Online+Art+Gallery/@18.6014825,73.7944447,13.99z/data=!4m16!1m7!3m6!1s0x3bc2c17717d4f7e9:0xb837205845a7f5f!2sRibhav+Creations+the+Online+Art+Gallery!8m2!3d18.6014825!4d73.7944447!16s%2Fg%2F11ckvg1dmb!3m7!1s0x3bc2c17717d4f7e9:0xb837205845a7f5f!8m2!3d18.6014825!4d73.7944447!9m1!1b1!16s%2Fg%2F11ckvg1dmb?entry=ttu",ChIJ6ffUF3fBwjsRX39ahAVygws,0x3bc2c17717d4f7e9:0xb837205845a7f5f,8.2963212438723E+017,/g/11tp1f8kgz,829632124387229535
"art gallery, 410501, Pune, Maharashtra, IN",Ashvini's Art Gallery,"Art gallery, Art school",Art gallery,Art gallery,+91 88061 57467,"JP HOMES, C1, 1104, Solapur - Pune Hwy, near Manjri Stud Farm, Hadapsar, Pune, Maharashtra 412307",Hadapsar,Pune,412307,18.4939246,73.9662061,4.8,26,"https://search.google.com/local/reviews?placeid=ChIJIZQ6Gc_pwjsRsl7e9pIS8-I&q=art+gallery,+410501,+Pune,+Maharashtra,+IN&authuser=0&hl=en&gl=IN",0,0,1,3,22,"{""Monday"": ""9am-7pm"", ""Tuesday"": ""9am-7pm"", ""Wednesday"": ""9am-7pm"", ""Thursday"": ""9am-7pm"", ""Friday"": ""9am-7pm"", ""Saturday"": ""9am-5pm"", ""Sunday"": ""9am-5pm""}",,OPERATIONAL,"{""From the business"": {""Identifies as women-owned"": true}, ""Highlights"": {""Live performances"": true}, ""Crowd"": {""Family friendly"": true, ""LGBTQ+ friendly"": true}, ""Payments"": {""Google Pay"": true}, ""Children"": {""Good for kids"": true}, ""Other"": {""LGBTQ+ friendly"": true, ""Identifies as women-owned"": true}}",,1,105713087137512704198,,,,"https://www.google.com/maps/place/Ashvini%27s+Art+Gallery/@18.4939246,73.9662061,14z/data=!4m8!1m2!2m1!1sAshvini%27s+Art+Gallery!3m4!1s0x3bc2e9cf193a9421:0xe2f31292f6de5eb2!8m2!3d18.4939246!4d73.9662061","https://www.google.com/maps/place/Ashvini%27s+Art+Gallery/@18.4939246,73.9662061,13.99z/data=!4m16!1m7!3m6!1s0x3bc2e9cf193a9421:0xe2f31292f6de5eb2!2sAshvini%27s+Art+Gallery!8m2!3d18.4939246!4d73.9662061!16s%2Fg%2F11ckvg1dmb!3m7!1s0x3bc2e9cf193a9421:0xe2f31292f6de5eb2!8m2!3d18.4939246!4d73.9662061!9m1!1b1!16s%2Fg%2F11ckvg1dmb?entry=ttu",ChIJIZQ6Gc_pwjsRsl7e9pIS8-I,0x3bc2e9cf193a9421:0xe2f31292f6de5eb2,1.63534350943287E+019,/g/11rj04dcqc,-2093308979380855118
"art gallery, 410501, Pune, Maharashtra, IN",Tulika Art Gallery,Art gallery,Art gallery,Art gallery,+91 75074 98250,"Govind Yashada Chowk Pusha Kunja, 231, Pimple Saudagar, Pune, 27","Mithila Nagari, Pimple Saudagar","Pune, Pimpri-Chinchwad",27,18.5981974,73.8027691,3.9,60,"https://search.google.com/local/reviews?placeid=ChIJbbPSd-G4wjsRn1TwpdurzRM&q=art+gallery,+410501,+Pune,+Maharashtra,+IN&authuser=0&hl=en&gl=IN",4,4,9,18,25,"{""Monday"": ""11am-7pm"", ""Tuesday"": ""11am-7pm"", ""Wednesday"": ""Closed"", ""Thursday"": ""11am-7pm"", ""Friday"": ""11am-7pm"", ""Saturday"": ""11am-7pm"", ""Sunday"": ""11am-7pm""}",,OPERATIONAL,"{""Children"": {""Good for kids"": true}}",,0,,,,,"https://www.google.com/maps/place/Tulika+Art+Gallery/@18.5981974,73.80276909999999,14z/data=!4m8!1m2!2m1!1sTulika+Art+Gallery!3m4!1s0x3bc2b8e177d2b36d:0x13cdabdba5f0549f!8m2!3d18.5981974!4d73.80276909999999","https://www.google.com/maps/place/Tulika+Art+Gallery/@18.5981974,73.80276909999999,13.99z/data=!4m16!1m7!3m6!1s0x3bc2b8e177d2b36d:0x13cdabdba5f0549f!2sTulika+Art+Gallery!8m2!3d18.5981974!4d73.80276909999999!16s%2Fg%2F11ckvg1dmb!3m7!1s0x3bc2b8e177d2b36d:0x13cdabdba5f0549f!8m2!3d18.5981974!4d73.80276909999999!9m1!1b1!16s%2Fg%2F11ckvg1dmb?entry=ttu",ChIJbbPSd-G4wjsRn1TwpdurzRM,0x3bc2b8e177d2b36d:0x13cdabdba5f0549f,1.42698561681649E+018,/g/11y1m6z4v0,1426985616816493727
"art gallery, 410501, Pune, Maharashtra, IN",Gallery Mystica,Art gallery,Art gallery,Art gallery,+91 20 3052 1388,"Shop.no.3,Mitt Corner,Past Prem's,N.M Road,Koregaon Park, Pune, Maharashtra 411001","Ragvilas Society, Koregaon Park",Pune,411001,18.5397317,73.8939071,4.6,15,"https://search.google.com/local/reviews?placeid=ChIJeQoE7wPBwjsR-dYchp5ojaU&q=art+gallery,+410501,+Pune,+Maharashtra,+IN&authuser=0&hl=en&gl=IN",0,1,0,3,11,"{""Monday"": ""11am-12am"", ""Tuesday"": ""12-7:30am,11am-12am"", ""Wednesday"": ""12-7:30am,11am-12am"", ""Thursday"": ""12-7:30am,11am-12am"", ""Friday"": ""12-7:30am,11am-12am"", ""Saturday"": ""12-7:30am,11am-12am"", ""Sunday"": ""12-7:30am""}",,OPERATIONAL,"{""Amenities"": {""Restaurant"": false}, ""Children"": {""Good for kids"": true}}",,1,116027637313334989206,,,,"https://www.google.com/maps/place/Gallery+Mystica/@18.5397317,73.89390709999999,14z/data=!4m8!1m2!2m1!1sGallery+Mystica!3m4!1s0x3bc2c103ef040a79:0xa58d689e861cd6f9!8m2!3d18.5397317!4d73.89390709999999","https://www.google.com/maps/place/Gallery+Mystica/@18.5397317,73.89390709999999,13.99z/data=!4m16!1m7!3m6!1s0x3bc2c103ef040a79:0xa58d689e861cd6f9!2sGallery+Mystica!8m2!3d18.5397317!4d73.89390709999999!16s%2Fg%2F11ckvg1dmb!3m7!1s0x3bc2c103ef040a79:0xa58d689e861cd6f9!8m2!3d18.5397317!4d73.89390709999999!9m1!1b1!16s%2Fg%2F11ckvg1dmb?entry=ttu",ChIJeQoE7wPBwjsR-dYchp5ojaU,0x3bc2c103ef040a79:0xa58d689e861cd6f9,1.19293060180385E+019,/g/1pp2vmdcr,-6517438055671081223
"art gallery, 410501, Pune, Maharashtra, IN",KALAKARI HANDMADE PAINTINGS,Art gallery,Art gallery,Art gallery,+91 77740 99936,"Sainath chaya, First floor, Kalakari Handmade Paintings, Old Mumbai - Pune Hwy, Kundan Nagar, Dapodi, Pune, Maharashtra 411012","Kundan Nagar, Agrasen Nagar Society, Seva Nagar, Dapodi","Pune, Pimpri-Chinchwad",411012,18.5960295,73.8302635,4.9,162,"https://search.google.com/local/reviews?placeid=ChIJ3VQQurG4wjsRaIpC9rsVCLo&q=art+gallery,+410501,+Pune,+Maharashtra,+IN&authuser=0&hl=en&gl=IN",0,0,2,6,154,"{""Monday"": ""9:30am-7pm"", ""Tuesday"": ""9:30am-7pm"", ""Wednesday"": ""9:30am-7pm"", ""Thursday"": ""9:30am-7pm"", ""Friday"": ""9:30am-7pm"", ""Saturday"": ""9:30am-7pm"", ""Sunday"": ""9:30am-7pm""}",,OPERATIONAL,"{""Crowd"": {""Family friendly"": true}, ""Payments"": {""Google Pay"": true}, ""Children"": {""Good for kids"": true}}",,1,109679974512653060656,,,,"https://www.google.com/maps/place/KALAKARI+HANDMADE+PAINTINGS/@18.5960295,73.8302635,14z/data=!4m8!1m2!2m1!1sKALAKARI+HANDMADE+PAINTINGS!3m4!1s0x3bc2b8b1ba1054dd:0xba0815bbf6428a68!8m2!3d18.5960295!4d73.8302635","https://www.google.com/maps/place/KALAKARI+HANDMADE+PAINTINGS/@18.5960295,73.8302635,13.99z/data=!4m16!1m7!3m6!1s0x3bc2b8b1ba1054dd:0xba0815bbf6428a68!2sKALAKARI+HANDMADE+PAINTINGS!8m2!3d18.5960295!4d73.8302635!16s%2Fg%2F11ckvg1dmb!3m7!1s0x3bc2b8b1ba1054dd:0xba0815bbf6428a68!8m2!3d18.5960295!4d73.8302635!9m1!1b1!16s%2Fg%2F11ckvg1dmb?entry=ttu",ChIJ3VQQurG4wjsRaIpC9rsVCLo,0x3bc2b8b1ba1054dd:0xba0815bbf6428a68,1.34049881879029E+019,/g/11cnc7zwss,-5041755885806646680
"art gallery, 410501, Pune, Maharashtra, IN",EAZI Art,Art gallery,Art gallery,Art gallery,+91 80070 09040,"402, Marvel Crest, Road No-7, Koregaon Park, Pune, Maharashtra 411001","Ashok Chakra Society, Meera Nagar, Koregaon Park",Pune,411001,18.5356559,73.9000508,4.5,2,"https://search.google.com/local/reviews?placeid=ChIJz5oR0AfBwjsRMeiG0ltWui4&q=art+gallery,+410501,+Pune,+Maharashtra,+IN&authuser=0&hl=en&gl=IN",0,0,0,1,1,,,OPERATIONAL,"{""Children"": {""Good for kids"": true}}",,0,,,,,"https://www.google.com/maps/place/EAZI+Art/@18.5356559,73.9000508,14z/data=!4m8!1m2!2m1!1sEAZI+Art!3m4!1s0x3bc2c107d0119acf:0x2eba565bd286e831!8m2!3d18.5356559!4d73.9000508","https://www.google.com/maps/place/EAZI+Art/@18.5356559,73.9000508,13.99z/data=!4m16!1m7!3m6!1s0x3bc2c107d0119acf:0x2eba565bd286e831!2sEAZI+Art!8m2!3d18.5356559!4d73.9000508!16s%2Fg%2F11ckvg1dmb!3m7!1s0x3bc2c107d0119acf:0x2eba565bd286e831!8m2!3d18.5356559!4d73.9000508!9m1!1b1!16s%2Fg%2F11ckvg1dmb?entry=ttu",ChIJz5oR0AfBwjsRMeiG0ltWui4,0x3bc2c107d0119acf:0x2eba565bd286e831,3.36709862378694E+018,/g/11g6xjp_z5,3367098623786936369
"art gallery, 410501, Pune, Maharashtra, IN",Shiva Art's LED Board & Redium Works,Art gallery,Art gallery,Art gallery,+91 77208 60371,"1, Talegaon-Chakan Rd, near Sachin Auto, Mahalunge Ingale, Pune, Maharashtra 410501",,"Mahalunge Ingale, Pune",410501,18.7558649,73.8102608,1,1,"https://search.google.com/local/reviews?placeid=ChIJC3JTdqW3wjsRJFaW8iZu-mU&q=art+gallery,+410501,+Pune,+Maharashtra,+IN&authuser=0&hl=en&gl=IN",1,0,0,0,0,"{""Monday"": ""9am-9pm"", ""Tuesday"": ""9am-9pm"", ""Wednesday"": ""9am-9pm"", ""Thursday"": ""9am-9pm"", ""Friday"": ""9am-9pm"", ""Saturday"": ""9am-9pm"", ""Sunday"": ""9am-9pm""}",,OPERATIONAL,"{""Children"": {""Good for kids"": true}}",,1,116886503202366179644,,,,"https://www.google.com/maps/place/Shiva+Art%27s+LED+Board+%26+Redium+Works/@18.7558649,73.8102608,14z/data=!4m8!1m2!2m1!1sShiva+Art%27s+LED+Board+%26+Redium+Works!3m4!1s0x3bc2b7a57653720b:0x65fa6e26f2965624!8m2!3d18.7558649!4d73.8102608","https://www.google.com/maps/place/Shiva+Art%27s+LED+Board+%26+Redium+Works/@18.7558649,73.8102608,13.99z/data=!4m16!1m7!3m6!1s0x3bc2b7a57653720b:0x65fa6e26f2965624!2sShiva+Art%27s+LED+Board+%26+Redium+Works!8m2!3d18.7558649!4d73.8102608!16s%2Fg%2F11ckvg1dmb!3m7!1s0x3bc2b7a57653720b:0x65fa6e26f2965624!8m2!3d18.7558649!4d73.8102608!9m1!1b1!16s%2Fg%2F11ckvg1dmb?entry=ttu",ChIJC3JTdqW3wjsRJFaW8iZu-mU,0x3bc2b7a57653720b:0x65fa6e26f2965624,7.34830685556614E+018,/g/11v473_g_l,7348306855566136868
"art gallery, 410501, Pune, Maharashtra, IN",MAYUR ARTIFACTS ( PIMPRI),Art gallery,Art gallery,Art gallery,+91 95451 11118,"Dp road, road, opposite Balaji lawns, near sant nirankari Bhavan, Kalewadi, Pimpri-Chinchwad, Maharashtra 411017","Nirmal Nagar, Kalewadi",Pimpri-Chinchwad,411017,18.6209014,73.7967588,4.3,231,"https://search.google.com/local/reviews?placeid=ChIJ-QXfmlO4wjsRYEhcRebn9yI&q=art+gallery,+410501,+Pune,+Maharashtra,+IN&authuser=0&hl=en&gl=IN",9,11,23,52,136,"{""Monday"": ""10:30am-9pm"", ""Tuesday"": ""10:30am-9pm"", ""Wednesday"": ""10:30am-9pm"", ""Thursday"": ""10:30am-9pm"", ""Friday"": ""10:30am-9pm"", ""Saturday"": ""10:30am-9pm"", ""Sunday"": ""10:30am-9pm""}",,OPERATIONAL,"{""Service options"": {""On-site services"": true}, ""Amenities"": {""Gender-neutral toilets"": true, ""Toilets"": true, ""Wi-Fi"": true, ""Restaurant"": false}, ""Payments"": {""Google Pay"": true}, ""Children"": {""Good for kids"": true}}",,1,109188147856043527623,,,,"https://www.google.com/maps/place/MAYUR+ARTIFACTS+%28+PIMPRI%29/@18.620901399999997,73.79675879999999,14z/data=!4m8!1m2!2m1!1sMAYUR+ARTIFACTS+%28+PIMPRI%29!3m4!1s0x3bc2b8539adf05f9:0x22f7e7e6455c4860!8m2!3d18.620901399999997!4d73.79675879999999","https://www.google.com/maps/place/MAYUR+ARTIFACTS+%28+PIMPRI%29/@18.620901399999997,73.79675879999999,13.99z/data=!4m16!1m7!3m6!1s0x3bc2b8539adf05f9:0x22f7e7e6455c4860!2sMAYUR+ARTIFACTS+%28+PIMPRI%29!8m2!3d18.620901399999997!4d73.79675879999999!16s%2Fg%2F11ckvg1dmb!3m7!1s0x3bc2b8539adf05f9:0x22f7e7e6455c4860!8m2!3d18.620901399999997!4d73.79675879999999!9m1!1b1!16s%2Fg%2F11ckvg1dmb?entry=ttu",ChIJ-QXfmlO4wjsRYEhcRebn9yI,0x3bc2b8539adf05f9:0x22f7e7e6455c4860,2.51973749272925E+018,/g/11bw2_c9g4,2519737492729251936
"art gallery, 410501, Pune, Maharashtra, IN",Raajwarasa Artifacts,Art gallery,Art gallery,Art gallery,+91 70307 51155,"Deo Wada, Keshav Nagar, Chinchwad, Pimpri-Chinchwad, Maharashtra 411033","Deo Wada, Keshav Nagar, Chinchwad",Pimpri-Chinchwad,411033,18.6247078,73.7792679,4.7,13,"https://search.google.com/local/reviews?placeid=ChIJa9QGTIG5wjsRcKCtFvJp5ig&q=art+gallery,+410501,+Pune,+Maharashtra,+IN&authuser=0&hl=en&gl=IN",1,0,0,0,12,"{""Monday"": ""10am-8pm"", ""Tuesday"": ""10am-8pm"", ""Wednesday"": ""Closed"", ""Thursday"": ""10am-8pm"", ""Friday"": ""10am-8pm"", ""Saturday"": ""10am-8pm"", ""Sunday"": ""10am-8pm""}",,OPERATIONAL,"{""Children"": {""Good for kids"": true}}",,1,115455433750360523101,,,,"https://www.google.com/maps/place/Raajwarasa+Artifacts/@18.6247078,73.7792679,14z/data=!4m8!1m2!2m1!1sRaajwarasa+Artifacts!3m4!1s0x3bc2b9814c06d46b:0x28e669f216ada070!8m2!3d18.6247078!4d73.7792679","https://www.google.com/maps/place/Raajwarasa+Artifacts/@18.6247078,73.7792679,13.99z/data=!4m16!1m7!3m6!1s0x3bc2b9814c06d46b:0x28e669f216ada070!2sRaajwarasa+Artifacts!8m2!3d18.6247078!4d73.7792679!16s%2Fg%2F11ckvg1dmb!3m7!1s0x3bc2b9814c06d46b:0x28e669f216ada070!8m2!3d18.6247078!4d73.7792679!9m1!1b1!16s%2Fg%2F11ckvg1dmb?entry=ttu",ChIJa9QGTIG5wjsRcKCtFvJp5ig,0x3bc2b9814c06d46b:0x28e669f216ada070,2.94715949464405E+018,/g/11y4324krw,2947159494644047984
"art gallery, 410501, Pune, Maharashtra, IN",Shreedev Arts & Laminates,Art gallery,Art gallery,Art gallery,+91 98220 99801,"5 And 6, Pushpak Residency, Alandi - Moshi Rd, Dudulgaon, Pune, Maharashtra 411039",Dudulgaon,Pune,411039,18.6765676,73.8777418,4.7,18,"https://search.google.com/local/reviews?placeid=ChIJBf1mUXDJwjsRhlVkIXOj0Ac&q=art+gallery,+410501,+Pune,+Maharashtra,+IN&authuser=0&hl=en&gl=IN",1,0,0,2,15,"{""Monday"": ""9:30am-9pm"", ""Tuesday"": ""9:30am-9pm"", ""Wednesday"": ""9:30am-9pm"", ""Thursday"": ""9:30am-9pm"", ""Friday"": ""9:30am-9pm"", ""Saturday"": ""9:30am-9pm"", ""Sunday"": ""9:30am-9pm""}",,OPERATIONAL,"{""Accessibility"": {""Wheelchair-accessible seating"": true}, ""Amenities"": {""Restaurant"": false}, ""Crowd"": {""Family friendly"": true}, ""Payments"": {""Google Pay"": true}, ""Children"": {""Good for kids"": true}}",,1,106983919837176437002,,,,"https://www.google.com/maps/place/Shreedev+Arts+%26+Laminates/@18.6765676,73.8777418,14z/data=!4m8!1m2!2m1!1sShreedev+Arts+%26+Laminates!3m4!1s0x3bc2c9705166fd05:0x7d0a37321645586!8m2!3d18.6765676!4d73.8777418","https://www.google.com/maps/place/Shreedev+Arts+%26+Laminates/@18.6765676,73.8777418,13.99z/data=!4m16!1m7!3m6!1s0x3bc2c9705166fd05:0x7d0a37321645586!2sShreedev+Arts+%26+Laminates!8m2!3d18.6765676!4d73.8777418!16s%2Fg%2F11ckvg1dmb!3m7!1s0x3bc2c9705166fd05:0x7d0a37321645586!8m2!3d18.6765676!4d73.8777418!9m1!1b1!16s%2Fg%2F11ckvg1dmb?entry=ttu",ChIJBf1mUXDJwjsRhlVkIXOj0Ac,0x3bc2c9705166fd05:0x7d0a37321645586,5.63129668298102E+017,/g/11j3949plt,563129668298102150
"art gallery, 410501, Pune, Maharashtra, IN",JK Arts,Art gallery,Art gallery,Art gallery,+91 82619 16405,"Shon No 1, Nagar Rd, Sai Satyam Park, Wagholi, Pune, Maharashtra 412207","Sai Satyam Park, Wagholi",Pune,412207,18.5729964,73.9574128,5,1,"https://search.google.com/local/reviews?placeid=ChIJu_hiYSjDwjsRRuxVHRqOUFM&q=art+gallery,+410501,+Pune,+Maharashtra,+IN&authuser=0&hl=en&gl=IN",0,0,0,0,1,,,OPERATIONAL,"{""Children"": {""Good for kids"": true}}",,1,111919378486130429535,,,,"https://www.google.com/maps/place/JK+Arts/@18.572996399999997,73.9574128,14z/data=!4m8!1m2!2m1!1sJK+Arts!3m4!1s0x3bc2c3286162f8bb:0x53508e1a1d55ec46!8m2!3d18.572996399999997!4d73.9574128","https://www.google.com/maps/place/JK+Arts/@18.572996399999997,73.9574128,13.99z/data=!4m16!1m7!3m6!1s0x3bc2c3286162f8bb:0x53508e1a1d55ec46!2sJK+Arts!8m2!3d18.572996399999997!4d73.9574128!16s%2Fg%2F11ckvg1dmb!3m7!1s0x3bc2c3286162f8bb:0x53508e1a1d55ec46!8m2!3d18.572996399999997!4d73.9574128!9m1!1b1!16s%2Fg%2F11ckvg1dmb?entry=ttu",ChIJu_hiYSjDwjsRRuxVHRqOUFM,0x3bc2c3286162f8bb:0x53508e1a1d55ec46,6.00345454609734E+018,/g/11v_5qk_f5,6003454546097335366
"art gallery, 410501, Pune, Maharashtra, IN",Aayaam by House of Aadyaa,Art gallery,Art gallery,Art gallery,+91 76665 64098,"1206, Shirole Road, Shivajinagar, Pune, Maharashtra 411004",Shivajinagar,Pune,411004,18.5216359,73.8454499,4.1,66,"https://search.google.com/local/reviews?placeid=ChIJy8EYYeTBwjsRXgQ9fI34FRg&q=art+gallery,+410501,+Pune,+Maharashtra,+IN&authuser=0&hl=en&gl=IN",2,3,9,24,28,"{""Monday"": ""9am-8pm"", ""Tuesday"": ""9am-8pm"", ""Wednesday"": ""9am-8pm"", ""Thursday"": ""9am-8pm"", ""Friday"": ""9am-8pm"", ""Saturday"": ""9am-8pm"", ""Sunday"": ""9am-8pm""}",,OPERATIONAL,"{""Amenities"": {""Toilets"": true, ""Restaurant"": false}, ""Children"": {""Good for kids"": true}}",,1,101886019901328860083,,,,"https://www.google.com/maps/place/Aayaam+by+House+of+Aadyaa/@18.5216359,73.84544989999999,14z/data=!4m8!1m2!2m1!1sAayaam+by+House+of+Aadyaa!3m4!1s0x3bc2c1e46118c1cb:0x1815f88d7c3d045e!8m2!3d18.5216359!4d73.84544989999999","https://www.google.com/maps/place/Aayaam+by+House+of+Aadyaa/@18.5216359,73.84544989999999,13.99z/data=!4m16!1m7!3m6!1s0x3bc2c1e46118c1cb:0x1815f88d7c3d045e!2sAayaam+by+House+of+Aadyaa!8m2!3d18.5216359!4d73.84544989999999!16s%2Fg%2F11ckvg1dmb!3m7!1s0x3bc2c1e46118c1cb:0x1815f88d7c3d045e!8m2!3d18.5216359!4d73.84544989999999!9m1!1b1!16s%2Fg%2F11ckvg1dmb?entry=ttu",ChIJy8EYYeTBwjsRXgQ9fI34FRg,0x3bc2c1e46118c1cb:0x1815f88d7c3d045e,1.73556651797965E+018,/g/11rn0mnh0b,1735566517979645022
"art gallery, 410501, Pune, Maharashtra, IN",Posterica Wall Krafts,"Art gallery, Scrapbooking store, Design agency, Picture frame shop, Poster store",Scrapbooking store,Art gallery,+91 93703 19247,"Shop number 12, R K Lifespaces Shopping Complex, Green Dr Rd, Wakad, Pune, Maharashtra 411057","Shankar Kalat Nagar, Wakad","Pune, Pimpri-Chinchwad",411057,18.5984867,73.7646268,4.6,53,"https://search.google.com/local/reviews?placeid=ChIJ3T-Xkmu5wjsRyfvSLbOt9WA&q=art+gallery,+410501,+Pune,+Maharashtra,+IN&authuser=0&hl=en&gl=IN",4,0,1,3,45,"{""Monday"": ""12-10pm"", ""Tuesday"": ""Closed"", ""Wednesday"": ""12-10pm"", ""Thursday"": ""12-10pm"", ""Friday"": ""12-10pm"", ""Saturday"": ""12-10pm"", ""Sunday"": ""12-10pm""}",,OPERATIONAL,"{""Service options"": {""Delivery"": true, ""In-store pick-up"": true, ""In-store shopping"": true, ""On-site services"": true}, ""Amenities"": {""Wi-Fi"": true}, ""Crowd"": {""LGBTQ+ friendly"": true}, ""Planning"": {""Appointment required"": true}, ""Payments"": {""Credit cards"": true, ""Mobile Wallets"": true}, ""Parking"": {""Free street parking"": true}, ""Other"": {""LGBTQ+ friendly"": true}}",,1,110259910444732886877,,,,"https://www.google.com/maps/place/Posterica+Wall+Krafts/@18.5984867,73.7646268,14z/data=!4m8!1m2!2m1!1sPosterica+Wall+Krafts!3m4!1s0x3bc2b96b92973fdd:0x60f5adb32dd2fbc9!8m2!3d18.5984867!4d73.7646268","https://www.google.com/maps/place/Posterica+Wall+Krafts/@18.5984867,73.7646268,13.99z/data=!4m16!1m7!3m6!1s0x3bc2b96b92973fdd:0x60f5adb32dd2fbc9!2sPosterica+Wall+Krafts!8m2!3d18.5984867!4d73.7646268!16s%2Fg%2F11ckvg1dmb!3m7!1s0x3bc2b96b92973fdd:0x60f5adb32dd2fbc9!8m2!3d18.5984867!4d73.7646268!9m1!1b1!16s%2Fg%2F11ckvg1dmb?entry=ttu",ChIJ3T-Xkmu5wjsRyfvSLbOt9WA,0x3bc2b96b92973fdd:0x60f5adb32dd2fbc9,6.98668138201475E+018,/g/11fqzkdqnr,6986681382014745545
"art gallery, 410501, Pune, Maharashtra, IN",Choice Metal Art's,Art gallery,Art gallery,Art gallery,+91 70301 43555,"Shop No, 1, MG Road, Pune Cantonment, Pune, Maharashtra 411001",Pune Cantonment,Pune,411001,18.518678,73.8784607,4.8,4,"https://search.google.com/local/reviews?placeid=ChIJLVrxe1zBwjsRhEc0yr2pGxQ&q=art+gallery,+410501,+Pune,+Maharashtra,+IN&authuser=0&hl=en&gl=IN",0,0,0,1,3,,,OPERATIONAL,{},,1,113275344660579198782,,,,"https://www.google.com/maps/place/Choice+Metal+Art%27s/@18.518677999999998,73.87846069999999,14z/data=!4m8!1m2!2m1!1sChoice+Metal+Art%27s!3m4!1s0x3bc2c15c7bf15a2d:0x141ba9bdca344784!8m2!3d18.518677999999998!4d73.87846069999999","https://www.google.com/maps/place/Choice+Metal+Art%27s/@18.518677999999998,73.87846069999999,13.99z/data=!4m16!1m7!3m6!1s0x3bc2c15c7bf15a2d:0x141ba9bdca344784!2sChoice+Metal+Art%27s!8m2!3d18.518677999999998!4d73.87846069999999!16s%2Fg%2F11ckvg1dmb!3m7!1s0x3bc2c15c7bf15a2d:0x141ba9bdca344784!8m2!3d18.518677999999998!4d73.87846069999999!9m1!1b1!16s%2Fg%2F11ckvg1dmb?entry=ttu",ChIJLVrxe1zBwjsRhEc0yr2pGxQ,0x3bc2c15c7bf15a2d:0x141ba9bdca344784,1.44893833773608E+018,/g/11shjs3gs4,1448938337736083332
"art gallery, 410501, Pune, Maharashtra, IN",SaGa Arts,Art gallery,Art gallery,Art gallery,+91 83084 69488,"Prestige Panorama Apartments, Mhasoba Nagar, Keshav Nagar, Mundhwa, Pune, Maharashtra 411036","Mhasoba Nagar, Keshav Nagar, Mundhwa",Pune,411036,18.5312352,73.9440182,4.6,10,"https://search.google.com/local/reviews?placeid=ChIJRSpGmy7CwjsRQ2XSavuQoDo&q=art+gallery,+410501,+Pune,+Maharashtra,+IN&authuser=0&hl=en&gl=IN",1,0,0,0,9,,,CLOSED_TEMPORARILY,{},,1,115722028448343655618,,,,"https://www.google.com/maps/place/SaGa+Arts/@18.531235199999998,73.9440182,14z/data=!4m8!1m2!2m1!1sSaGa+Arts!3m4!1s0x3bc2c22e9b462a45:0x3aa090fb6ad26543!8m2!3d18.531235199999998!4d73.9440182","https://www.google.com/maps/place/SaGa+Arts/@18.531235199999998,73.9440182,13.99z/data=!4m16!1m7!3m6!1s0x3bc2c22e9b462a45:0x3aa090fb6ad26543!2sSaGa+Arts!8m2!3d18.531235199999998!4d73.9440182!16s%2Fg%2F11ckvg1dmb!3m7!1s0x3bc2c22e9b462a45:0x3aa090fb6ad26543!8m2!3d18.531235199999998!4d73.9440182!9m1!1b1!16s%2Fg%2F11ckvg1dmb?entry=ttu",ChIJRSpGmy7CwjsRQ2XSavuQoDo,0x3bc2c22e9b462a45:0x3aa090fb6ad26543,4.22453585997689E+018,/g/11cn17z_pv,4224535859976889667
"art gallery, 410501, Pune, Maharashtra, IN",Shree Art Gallery,Art gallery,Art gallery,Art gallery,+91 98237 04146,"411015, Swaraj Colony, Shri Ganesh Colony, Dighi, Pimpri-Chinchwad, Maharashtra 411015","Swaraj Colony, Shri Ganesh Colony, Dighi",Pimpri-Chinchwad,411015,18.6329889,73.8743481,5,2,"https://search.google.com/local/reviews?placeid=ChIJAx6BHKXHwjsRmTahKMAQpnI&q=art+gallery,+410501,+Pune,+Maharashtra,+IN&authuser=0&hl=en&gl=IN",0,0,0,0,2,,,CLOSED_TEMPORARILY,{},,0,,,,,"https://www.google.com/maps/place/Shree+Art+Gallery/@18.6329889,73.87434809999999,14z/data=!4m8!1m2!2m1!1sShree+Art+Gallery!3m4!1s0x3bc2c7a51c811e03:0x72a610c028a13699!8m2!3d18.6329889!4d73.87434809999999","https://www.google.com/maps/place/Shree+Art+Gallery/@18.6329889,73.87434809999999,13.99z/data=!4m16!1m7!3m6!1s0x3bc2c7a51c811e03:0x72a610c028a13699!2sShree+Art+Gallery!8m2!3d18.6329889!4d73.87434809999999!16s%2Fg%2F11ckvg1dmb!3m7!1s0x3bc2c7a51c811e03:0x72a610c028a13699!8m2!3d18.6329889!4d73.87434809999999!9m1!1b1!16s%2Fg%2F11ckvg1dmb?entry=ttu",ChIJAx6BHKXHwjsRmTahKMAQpnI,0x3bc2c7a51c811e03:0x72a610c028a13699,8.26130898395917E+018,/g/11g9jzl85c,8261308983959172761
"art gallery, 410501, Pune, Maharashtra, IN",Devlok Resin and Nail Art gallery,"Art gallery, Gift shop",Art gallery,Art gallery,,"Rajyog Colony Rd, above Walhekar Wadi Road, Gurudwara Colony, Nigdi, Pune, Pimpri-Chinchwad, Maharashtra 411033","Gurudwara Colony, Nigdi","Pune, Pimpri-Chinchwad",411033,18.642762,73.7627601,2.5,2,"https://search.google.com/local/reviews?placeid=ChIJoWoM2Ge5wjsRomgqkRAzmfI&q=art+gallery,+410501,+Pune,+Maharashtra,+IN&authuser=0&hl=en&gl=IN",1,0,0,1,0,"{""Monday"": ""9am-10pm"", ""Tuesday"": ""9am-10pm"", ""Wednesday"": ""9am-10pm"", ""Thursday"": ""9am-10pm"", ""Friday"": ""9am-10pm"", ""Saturday"": ""9am-10pm"", ""Sunday"": ""9am-10pm""}",,OPERATIONAL,"{""Crowd"": {""Family friendly"": true, ""LGBTQ+ friendly"": true}, ""Children"": {""Good for kids"": true}, ""Other"": {""LGBTQ+ friendly"": true}}",,1,102597733568552096584,,,,"https://www.google.com/maps/place/Devlok+Resin+and+Nail+Art+gallery/@18.642761999999998,73.7627601,14z/data=!4m8!1m2!2m1!1sDevlok+Resin+and+Nail+Art+gallery!3m4!1s0x3bc2b967d80c6aa1:0xf2993310912a68a2!8m2!3d18.642761999999998!4d73.7627601","https://www.google.com/maps/place/Devlok+Resin+and+Nail+Art+gallery/@18.642761999999998,73.7627601,13.99z/data=!4m16!1m7!3m6!1s0x3bc2b967d80c6aa1:0xf2993310912a68a2!2sDevlok+Resin+and+Nail+Art+gallery!8m2!3d18.642761999999998!4d73.7627601!16s%2Fg%2F11ckvg1dmb!3m7!1s0x3bc2b967d80c6aa1:0xf2993310912a68a2!8m2!3d18.642761999999998!4d73.7627601!9m1!1b1!16s%2Fg%2F11ckvg1dmb?entry=ttu",ChIJoWoM2Ge5wjsRomgqkRAzmfI,0x3bc2b967d80c6aa1:0xf2993310912a68a2,1.74810595748633E+019,/g/11l6m5fc62,-965684498846291806
"art gallery, 410501, Pune, Maharashtra, IN",Rainbow Art,"Art gallery, Art school, Artist, Bag shop, Handicraft, Manufacturer",Art school,Art gallery,+91 92255 03600,"Fortuna 407, Shivar Chowk, above radha krishna hotel, Pimple Saudagar, :pune, Pimpri-Chinchwad, Maharashtra 411027",Pimple Saudagar,":pune, Pimpri-Chinchwad",411027,18.5959189,73.7891675,4.9,10,"https://search.google.com/local/reviews?placeid=ChIJcQg40xi5wjsRvGG-qvXllk4&q=art+gallery,+410501,+Pune,+Maharashtra,+IN&authuser=0&hl=en&gl=IN",0,0,0,1,9,"{""Monday"": ""Closed"", ""Tuesday"": ""10am-7pm"", ""Wednesday"": ""10am-7pm"", ""Thursday"": ""10am-7pm"", ""Friday"": ""10am-7pm"", ""Saturday"": ""10am-7pm"", ""Sunday"": ""10am-6pm""}",,OPERATIONAL,"{""From the business"": {""Identifies as women-owned"": true}, ""Service options"": {""On-site services"": true}, ""Accessibility"": {""Wheelchair-accessible seating"": true, ""Wheelchair-accessible toilet"": true}, ""Amenities"": {""Gender-neutral toilets"": true}, ""Crowd"": {""LGBTQ+ friendly"": true}, ""Other"": {""LGBTQ+ friendly"": true, ""Identifies as women-owned"": true}}",,1,112534460065246279680,,,,"https://www.google.com/maps/place/Rainbow+Art/@18.5959189,73.78916749999999,14z/data=!4m8!1m2!2m1!1sRainbow+Art!3m4!1s0x3bc2b918d3380871:0x4e96e5f5aabe61bc!8m2!3d18.5959189!4d73.78916749999999","https://www.google.com/maps/place/Rainbow+Art/@18.5959189,73.78916749999999,13.99z/data=!4m16!1m7!3m6!1s0x3bc2b918d3380871:0x4e96e5f5aabe61bc!2sRainbow+Art!8m2!3d18.5959189!4d73.78916749999999!16s%2Fg%2F11ckvg1dmb!3m7!1s0x3bc2b918d3380871:0x4e96e5f5aabe61bc!8m2!3d18.5959189!4d73.78916749999999!9m1!1b1!16s%2Fg%2F11ckvg1dmb?entry=ttu",ChIJcQg40xi5wjsRvGG-qvXllk4,0x3bc2b918d3380871:0x4e96e5f5aabe61bc,5.66296642475933E+018,/g/11hblbv_zh,5662966424759329212
"tourist attraction, 412410, Pune, Maharashtra, IN",Pranav Sunset Point,"Resort hotel, Campground, Picnic ground, Scenic spot",hotels,Resort hotel,,"NH4, bangalore highway, daripul, Jambhulwadi, Pune, Maharashtra 411046",daripul,"Jambhulwadi, Pune",411046,18.4219696,73.8461034,4.2,462,"https://search.google.com/local/reviews?placeid=ChIJCwbktSzrwjsRhb_4SGGEDl8&q=tourist+attraction,+412410,+Pune,+Maharashtra,+IN&authuser=0&hl=en&gl=IN",21,17,47,124,253,,,OPERATIONAL,{},,1,102796779623173417208,,,,"https://www.google.com/maps/place/Pranav+Sunset+Point/@18.4219696,73.84610339999999,14z/data=!4m8!1m2!2m1!1sPranav+Sunset+Point!3m4!1s0x3bc2eb2cb5e4060b:0x5f0e846148f8bf85!8m2!3d18.4219696!4d73.84610339999999","https://www.google.com/maps/place/Pranav+Sunset+Point/@18.4219696,73.84610339999999,13.99z/data=!4m16!1m7!3m6!1s0x3bc2eb2cb5e4060b:0x5f0e846148f8bf85!2sPranav+Sunset+Point!8m2!3d18.4219696!4d73.84610339999999!16s%2Fg%2F11ckvg1dmb!3m7!1s0x3bc2eb2cb5e4060b:0x5f0e846148f8bf85!8m2!3d18.4219696!4d73.84610339999999!9m1!1b1!16s%2Fg%2F11ckvg1dmb?entry=ttu",ChIJCwbktSzrwjsRhb_4SGGEDl8,0x3bc2eb2cb5e4060b:0x5f0e846148f8bf85,6.84955763664806E+018,/g/11by_x75jy,6849557636648058757
"tourist attraction, 412410, Pune, Maharashtra, IN",Belhe Fort,Fortress,attractions,Fortress,,"457G+WH6, Belhe, Maharashtra 412410",,Belhe,412410,19.1147796,74.1763894,5,5,"https://search.google.com/local/reviews?placeid=ChIJVWI_sTcn3TsRbzprDC8-9hU&q=tourist+attraction,+412410,+Pune,+Maharashtra,+IN&authuser=0&hl=en&gl=IN",0,0,0,0,5,"{""Monday"": ""Open 24 hours"", ""Tuesday"": ""Open 24 hours"", ""Wednesday"": ""Open 24 hours"", ""Thursday"": ""Open 24 hours"", ""Friday"": ""Open 24 hours"", ""Saturday"": ""Open 24 hours"", ""Sunday"": ""Open 24 hours""}",,OPERATIONAL,"{""Children"": {""Good for kids"": true}}",,0,,,,,"https://www.google.com/maps/place/Belhe+Fort/@19.1147796,74.17638939999999,14z/data=!4m8!1m2!2m1!1sBelhe+Fort!3m4!1s0x3bdd2737b13f6255:0x15f63e2f0c6b3a6f!8m2!3d19.1147796!4d74.17638939999999","https://www.google.com/maps/place/Belhe+Fort/@19.1147796,74.17638939999999,13.99z/data=!4m16!1m7!3m6!1s0x3bdd2737b13f6255:0x15f63e2f0c6b3a6f!2sBelhe+Fort!8m2!3d19.1147796!4d74.17638939999999!16s%2Fg%2F11ckvg1dmb!3m7!1s0x3bdd2737b13f6255:0x15f63e2f0c6b3a6f!8m2!3d19.1147796!4d74.17638939999999!9m1!1b1!16s%2Fg%2F11ckvg1dmb?entry=ttu",ChIJVWI_sTcn3TsRbzprDC8-9hU,0x3bdd2737b13f6255:0x15f63e2f0c6b3a6f,1.58252069086005E+018,/g/11jp78l423,1582520690860046959
"tourist attraction, 412410, Pune, Maharashtra, IN",Taljai Watch Tower,Tourist attraction,attractions,Tourist attraction,,"234, Sai Darshan, opp. Mahalaxmi Sabhagruh, Parvati, Rajyavahatuk society, Parvati Paytha, Pune, Maharashtra 411009","Rajyavahatuk society, Parvati Paytha",Pune,411009,18.4842627,73.8470966,4.4,351,"https://search.google.com/local/reviews?placeid=ChIJPU2QpKPBwjsRg65jMvonqoc&q=tourist+attraction,+412410,+Pune,+Maharashtra,+IN&authuser=0&hl=en&gl=IN",10,3,33,96,209,"{""Monday"": ""9am-5pm"", ""Tuesday"": ""9am-5pm"", ""Wednesday"": ""9am-5pm"", ""Thursday"": ""9am-5pm"", ""Friday"": ""9am-5pm"", ""Saturday"": ""9am-5pm"", ""Sunday"": ""9am-5pm""}",,OPERATIONAL,"{""Children"": {""Good for kids"": true}}",,0,,,,,"https://www.google.com/maps/place/Taljai+Watch+Tower/@18.4842627,73.8470966,14z/data=!4m8!1m2!2m1!1sTaljai+Watch+Tower!3m4!1s0x3bc2c1a3a4904d3d:0x87aa27fa3263ae83!8m2!3d18.4842627!4d73.8470966","https://www.google.com/maps/place/Taljai+Watch+Tower/@18.4842627,73.8470966,13.99z/data=!4m16!1m7!3m6!1s0x3bc2c1a3a4904d3d:0x87aa27fa3263ae83!2sTaljai+Watch+Tower!8m2!3d18.4842627!4d73.8470966!16s%2Fg%2F11ckvg1dmb!3m7!1s0x3bc2c1a3a4904d3d:0x87aa27fa3263ae83!8m2!3d18.4842627!4d73.8470966!9m1!1b1!16s%2Fg%2F11ckvg1dmb?entry=ttu",ChIJPU2QpKPBwjsRg65jMvonqoc,0x3bc2c1a3a4904d3d:0x87aa27fa3263ae83,9.77566989670178E+018,/g/11k6z83x68,-8671074177007767933
"tourist attraction, 412410, Pune, Maharashtra, IN",Jambhulwadi Lake,"Tourist attraction, Swimming lake",attractions,Tourist attraction,,"CRMR+WCF, Ambegaon Budruk, Pune, Maharashtra 411046",Ambegaon Budruk,Pune,411046,18.4348139,73.8410441,4.2,454,"https://search.google.com/local/reviews?placeid=ChIJC9doONWUwjsR6XMppFmL0G8&q=tourist+attraction,+412410,+Pune,+Maharashtra,+IN&authuser=0&hl=en&gl=IN",23,8,58,133,232,,,OPERATIONAL,"{""Children"": {""Good for kids"": true}}",,0,,,,,"https://www.google.com/maps/place/Jambhulwadi+Lake/@18.434813899999998,73.84104409999999,14z/data=!4m8!1m2!2m1!1sJambhulwadi+Lake!3m4!1s0x3bc294d53868d70b:0x6fd08b59a42973e9!8m2!3d18.434813899999998!4d73.84104409999999","https://www.google.com/maps/place/Jambhulwadi+Lake/@18.434813899999998,73.84104409999999,13.99z/data=!4m16!1m7!3m6!1s0x3bc294d53868d70b:0x6fd08b59a42973e9!2sJambhulwadi+Lake!8m2!3d18.434813899999998!4d73.84104409999999!16s%2Fg%2F11ckvg1dmb!3m7!1s0x3bc294d53868d70b:0x6fd08b59a42973e9!8m2!3d18.434813899999998!4d73.84104409999999!9m1!1b1!16s%2Fg%2F11ckvg1dmb?entry=ttu",ChIJC9doONWUwjsR6XMppFmL0G8,0x3bc294d53868d70b:0x6fd08b59a42973e9,8.05709295048835E+018,/g/1yfdpbk3q,8057092950488347625
"tourist attraction, 412410, Pune, Maharashtra, IN",Para Plateau,Tourist attraction,attractions,Tourist attraction,,"JX39+9Q7, Pune, Maharashtra 411047",,Pune,411047,18.6034028,73.9694332,4.5,119,"https://search.google.com/local/reviews?placeid=ChIJ2ZAcNv3FwjsRzL89QCeZlZE&q=tourist+attraction,+412410,+Pune,+Maharashtra,+IN&authuser=0&hl=en&gl=IN",5,2,6,26,80,,,OPERATIONAL,"{""Accessibility"": {""Wheelchair-accessible car park"": false, ""Wheelchair-accessible entrance"": false}, ""Children"": {""Good for kids"": true}}",,0,,,,,"https://www.google.com/maps/place/Para+Plateau/@18.603402799999998,73.9694332,14z/data=!4m8!1m2!2m1!1sPara+Plateau!3m4!1s0x3bc2c5fd361c90d9:0x91959927403dbfcc!8m2!3d18.603402799999998!4d73.9694332","https://www.google.com/maps/place/Para+Plateau/@18.603402799999998,73.9694332,13.99z/data=!4m16!1m7!3m6!1s0x3bc2c5fd361c90d9:0x91959927403dbfcc!2sPara+Plateau!8m2!3d18.603402799999998!4d73.9694332!16s%2Fg%2F11ckvg1dmb!3m7!1s0x3bc2c5fd361c90d9:0x91959927403dbfcc!8m2!3d18.603402799999998!4d73.9694332!9m1!1b1!16s%2Fg%2F11ckvg1dmb?entry=ttu",ChIJ2ZAcNv3FwjsRzL89QCeZlZE,0x3bc2c5fd361c90d9:0x91959927403dbfcc,1.049045930089E+019,/g/11jtvq00c1,-7956284772819550260
"tourist attraction, 412410, Pune, Maharashtra, IN",Kaddyachi Aai Waterfall,Tourist attraction,attractions,Tourist attraction,,"647W+V2R, Santwadi, Maharashtra 412412",,Santwadi,412412,19.214731,74.1450012,4.8,4,"https://search.google.com/local/reviews?placeid=ChIJO5UUpJch3TsRWmXn9HksmUg&q=tourist+attraction,+412410,+Pune,+Maharashtra,+IN&authuser=0&hl=en&gl=IN",0,0,0,1,3,"{""Monday"": ""Open 24 hours"", ""Tuesday"": ""Open 24 hours"", ""Wednesday"": ""Open 24 hours"", ""Thursday"": ""Open 24 hours"", ""Friday"": ""Open 24 hours"", ""Saturday"": ""Open 24 hours"", ""Sunday"": ""Open 24 hours""}",,OPERATIONAL,"{""Children"": {""Good for kids"": true}}",,0,,,,,"https://www.google.com/maps/place/Kaddyachi+Aai+Waterfall/@19.214731,74.1450012,14z/data=!4m8!1m2!2m1!1sKaddyachi+Aai+Waterfall!3m4!1s0x3bdd2197a414953b:0x48992c79f4e7655a!8m2!3d19.214731!4d74.1450012","https://www.google.com/maps/place/Kaddyachi+Aai+Waterfall/@19.214731,74.1450012,13.99z/data=!4m16!1m7!3m6!1s0x3bdd2197a414953b:0x48992c79f4e7655a!2sKaddyachi+Aai+Waterfall!8m2!3d19.214731!4d74.1450012!16s%2Fg%2F11ckvg1dmb!3m7!1s0x3bdd2197a414953b:0x48992c79f4e7655a!8m2!3d19.214731!4d74.1450012!9m1!1b1!16s%2Fg%2F11ckvg1dmb?entry=ttu",ChIJO5UUpJch3TsRWmXn9HksmUg,0x3bdd2197a414953b:0x48992c79f4e7655a,5.23126134447901E+018,/g/11d_x337pj,5231261344479012186
"tourist attraction, 412410, Pune, Maharashtra, IN",Parashar Agri & Culture Tourism,"Tourist attraction, Farmstay",attractions,Tourist attraction,+91 99705 15438,"Nagar-Kalyan Highway, Rajuri, Final Mile Rd, Maharashtra 412411",,IN,412411,19.16972,74.138034,4.6,264,"https://search.google.com/local/reviews?placeid=ChIJc5KF70Qh3TsRS3sWabJUcBw&q=tourist+attraction,+412410,+Pune,+Maharashtra,+IN&authuser=0&hl=en&gl=IN",5,0,9,56,194,,,OPERATIONAL,"{""Other"": {""Star rating"": null}}",,1,116599960974298004067,,,,"https://www.google.com/maps/place/Parashar+Agri+%26+Culture+Tourism/@19.169719999999998,74.13803399999999,14z/data=!4m8!1m2!2m1!1sParashar+Agri+%26+Culture+Tourism!3m4!1s0x3bdd2144ef859273:0x1c7054b269167b4b!8m2!3d19.169719999999998!4d74.13803399999999","https://www.google.com/maps/place/Parashar+Agri+%26+Culture+Tourism/@19.169719999999998,74.13803399999999,13.99z/data=!4m16!1m7!3m6!1s0x3bdd2144ef859273:0x1c7054b269167b4b!2sParashar+Agri+%26+Culture+Tourism!8m2!3d19.169719999999998!4d74.13803399999999!16s%2Fg%2F11ckvg1dmb!3m7!1s0x3bdd2144ef859273:0x1c7054b269167b4b!8m2!3d19.169719999999998!4d74.13803399999999!9m1!1b1!16s%2Fg%2F11ckvg1dmb?entry=ttu",ChIJc5KF70Qh3TsRS3sWabJUcBw,0x3bdd2144ef859273:0x1c7054b269167b4b,2.04923095569757E+018,/g/113fnxrgj,2049230955697568587
"tourist attraction, 412410, Pune, Maharashtra, IN",Parvati sunset view point,Tourist attraction,attractions,Tourist attraction,,"Gomataseva Pratistan, Near Laxmi Nagar, 61/487, Shahu College Rd, Parvati Hills, Parvati Paytha, Pune, Maharashtra 411009","Parvati Hills, Parvati Paytha",Pune,411009,18.4969344,73.8460747,4.4,78,"https://search.google.com/local/reviews?placeid=ChIJfyUhrO3BwjsRgX_2ye9ha4s&q=tourist+attraction,+412410,+Pune,+Maharashtra,+IN&authuser=0&hl=en&gl=IN",1,2,5,26,44,,,OPERATIONAL,"{""Children"": {""Good for kids"": true}}",,0,,,,,"https://www.google.com/maps/place/Parvati+sunset+view+point/@18.4969344,73.8460747,14z/data=!4m8!1m2!2m1!1sParvati+sunset+view+point!3m4!1s0x3bc2c1edac21257f:0x8b6b61efc9f67f81!8m2!3d18.4969344!4d73.8460747","https://www.google.com/maps/place/Parvati+sunset+view+point/@18.4969344,73.8460747,13.99z/data=!4m16!1m7!3m6!1s0x3bc2c1edac21257f:0x8b6b61efc9f67f81!2sParvati+sunset+view+point!8m2!3d18.4969344!4d73.8460747!16s%2Fg%2F11ckvg1dmb!3m7!1s0x3bc2c1edac21257f:0x8b6b61efc9f67f81!8m2!3d18.4969344!4d73.8460747!9m1!1b1!16s%2Fg%2F11ckvg1dmb?entry=ttu",ChIJfyUhrO3BwjsRgX_2ye9ha4s,0x3bc2c1edac21257f:0x8b6b61efc9f67f81,1.00462310762935E+019,/g/11qpyxs1wf,-8400512997416075391
"tourist attraction, 412410, Pune, Maharashtra, IN",Rahul Bhagwat Fharm House,Tourist attraction,attractions,Tourist attraction,,"At Post Alephata, Oppo Sant Dnyaneshwar Nager Society Shinde Bhamhne Mala Road Alephata Taluka Junnar Dist, Ale, Maharashtra 412411",,Ale,412411,19.1781091,74.0938144,1,1,"https://search.google.com/local/reviews?placeid=ChIJMTqTDkUj3TsRIvCq9_rptcw&q=tourist+attraction,+412410,+Pune,+Maharashtra,+IN&authuser=0&hl=en&gl=IN",1,0,0,0,0,"{""Monday"": ""Open 24 hours"", ""Tuesday"": ""Open 24 hours"", ""Wednesday"": ""Open 24 hours"", ""Thursday"": ""Open 24 hours"", ""Friday"": ""Open 24 hours"", ""Saturday"": ""Open 24 hours"", ""Sunday"": ""Closed""}",,OPERATIONAL,"{""Children"": {""Good for kids"": true}}",,1,106096923832156704610,,,,"https://www.google.com/maps/place/Rahul+Bhagwat+Fharm+House/@19.1781091,74.0938144,14z/data=!4m8!1m2!2m1!1sRahul+Bhagwat+Fharm+House!3m4!1s0x3bdd23450e933a31:0xccb5e9faf7aaf022!8m2!3d19.1781091!4d74.0938144","https://www.google.com/maps/place/Rahul+Bhagwat+Fharm+House/@19.1781091,74.0938144,13.99z/data=!4m16!1m7!3m6!1s0x3bdd23450e933a31:0xccb5e9faf7aaf022!2sRahul+Bhagwat+Fharm+House!8m2!3d19.1781091!4d74.0938144!16s%2Fg%2F11ckvg1dmb!3m7!1s0x3bdd23450e933a31:0xccb5e9faf7aaf022!8m2!3d19.1781091!4d74.0938144!9m1!1b1!16s%2Fg%2F11ckvg1dmb?entry=ttu",ChIJMTqTDkUj3TsRIvCq9_rptcw,0x3bdd23450e933a31:0xccb5e9faf7aaf022,1.47509534186282E+019,/g/11t8992sv1,-3695790655081353182
"tourist attraction, 412410, Pune, Maharashtra, IN",Narayangad Fort,"Tourist attraction, Historical landmark, Hiking area",attractions,Tourist attraction,,"427M+9FR, Gadachiwadi, Narayangaon, Maharashtra 410504",Gadachiwadi,Narayangaon,410504,19.1134848,74.0336332,4.5,270,"https://search.google.com/local/reviews?placeid=ChIJs7eyUswk3TsRF-VhuJ8GLqw&q=tourist+attraction,+412410,+Pune,+Maharashtra,+IN&authuser=0&hl=en&gl=IN",9,4,13,53,191,"{""Monday"": ""Open 24 hours"", ""Tuesday"": ""Open 24 hours"", ""Wednesday"": ""Open 24 hours"", ""Thursday"": ""Open 24 hours"", ""Friday"": ""Open 24 hours"", ""Saturday"": ""Open 24 hours"", ""Sunday"": ""Open 24 hours""}",,OPERATIONAL,"{""Accessibility"": {""Wheelchair-accessible entrance"": false}, ""Children"": {""Good for kids"": true}}",,0,,,,,"https://www.google.com/maps/place/Narayangad+Fort/@19.1134848,74.0336332,14z/data=!4m8!1m2!2m1!1sNarayangad+Fort!3m4!1s0x3bdd24cc52b2b7b3:0xac2e069fb861e517!8m2!3d19.1134848!4d74.0336332","https://www.google.com/maps/place/Narayangad+Fort/@19.1134848,74.0336332,13.99z/data=!4m16!1m7!3m6!1s0x3bdd24cc52b2b7b3:0xac2e069fb861e517!2sNarayangad+Fort!8m2!3d19.1134848!4d74.0336332!16s%2Fg%2F11ckvg1dmb!3m7!1s0x3bdd24cc52b2b7b3:0xac2e069fb861e517!8m2!3d19.1134848!4d74.0336332!9m1!1b1!16s%2Fg%2F11ckvg1dmb?entry=ttu",ChIJs7eyUswk3TsRF-VhuJ8GLqw,0x3bdd24cc52b2b7b3:0xac2e069fb861e517,1.24068613065153E+019,/m/0bs85fg,-6039882767194266345
"tourist attraction, 412410, Pune, Maharashtra, IN",Ane Ghat,Tourist attraction,attractions,Tourist attraction,,"46X8+XFV, Ane, Maharashtra 412410",,Ane,412410,19.1499875,74.2161592,4.5,32,"https://search.google.com/local/reviews?placeid=ChIJDavDCnkn3TsRFWYjDLO-8EQ&q=tourist+attraction,+412410,+Pune,+Maharashtra,+IN&authuser=0&hl=en&gl=IN",0,1,2,8,21,,,OPERATIONAL,"{""Children"": {""Good for kids"": true}}",,0,,,,,"https://www.google.com/maps/place/Ane+Ghat/@19.149987499999998,74.21615919999999,14z/data=!4m8!1m2!2m1!1sAne+Ghat!3m4!1s0x3bdd27790ac3ab0d:0x44f0beb30c236615!8m2!3d19.149987499999998!4d74.21615919999999","https://www.google.com/maps/place/Ane+Ghat/@19.149987499999998,74.21615919999999,13.99z/data=!4m16!1m7!3m6!1s0x3bdd27790ac3ab0d:0x44f0beb30c236615!2sAne+Ghat!8m2!3d19.149987499999998!4d74.21615919999999!16s%2Fg%2F11ckvg1dmb!3m7!1s0x3bdd27790ac3ab0d:0x44f0beb30c236615!8m2!3d19.149987499999998!4d74.21615919999999!9m1!1b1!16s%2Fg%2F11ckvg1dmb?entry=ttu",ChIJDavDCnkn3TsRFWYjDLO-8EQ,0x3bdd27790ac3ab0d:0x44f0beb30c236615,4.96768006520173E+018,/g/11s0tksbdc,4967680065201726997
"tourist attraction, 412410, Pune, Maharashtra, IN",Tambat Haud,Historical landmark,Historical landmark,Historical landmark,,"Lunanagar, Kasba Peth, Pune, Maharashtra 411011","Lunanagar, Kasba Peth",Pune,411011,18.5209595,73.857872,4.1,78,"https://search.google.com/local/reviews?placeid=ChIJY18ptGXAwjsRDx-X7GKA8i0&q=tourist+attraction,+412410,+Pune,+Maharashtra,+IN&authuser=0&hl=en&gl=IN",6,1,13,20,38,"{""Monday"": ""8am-9:30pm"", ""Tuesday"": ""8am-9:30pm"", ""Wednesday"": ""8am-9:30pm"", ""Thursday"": ""8am-9:30pm"", ""Friday"": ""8am-9:30pm"", ""Saturday"": ""8am-9:30pm"", ""Sunday"": ""8am-9:30pm""}",,OPERATIONAL,"{""Accessibility"": {""Wheelchair-accessible entrance"": false}, ""Children"": {""Good for kids"": true}}",,1,114518072102755043266,,,,"https://www.google.com/maps/place/Tambat+Haud/@18.5209595,73.857872,14z/data=!4m8!1m2!2m1!1sTambat+Haud!3m4!1s0x3bc2c065b4295f63:0x2df28062ec971f0f!8m2!3d18.5209595!4d73.857872","https://www.google.com/maps/place/Tambat+Haud/@18.5209595,73.857872,13.99z/data=!4m16!1m7!3m6!1s0x3bc2c065b4295f63:0x2df28062ec971f0f!2sTambat+Haud!8m2!3d18.5209595!4d73.857872!16s%2Fg%2F11ckvg1dmb!3m7!1s0x3bc2c065b4295f63:0x2df28062ec971f0f!8m2!3d18.5209595!4d73.857872!9m1!1b1!16s%2Fg%2F11ckvg1dmb?entry=ttu",ChIJY18ptGXAwjsRDx-X7GKA8i0,0x3bc2c065b4295f63:0x2df28062ec971f0f,3.31084983843521E+018,/g/11fz65jg4j,3310849838435213071
"tourist attraction, 412410, Pune, Maharashtra, IN","TMBi Seven Hills , ️",Tourist attraction,attractions,Tourist attraction,,"45CC+48X, Belhe, Maharashtra 412410",,Belhe,412410,19.12035,74.170857,4,1,"https://search.google.com/local/reviews?placeid=ChIJ0X-_JyUn3TsRDDYMfCLmHLw&q=tourist+attraction,+412410,+Pune,+Maharashtra,+IN&authuser=0&hl=en&gl=IN",0,0,0,1,0,,,OPERATIONAL,"{""Children"": {""Good for kids"": true}}",,0,,,,,"https://www.google.com/maps/place/TMBi+Seven+Hills+%2C+%EF%B8%8F/@19.12035,74.170857,14z/data=!4m8!1m2!2m1!1sTMBi+Seven+Hills+%2C+%EF%B8%8F!3m4!1s0x3bdd272527bf7fd1:0xbc1ce6227c0c360c!8m2!3d19.12035!4d74.170857","https://www.google.com/maps/place/TMBi+Seven+Hills+%2C+%EF%B8%8F/@19.12035,74.170857,13.99z/data=!4m16!1m7!3m6!1s0x3bdd272527bf7fd1:0xbc1ce6227c0c360c!2sTMBi+Seven+Hills+%2C+%EF%B8%8F!8m2!3d19.12035!4d74.170857!16s%2Fg%2F11ckvg1dmb!3m7!1s0x3bdd272527bf7fd1:0xbc1ce6227c0c360c!8m2!3d19.12035!4d74.170857!9m1!1b1!16s%2Fg%2F11ckvg1dmb?entry=ttu",ChIJ0X-_JyUn3TsRDDYMfCLmHLw,0x3bdd272527bf7fd1:0xbc1ce6227c0c360c,1.35549620142628E+019,/g/11p747vz5j,13554962014262801932
"tourist attraction, 412410, Pune, Maharashtra, IN",Biradvadi Hill,Tourist attraction,attractions,Tourist attraction,,"QRFP+6PH, Chakan - Ambethan Rd, Biradvadi, Kharabwadi, Maharashtra 410501",,"Biradvadi, Kharabwadi",410501,18.7730736,73.8368552,4.4,24,"https://search.google.com/local/reviews?placeid=ChIJ47eaW4e1wjsRYzRPxn-JKOw&q=tourist+attraction,+412410,+Pune,+Maharashtra,+IN&authuser=0&hl=en&gl=IN",2,0,2,3,17,,,OPERATIONAL,"{""Children"": {""Good for kids"": true}}",,0,,,,,"https://www.google.com/maps/place/Biradvadi+Hill/@18.7730736,73.8368552,14z/data=!4m8!1m2!2m1!1sBiradvadi+Hill!3m4!1s0x3bc2b5875b9ab7e3:0xec28897fc64f3463!8m2!3d18.7730736!4d73.8368552","https://www.google.com/maps/place/Biradvadi+Hill/@18.7730736,73.8368552,13.99z/data=!4m16!1m7!3m6!1s0x3bc2b5875b9ab7e3:0xec28897fc64f3463!2sBiradvadi+Hill!8m2!3d18.7730736!4d73.8368552!16s%2Fg%2F11ckvg1dmb!3m7!1s0x3bc2b5875b9ab7e3:0xec28897fc64f3463!8m2!3d18.7730736!4d73.8368552!9m1!1b1!16s%2Fg%2F11ckvg1dmb?entry=ttu",ChIJ47eaW4e1wjsRYzRPxn-JKOw,0x3bc2b5875b9ab7e3:0xec28897fc64f3463,1.70170023739004E+019,/g/11ncmtwjgw,-1429741699809201053
"tourist attraction, 412410, Pune, Maharashtra, IN",I LOVE WAKAD Selfie Point,Tourist attraction,attractions,Tourist attraction,+91 1800 120 8040,"Survey Number: 210/3, Plot Number: 128 Pratham Society, Kaveri Nagar, Pune, Maharashtra 411029","Kaveri Nagar, Wakad","Pune, Pimpri-Chinchwad",411029,18.6051505,73.7703596,4.3,456,"https://search.google.com/local/reviews?placeid=ChIJuY8fN9i5wjsRZhwaPhnrRnQ&q=tourist+attraction,+412410,+Pune,+Maharashtra,+IN&authuser=0&hl=en&gl=IN",24,11,47,99,275,"{""Monday"": ""Open 24 hours"", ""Tuesday"": ""Open 24 hours"", ""Wednesday"": ""Open 24 hours"", ""Thursday"": ""Open 24 hours"", ""Friday"": ""Open 24 hours"", ""Saturday"": ""Open 24 hours"", ""Sunday"": ""Open 24 hours""}",,OPERATIONAL,"{""Accessibility"": {""Wheelchair-accessible car park"": true, ""Wheelchair-accessible entrance"": true}, ""Children"": {""Good for kids"": true}}",,1,113735231688208351101,,,,"https://www.google.com/maps/place/I+LOVE+WAKAD+Selfie+Point/@18.6051505,73.77035959999999,14z/data=!4m8!1m2!2m1!1sI+LOVE+WAKAD+Selfie+Point!3m4!1s0x3bc2b9d8371f8fb9:0x7446eb193e1a1c66!8m2!3d18.6051505!4d73.77035959999999","https://www.google.com/maps/place/I+LOVE+WAKAD+Selfie+Point/@18.6051505,73.77035959999999,13.99z/data=!4m16!1m7!3m6!1s0x3bc2b9d8371f8fb9:0x7446eb193e1a1c66!2sI+LOVE+WAKAD+Selfie+Point!8m2!3d18.6051505!4d73.77035959999999!16s%2Fg%2F11ckvg1dmb!3m7!1s0x3bc2b9d8371f8fb9:0x7446eb193e1a1c66!8m2!3d18.6051505!4d73.77035959999999!9m1!1b1!16s%2Fg%2F11ckvg1dmb?entry=ttu",ChIJuY8fN9i5wjsRZhwaPhnrRnQ,0x3bc2b9d8371f8fb9:0x7446eb193e1a1c66,8.378642650418E+018,/g/11rfqhn0nt,8378642650417994854
"tourist attraction, 412410, Pune, Maharashtra, IN",Sulaka Fort/Dongar,Tourist attraction,attractions,Tourist attraction,,"33CH+8GX, Sultanpur, Maharashtra 410504",,Sultanpur,410504,19.0708605,74.0788468,5,3,"https://search.google.com/local/reviews?placeid=ChIJgdxTPNYl3TsRhCQ9EUa58Rc&q=tourist+attraction,+412410,+Pune,+Maharashtra,+IN&authuser=0&hl=en&gl=IN",0,0,0,0,3,"{""Monday"": ""Open 24 hours"", ""Tuesday"": ""Open 24 hours"", ""Wednesday"": ""Open 24 hours"", ""Thursday"": ""Open 24 hours"", ""Friday"": ""Open 24 hours"", ""Saturday"": ""Open 24 hours"", ""Sunday"": ""Open 24 hours""}",,OPERATIONAL,"{""Children"": {""Good for kids"": true}}",,0,,,,,"https://www.google.com/maps/place/Sulaka+Fort%2FDongar/@19.0708605,74.0788468,14z/data=!4m8!1m2!2m1!1sSulaka+Fort%2FDongar!3m4!1s0x3bdd25d63c53dc81:0x17f1b946113d2484!8m2!3d19.0708605!4d74.0788468","https://www.google.com/maps/place/Sulaka+Fort%2FDongar/@19.0708605,74.0788468,13.99z/data=!4m16!1m7!3m6!1s0x3bdd25d63c53dc81:0x17f1b946113d2484!2sSulaka+Fort%2FDongar!8m2!3d19.0708605!4d74.0788468!16s%2Fg%2F11ckvg1dmb!3m7!1s0x3bdd25d63c53dc81:0x17f1b946113d2484!8m2!3d19.0708605!4d74.0788468!9m1!1b1!16s%2Fg%2F11ckvg1dmb?entry=ttu",ChIJgdxTPNYl3TsRhCQ9EUa58Rc,0x3bdd25d63c53dc81:0x17f1b946113d2484,1.72536384284768E+018,/g/11q8fr3_6l,1725363842847679620
"tourist attraction, 412410, Pune, Maharashtra, IN",Dehu Sunset point,Tourist attraction,attractions,Tourist attraction,,"Ghatha Mandir Rd, Dehu, Maharashtra 412109",,Dehu,412109,18.7277664,73.7669425,4.6,202,"https://search.google.com/local/reviews?placeid=ChIJ5epv_SW3wjsR7smdpAQhLyY&q=tourist+attraction,+412410,+Pune,+Maharashtra,+IN&authuser=0&hl=en&gl=IN",3,5,8,36,150,"{""Monday"": ""9am-5pm"", ""Tuesday"": ""9am-5pm"", ""Wednesday"": ""9am-5pm"", ""Thursday"": ""9am-5pm"", ""Friday"": ""9am-5pm"", ""Saturday"": ""9am-5pm"", ""Sunday"": ""9am-5pm""}",,OPERATIONAL,"{""Accessibility"": {""Wheelchair-accessible car park"": true}, ""Children"": {""Good for kids"": true}}",,1,100333384604627759916,,,,"https://www.google.com/maps/place/Dehu+Sunset+point/@18.7277664,73.7669425,14z/data=!4m8!1m2!2m1!1sDehu+Sunset+point!3m4!1s0x3bc2b725fd6feae5:0x262f2104a49dc9ee!8m2!3d18.7277664!4d73.7669425","https://www.google.com/maps/place/Dehu+Sunset+point/@18.7277664,73.7669425,13.99z/data=!4m16!1m7!3m6!1s0x3bc2b725fd6feae5:0x262f2104a49dc9ee!2sDehu+Sunset+point!8m2!3d18.7277664!4d73.7669425!16s%2Fg%2F11ckvg1dmb!3m7!1s0x3bc2b725fd6feae5:0x262f2104a49dc9ee!8m2!3d18.7277664!4d73.7669425!9m1!1b1!16s%2Fg%2F11ckvg1dmb?entry=ttu",ChIJ5epv_SW3wjsR7smdpAQhLyY,0x3bc2b725fd6feae5:0x262f2104a49dc9ee,2.75145420117205E+018,/g/11ry25201v,2751454201172052462
"tourist attraction, 412410, Pune, Maharashtra, IN",Bagul Udyan,"Tourist attraction, Park",attractions,Tourist attraction,,"Tapodhan Society, Sivadarshan Poorgrasta Vasahat, Parvati Paytha, Pune, Maharashtra 411009","Tapodhan Society, Sivadarshan Poorgrasta Vasahat, Parvati Paytha",Pune,411009,18.4910317,73.850896,4.2,2831,"https://search.google.com/local/reviews?placeid=ChIJQefo-QTAwjsR2NdHUYcrabM&q=tourist+attraction,+412410,+Pune,+Maharashtra,+IN&authuser=0&hl=en&gl=IN",95,90,397,950,1299,"{""Monday"": ""6-10am,4-8:30pm"", ""Tuesday"": ""6-10am,4-8:30pm"", ""Wednesday"": ""6-10am,4-8:30pm"", ""Thursday"": ""6-10am,4-8:30pm"", ""Friday"": ""6-10am,4-8:30pm"", ""Saturday"": ""6-10am,4-8:30pm"", ""Sunday"": ""6-10am,4-8:30pm""}",,OPERATIONAL,"{""Accessibility"": {""Wheelchair-accessible car park"": true, ""Wheelchair-accessible entrance"": true}, ""Amenities"": {""Public restroom"": true, ""Slides"": true, ""Swings"": true}, ""Children"": {""Good for kids"": true, ""Playground"": true}}","Outdoor venue featuring displays with jungle animal statues, plus a nighttime laser fountain show.",1,100567699296638652643,,,,"https://www.google.com/maps/place/Bagul+Udyan/@18.4910317,73.85089599999999,14z/data=!4m8!1m2!2m1!1sBagul+Udyan!3m4!1s0x3bc2c004f9e8e741:0xb3692b875147d7d8!8m2!3d18.4910317!4d73.85089599999999","https://www.google.com/maps/place/Bagul+Udyan/@18.4910317,73.85089599999999,13.99z/data=!4m16!1m7!3m6!1s0x3bc2c004f9e8e741:0xb3692b875147d7d8!2sBagul+Udyan!8m2!3d18.4910317!4d73.85089599999999!16s%2Fg%2F11ckvg1dmb!3m7!1s0x3bc2c004f9e8e741:0xb3692b875147d7d8!8m2!3d18.4910317!4d73.85089599999999!9m1!1b1!16s%2Fg%2F11ckvg1dmb?entry=ttu",ChIJQefo-QTAwjsR2NdHUYcrabM,0x3bc2c004f9e8e741:0xb3692b875147d7d8,1.2927912065528E+019,/g/1th6c8tz,-5518832008181590056
"tourist attraction, 412410, Pune, Maharashtra, IN",The Bridge,Historical landmark,Historical landmark,Historical landmark,,"Cluster_pune (M Corp.) 203 Allure Apartment, KAPIL TRANQUIL GREENS SOCIETY, Baner, Pune, Maharashtra 411045",Baner,Pune,411045,18.5613347,73.7958195,5,6,"https://search.google.com/local/reviews?placeid=ChIJJ0xxPIy_wjsRjxnw-MpXgqc&q=tourist+attraction,+412410,+Pune,+Maharashtra,+IN&authuser=0&hl=en&gl=IN",0,0,0,0,6,"{""Monday"": ""12-9pm"", ""Tuesday"": ""12-9pm"", ""Wednesday"": ""12-9pm"", ""Thursday"": ""12-9pm"", ""Friday"": ""12-9pm"", ""Saturday"": ""12-9pm"", ""Sunday"": ""12-9pm""}",,OPERATIONAL,"{""Children"": {""Good for kids"": true}}",,0,,,,,"https://www.google.com/maps/place/The+Bridge/@18.5613347,73.7958195,14z/data=!4m8!1m2!2m1!1sThe+Bridge!3m4!1s0x3bc2bf8c3c714c27:0xa78257caf8f0198f!8m2!3d18.5613347!4d73.7958195","https://www.google.com/maps/place/The+Bridge/@18.5613347,73.7958195,13.99z/data=!4m16!1m7!3m6!1s0x3bc2bf8c3c714c27:0xa78257caf8f0198f!2sThe+Bridge!8m2!3d18.5613347!4d73.7958195!16s%2Fg%2F11ckvg1dmb!3m7!1s0x3bc2bf8c3c714c27:0xa78257caf8f0198f!8m2!3d18.5613347!4d73.7958195!9m1!1b1!16s%2Fg%2F11ckvg1dmb?entry=ttu",ChIJJ0xxPIy_wjsRjxnw-MpXgqc,0x3bc2bf8c3c714c27:0xa78257caf8f0198f,1.20703064805779E+019,/g/11rvhsv4b_,-6376437593131705969
"tourist attraction, 412410, Pune, Maharashtra, IN",Historic Pandav's Barav,"Tourist attraction, Historical landmark",attractions,Tourist attraction,,"Maruti Mandir Rd, Peth, Manchar, Maharashtra 410503",Peth,Manchar,410503,19.0049269,73.9402591,4.5,109,"https://search.google.com/local/reviews?placeid=ChIJ6fi_LRox3TsR6VkFi1cKF2U&q=tourist+attraction,+412410,+Pune,+Maharashtra,+IN&authuser=0&hl=en&gl=IN",4,2,6,17,80,,,OPERATIONAL,"{""Accessibility"": {""Wheelchair-accessible car park"": true, ""Wheelchair-accessible entrance"": true}, ""Children"": {""Good for kids"": true}}",,1,100702325128331029226,,,,"https://www.google.com/maps/place/Historic+Pandav%27s+Barav/@19.004926899999997,73.94025909999999,14z/data=!4m8!1m2!2m1!1sHistoric+Pandav%27s+Barav!3m4!1s0x3bdd311a2dbff8e9:0x65170a578b0559e9!8m2!3d19.004926899999997!4d73.94025909999999","https://www.google.com/maps/place/Historic+Pandav%27s+Barav/@19.004926899999997,73.94025909999999,13.99z/data=!4m16!1m7!3m6!1s0x3bdd311a2dbff8e9:0x65170a578b0559e9!2sHistoric+Pandav%27s+Barav!8m2!3d19.004926899999997!4d73.94025909999999!16s%2Fg%2F11ckvg1dmb!3m7!1s0x3bdd311a2dbff8e9:0x65170a578b0559e9!8m2!3d19.004926899999997!4d73.94025909999999!9m1!1b1!16s%2Fg%2F11ckvg1dmb?entry=ttu",ChIJ6fi_LRox3TsR6VkFi1cKF2U,0x3bdd311a2dbff8e9:0x65170a578b0559e9,7.28430229340588E+018,/g/11lh1xhpcg,7284302293405882857
"tourist attraction, 412410, Pune, Maharashtra, IN",Induri Fort,Fortress,attractions,Fortress,,"Talegaon-Chakan Rd, Talwade, Induri, Pimpri-Chinchwad, Maharashtra 410507",Talwade,"Induri, Pimpri-Chinchwad",410507,18.7360858,73.714115,4.1,348,"https://search.google.com/local/reviews?placeid=ChIJ1cs0NnCxwjsRkOBg3TnJt9k&q=tourist+attraction,+412410,+Pune,+Maharashtra,+IN&authuser=0&hl=en&gl=IN",23,14,41,82,188,"{""Monday"": ""Open 24 hours"", ""Tuesday"": ""Open 24 hours"", ""Wednesday"": ""Open 24 hours"", ""Thursday"": ""Open 24 hours"", ""Friday"": ""Open 24 hours"", ""Saturday"": ""Open 24 hours"", ""Sunday"": ""Open 24 hours""}",,OPERATIONAL,"{""Accessibility"": {""Wheelchair-accessible car park"": true, ""Wheelchair-accessible entrance"": true}, ""Children"": {""Good for kids"": true}, ""Parking"": {""Free parking lot"": true}}",,1,111310396597621060991,,,,"https://www.google.com/maps/place/Induri+Fort/@18.736085799999998,73.71411499999999,14z/data=!4m8!1m2!2m1!1sInduri+Fort!3m4!1s0x3bc2b1703634cbd5:0xd9b7c939dd60e090!8m2!3d18.736085799999998!4d73.71411499999999","https://www.google.com/maps/place/Induri+Fort/@18.736085799999998,73.71411499999999,13.99z/data=!4m16!1m7!3m6!1s0x3bc2b1703634cbd5:0xd9b7c939dd60e090!2sInduri+Fort!8m2!3d18.736085799999998!4d73.71411499999999!16s%2Fg%2F11ckvg1dmb!3m7!1s0x3bc2b1703634cbd5:0xd9b7c939dd60e090!8m2!3d18.736085799999998!4d73.71411499999999!9m1!1b1!16s%2Fg%2F11ckvg1dmb?entry=ttu",ChIJ1cs0NnCxwjsRkOBg3TnJt9k,0x3bc2b1703634cbd5:0xd9b7c939dd60e090,1.56882290773328E+019,/g/11fqqf7jxm,-2758514996376706928
"tourist attraction, 412410, Pune, Maharashtra, IN",Korthan state Hingway 368,Tourist attraction,attractions,Tourist attraction,,"456F+WRQ, Belhe, Maharashtra 412410",,Belhe,412410,19.1123293,74.1745953,5,1,"https://search.google.com/local/reviews?placeid=ChIJH5uWusQn3TsRAC4_y3T6xJQ&q=tourist+attraction,+412410,+Pune,+Maharashtra,+IN&authuser=0&hl=en&gl=IN",0,0,0,0,1,,,OPERATIONAL,"{""Children"": {""Good for kids"": true}}",,0,,,,,"https://www.google.com/maps/place/Korthan+state+Hingway+368/@19.1123293,74.1745953,14z/data=!4m8!1m2!2m1!1sKorthan+state+Hingway+368!3m4!1s0x3bdd27c4ba969b1f:0x94c4fa74cb3f2e00!8m2!3d19.1123293!4d74.1745953","https://www.google.com/maps/place/Korthan+state+Hingway+368/@19.1123293,74.1745953,13.99z/data=!4m16!1m7!3m6!1s0x3bdd27c4ba969b1f:0x94c4fa74cb3f2e00!2sKorthan+state+Hingway+368!8m2!3d19.1123293!4d74.1745953!16s%2Fg%2F11ckvg1dmb!3m7!1s0x3bdd27c4ba969b1f:0x94c4fa74cb3f2e00!8m2!3d19.1123293!4d74.1745953!9m1!1b1!16s%2Fg%2F11ckvg1dmb?entry=ttu",ChIJH5uWusQn3TsRAC4_y3T6xJQ,0x3bdd27c4ba969b1f:0x94c4fa74cb3f2e00,1.07199683925817E+019,/g/11tn_8lc3l,-7726775681127862784
"tourist attraction, 412410, Pune, Maharashtra, IN",Khabadi waterfalls,Tourist attraction,attractions,Tourist attraction,,"55R9+2GC, Nalawane Rd, Unchkhadakwadi, Maharashtra 412411",,Unchkhadakwadi,412411,19.1900674,74.1687625,4.8,14,"https://search.google.com/local/reviews?placeid=ChIJixilUOIh3TsRZEvTmjyKBZw&q=tourist+attraction,+412410,+Pune,+Maharashtra,+IN&authuser=0&hl=en&gl=IN",0,0,0,3,11,,,OPERATIONAL,"{""Accessibility"": {""Wheelchair-accessible car park"": false, ""Wheelchair-accessible entrance"": false}, ""Children"": {""Good for kids"": true}}",,0,,,,,"https://www.google.com/maps/place/Khabadi+waterfalls/@19.1900674,74.1687625,14z/data=!4m8!1m2!2m1!1sKhabadi+waterfalls!3m4!1s0x3bdd21e250a5188b:0x9c058a3c9ad34b64!8m2!3d19.1900674!4d74.1687625","https://www.google.com/maps/place/Khabadi+waterfalls/@19.1900674,74.1687625,13.99z/data=!4m16!1m7!3m6!1s0x3bdd21e250a5188b:0x9c058a3c9ad34b64!2sKhabadi+waterfalls!8m2!3d19.1900674!4d74.1687625!16s%2Fg%2F11ckvg1dmb!3m7!1s0x3bdd21e250a5188b:0x9c058a3c9ad34b64!8m2!3d19.1900674!4d74.1687625!9m1!1b1!16s%2Fg%2F11ckvg1dmb?entry=ttu",ChIJixilUOIh3TsRZEvTmjyKBZw,0x3bdd21e250a5188b:0x9c058a3c9ad34b64,1.12425440377005E+019,/g/11ky9wkpf7,-7204200036009030812
"tourist attraction, 412410, Pune, Maharashtra, IN","Tefra ash layer patch,Bori Bk junnar",Tourist attraction,attractions,Tourist attraction,,"437W+5P6 Kukadi River, Bori, Bori Bk., Maharashtra 412411",,"Bori, Bori Bk.",412411,19.1129112,74.0967578,4.9,7,"https://search.google.com/local/reviews?placeid=ChIJK1utdJwl3TsRgC-YmwN6L_w&q=tourist+attraction,+412410,+Pune,+Maharashtra,+IN&authuser=0&hl=en&gl=IN",0,0,0,1,6,"{""Monday"": ""Open 24 hours"", ""Tuesday"": ""Open 24 hours"", ""Wednesday"": ""Open 24 hours"", ""Thursday"": ""Open 24 hours"", ""Friday"": ""Open 24 hours"", ""Saturday"": ""Open 24 hours"", ""Sunday"": ""Open 24 hours""}",,OPERATIONAL,"{""Children"": {""Good for kids"": true}}",,0,,,,,"https://www.google.com/maps/place/Tefra+ash+layer+patch%2CBori+Bk+junnar/@19.1129112,74.09675779999999,14z/data=!4m8!1m2!2m1!1sTefra+ash+layer+patch%2CBori+Bk+junnar!3m4!1s0x3bdd259c74ad5b2b:0xfc2f7a039b982f80!8m2!3d19.1129112!4d74.09675779999999","https://www.google.com/maps/place/Tefra+ash+layer+patch%2CBori+Bk+junnar/@19.1129112,74.09675779999999,13.99z/data=!4m16!1m7!3m6!1s0x3bdd259c74ad5b2b:0xfc2f7a039b982f80!2sTefra+ash+layer+patch%2CBori+Bk+junnar!8m2!3d19.1129112!4d74.09675779999999!16s%2Fg%2F11ckvg1dmb!3m7!1s0x3bdd259c74ad5b2b:0xfc2f7a039b982f80!8m2!3d19.1129112!4d74.09675779999999!9m1!1b1!16s%2Fg%2F11ckvg1dmb?entry=ttu",ChIJK1utdJwl3TsRgC-YmwN6L_w,0x3bdd259c74ad5b2b:0xfc2f7a039b982f80,1.81718771773772E+019,/g/11mxygxz83,-274866896332378240
"tourist attraction, 412410, Pune, Maharashtra, IN",प्राचीन पुष्करणी.,Tourist attraction,attractions,Tourist attraction,,"456H+P5W, Belhe, Maharashtra 412410",,Belhe,412410,19.1118595,74.1779454,4.8,4,"https://search.google.com/local/reviews?placeid=ChIJQ-zKcLsn3TsRHLbdYYONj_k&q=tourist+attraction,+412410,+Pune,+Maharashtra,+IN&authuser=0&hl=en&gl=IN",0,0,0,1,3,,,OPERATIONAL,"{""Children"": {""Good for kids"": true}}",,0,,,,,"https://www.google.com/maps/place/%E0%A4%AA%E0%A5%8D%E0%A4%B0%E0%A4%BE%E0%A4%9A%E0%A5%80%E0%A4%A8+%E0%A4%AA%E0%A5%81%E0%A4%B7%E0%A5%8D%E0%A4%95%E0%A4%B0%E0%A4%A3%E0%A5%80./@19.111859499999998,74.1779454,14z/data=!4m8!1m2!2m1!1s%E0%A4%AA%E0%A5%8D%E0%A4%B0%E0%A4%BE%E0%A4%9A%E0%A5%80%E0%A4%A8+%E0%A4%AA%E0%A5%81%E0%A4%B7%E0%A5%8D%E0%A4%95%E0%A4%B0%E0%A4%A3%E0%A5%80.!3m4!1s0x3bdd27bb70caec43:0xf98f8d8361ddb61c!8m2!3d19.111859499999998!4d74.1779454","https://www.google.com/maps/place/%E0%A4%AA%E0%A5%8D%E0%A4%B0%E0%A4%BE%E0%A4%9A%E0%A5%80%E0%A4%A8+%E0%A4%AA%E0%A5%81%E0%A4%B7%E0%A5%8D%E0%A4%95%E0%A4%B0%E0%A4%A3%E0%A5%80./@19.111859499999998,74.1779454,13.99z/data=!4m16!1m7!3m6!1s0x3bdd27bb70caec43:0xf98f8d8361ddb61c!2s%E0%A4%AA%E0%A5%8D%E0%A4%B0%E0%A4%BE%E0%A4%9A%E0%A5%80%E0%A4%A8+%E0%A4%AA%E0%A5%81%E0%A4%B7%E0%A5%8D%E0%A4%95%E0%A4%B0%E0%A4%A3%E0%A5%80.!8m2!3d19.111859499999998!4d74.1779454!16s%2Fg%2F11ckvg1dmb!3m7!1s0x3bdd27bb70caec43:0xf98f8d8361ddb61c!8m2!3d19.111859499999998!4d74.1779454!9m1!1b1!16s%2Fg%2F11ckvg1dmb?entry=ttu",ChIJQ-zKcLsn3TsRHLbdYYONj_k,0x3bdd27bb70caec43:0xf98f8d8361ddb61c,1.79827474325358E+019,/g/11p74bw3g8,-463996641173719524
"tourist attraction, 412410, Pune, Maharashtra, IN",Natural Stone Bridge (नैसगि॔क दगडी पुल),Tourist attraction,attractions,Tourist attraction,,"5628+HRP, Natural Bridge, Gulunchwadi, Ane Ghat, National Highway 222, Ane, Maharashtra 412410",,Ane,412410,19.1514726,74.2170698,4.8,59,"https://search.google.com/local/reviews?placeid=ChIJFV52AtEn3TsR90V6JPtLW2s&q=tourist+attraction,+412410,+Pune,+Maharashtra,+IN&authuser=0&hl=en&gl=IN",0,0,3,8,48,,,OPERATIONAL,"{""Children"": {""Good for kids"": true}}",,0,,,,,"https://www.google.com/maps/place/Natural+Stone+Bridge+%28%E0%A4%A8%E0%A5%88%E0%A4%B8%E0%A4%97%E0%A4%BF%E0%A5%94%E0%A4%95+%E0%A4%A6%E0%A4%97%E0%A4%A1%E0%A5%80+%E0%A4%AA%E0%A5%81%E0%A4%B2%29/@19.151472599999998,74.21706979999999,14z/data=!4m8!1m2!2m1!1sNatural+Stone+Bridge+%28%E0%A4%A8%E0%A5%88%E0%A4%B8%E0%A4%97%E0%A4%BF%E0%A5%94%E0%A4%95+%E0%A4%A6%E0%A4%97%E0%A4%A1%E0%A5%80+%E0%A4%AA%E0%A5%81%E0%A4%B2%29!3m4!1s0x3bdd27d102765e15:0x6b5b4bfb247a45f7!8m2!3d19.151472599999998!4d74.21706979999999","https://www.google.com/maps/place/Natural+Stone+Bridge+%28%E0%A4%A8%E0%A5%88%E0%A4%B8%E0%A4%97%E0%A4%BF%E0%A5%94%E0%A4%95+%E0%A4%A6%E0%A4%97%E0%A4%A1%E0%A5%80+%E0%A4%AA%E0%A5%81%E0%A4%B2%29/@19.151472599999998,74.21706979999999,13.99z/data=!4m16!1m7!3m6!1s0x3bdd27d102765e15:0x6b5b4bfb247a45f7!2sNatural+Stone+Bridge+%28%E0%A4%A8%E0%A5%88%E0%A4%B8%E0%A4%97%E0%A4%BF%E0%A5%94%E0%A4%95+%E0%A4%A6%E0%A4%97%E0%A4%A1%E0%A5%80+%E0%A4%AA%E0%A5%81%E0%A4%B2%29!8m2!3d19.151472599999998!4d74.21706979999999!16s%2Fg%2F11ckvg1dmb!3m7!1s0x3bdd27d102765e15:0x6b5b4bfb247a45f7!8m2!3d19.151472599999998!4d74.21706979999999!9m1!1b1!16s%2Fg%2F11ckvg1dmb?entry=ttu",ChIJFV52AtEn3TsR90V6JPtLW2s,0x3bdd27d102765e15:0x6b5b4bfb247a45f7,7.73586032695983E+018,/g/11j0q6q2mb,7735860326959826423
"tourist attraction, 412410, Pune, Maharashtra, IN",Shivneri Fort,"Castle, Fortress, Historical landmark",attractions,Castle,+91 90110 17688,"5VV4+65Q, Unnamed Road, Kusur, Junnar, Maharashtra 410502",,"Kusur, Junnar",410502,19.1930949,73.8554709,4.7,7562,"https://search.google.com/local/reviews?placeid=ChIJ_TnZFIU_3TsR4T3HJuEbGJw&q=tourist+attraction,+412410,+Pune,+Maharashtra,+IN&authuser=0&hl=en&gl=IN",192,56,154,690,6470,"{""Monday"": ""7am-6pm"", ""Tuesday"": ""7am-6pm"", ""Wednesday"": ""7am-6pm"", ""Thursday"": ""7am-6pm"", ""Friday"": ""7am-6pm"", ""Saturday"": ""7am-6pm"", ""Sunday"": ""7am-6pm""}",,OPERATIONAL,"{""Service options"": {""On-site services"": true}, ""Children"": {""Good for kids"": true}}",,0,,,,,"https://www.google.com/maps/place/Shivneri+Fort/@19.1930949,73.8554709,14z/data=!4m8!1m2!2m1!1sShivneri+Fort!3m4!1s0x3bdd3f8514d939fd:0x9c181be126c73de1!8m2!3d19.1930949!4d73.8554709","https://www.google.com/maps/place/Shivneri+Fort/@19.1930949,73.8554709,13.99z/data=!4m16!1m7!3m6!1s0x3bdd3f8514d939fd:0x9c181be126c73de1!2sShivneri+Fort!8m2!3d19.1930949!4d73.8554709!16s%2Fg%2F11ckvg1dmb!3m7!1s0x3bdd3f8514d939fd:0x9c181be126c73de1!8m2!3d19.1930949!4d73.8554709!9m1!1b1!16s%2Fg%2F11ckvg1dmb?entry=ttu",ChIJ_TnZFIU_3TsR4T3HJuEbGJw,0x3bdd3f8514d939fd:0x9c181be126c73de1,1.124777072319E+019,/m/032f3_,-7198973350519554591
"tourist attraction, 412410, Pune, Maharashtra, IN",Malshej Ghat veiw point,"Tourist attraction, Photographer, Picnic ground",attractions,Tourist attraction,,"8QVF+P79, Pune, Maharashtra 421401",,Pune,421401,19.34429,73.7732239,4.7,2251,"https://search.google.com/local/reviews?placeid=ChIJAWV2s0ls3TsRIcXv8yvb6Zs&q=tourist+attraction,+412410,+Pune,+Maharashtra,+IN&authuser=0&hl=en&gl=IN",37,8,67,439,1700,"{""Monday"": ""Open 24 hours"", ""Tuesday"": ""Open 24 hours"", ""Wednesday"": ""Open 24 hours"", ""Thursday"": ""Open 24 hours"", ""Friday"": ""Open 24 hours"", ""Saturday"": ""Open 24 hours"", ""Sunday"": ""Open 24 hours""}",,OPERATIONAL,"{""Service options"": {""On-site services"": true}, ""Children"": {""Good for kids"": true}}",,0,,,,,"https://www.google.com/maps/place/Malshej+Ghat+veiw+point/@19.34429,73.77322389999999,14z/data=!4m8!1m2!2m1!1sMalshej+Ghat+veiw+point!3m4!1s0x3bdd6c49b3766501:0x9be9db2bf3efc521!8m2!3d19.34429!4d73.77322389999999","https://www.google.com/maps/place/Malshej+Ghat+veiw+point/@19.34429,73.77322389999999,13.99z/data=!4m16!1m7!3m6!1s0x3bdd6c49b3766501:0x9be9db2bf3efc521!2sMalshej+Ghat+veiw+point!8m2!3d19.34429!4d73.77322389999999!16s%2Fg%2F11ckvg1dmb!3m7!1s0x3bdd6c49b3766501:0x9be9db2bf3efc521!8m2!3d19.34429!4d73.77322389999999!9m1!1b1!16s%2Fg%2F11ckvg1dmb?entry=ttu",ChIJAWV2s0ls3TsRIcXv8yvb6Zs,0x3bdd6c49b3766501:0x9be9db2bf3efc521,1.12347517272751E+019,/g/11ddxgxc_x,-7211992346434484959
"tourist attraction, 412410, Pune, Maharashtra, IN",Charangbaba krushi paryatan,Tourist information center,Tourist information center,Tourist information center,+91 77099 65188,"2539+5XC, Pune, Maharashtra 410504",,Pune,410504,19.0029317,74.1698777,4.2,19,"https://search.google.com/local/reviews?placeid=ChIJyTHVwwkp3TsRiUqUZMNp-58&q=tourist+attraction,+412410,+Pune,+Maharashtra,+IN&authuser=0&hl=en&gl=IN",2,0,1,5,11,"{""Monday"": ""Open 24 hours"", ""Tuesday"": ""Open 24 hours"", ""Wednesday"": ""Open 24 hours"", ""Thursday"": ""Open 24 hours"", ""Friday"": ""Open 24 hours"", ""Saturday"": ""Open 24 hours"", ""Sunday"": ""Open 24 hours""}",,OPERATIONAL,"{""Children"": {""Good for kids"": true}}",,0,,,,,"https://www.google.com/maps/place/Charangbaba+krushi+paryatan/@19.002931699999998,74.1698777,14z/data=!4m8!1m2!2m1!1sCharangbaba+krushi+paryatan!3m4!1s0x3bdd2909c3d531c9:0x9ffb69c364944a89!8m2!3d19.002931699999998!4d74.1698777","https://www.google.com/maps/place/Charangbaba+krushi+paryatan/@19.002931699999998,74.1698777,13.99z/data=!4m16!1m7!3m6!1s0x3bdd2909c3d531c9:0x9ffb69c364944a89!2sCharangbaba+krushi+paryatan!8m2!3d19.002931699999998!4d74.1698777!16s%2Fg%2F11ckvg1dmb!3m7!1s0x3bdd2909c3d531c9:0x9ffb69c364944a89!8m2!3d19.002931699999998!4d74.1698777!9m1!1b1!16s%2Fg%2F11ckvg1dmb?entry=ttu",ChIJyTHVwwkp3TsRiUqUZMNp-58,0x3bdd2909c3d531c9:0x9ffb69c364944a89,1.15279239591119E+019,/g/11c2nbsfbl,-6918820114597655927
"tourist attraction, 412410, Pune, Maharashtra, IN",Dipanjan Lake,Tourist attraction,attractions,Tourist attraction,,"P32C+G8G, Pimpale Jagatap, Maharashtra 412216",,Pimpale Jagatap,412216,18.7013053,74.0708163,4,2,"https://search.google.com/local/reviews?placeid=ChIJGzZNUB3RwjsRNngU7BpJuIQ&q=tourist+attraction,+412410,+Pune,+Maharashtra,+IN&authuser=0&hl=en&gl=IN",0,0,1,0,1,,,OPERATIONAL,"{""Children"": {""Good for kids"": true}}",,0,,,,,"https://www.google.com/maps/place/Dipanjan+Lake/@18.701305299999998,74.07081629999999,14z/data=!4m8!1m2!2m1!1sDipanjan+Lake!3m4!1s0x3bc2d11d504d361b:0x84b8491aec147836!8m2!3d18.701305299999998!4d74.07081629999999","https://www.google.com/maps/place/Dipanjan+Lake/@18.701305299999998,74.07081629999999,13.99z/data=!4m16!1m7!3m6!1s0x3bc2d11d504d361b:0x84b8491aec147836!2sDipanjan+Lake!8m2!3d18.701305299999998!4d74.07081629999999!16s%2Fg%2F11ckvg1dmb!3m7!1s0x3bc2d11d504d361b:0x84b8491aec147836!8m2!3d18.701305299999998!4d74.07081629999999!9m1!1b1!16s%2Fg%2F11ckvg1dmb?entry=ttu",ChIJGzZNUB3RwjsRNngU7BpJuIQ,0x3bc2d11d504d361b:0x84b8491aec147836,9.56347418869999E+018,/g/11rzjhgzlt,-8883269885009561546
"tourist attraction, 412410, Pune, Maharashtra, IN",Peshwe Samadhi,Historical landmark,Historical landmark,Historical landmark,,"FRWW+WMF, Parvati Hills, Parvati Paytha, Pune, Maharashtra 411009","Parvati Hills, Parvati Paytha",Pune,411009,18.4973055,73.8466702,5,7,"https://search.google.com/local/reviews?placeid=ChIJoYySJwnAwjsRijxBbuQt1GA&q=tourist+attraction,+412410,+Pune,+Maharashtra,+IN&authuser=0&hl=en&gl=IN",0,0,0,0,7,"{""Monday"": ""9am-8pm"", ""Tuesday"": ""9am-8pm"", ""Wednesday"": ""9am-8pm"", ""Thursday"": ""9am-8pm"", ""Friday"": ""9am-8pm"", ""Saturday"": ""9am-8pm"", ""Sunday"": ""9am-8pm""}",,OPERATIONAL,"{""Children"": {""Good for kids"": true}}",,0,,,,,"https://www.google.com/maps/place/Peshwe+Samadhi/@18.4973055,73.84667019999999,14z/data=!4m8!1m2!2m1!1sPeshwe+Samadhi!3m4!1s0x3bc2c00927928ca1:0x60d42de46e413c8a!8m2!3d18.4973055!4d73.84667019999999","https://www.google.com/maps/place/Peshwe+Samadhi/@18.4973055,73.84667019999999,13.99z/data=!4m16!1m7!3m6!1s0x3bc2c00927928ca1:0x60d42de46e413c8a!2sPeshwe+Samadhi!8m2!3d18.4973055!4d73.84667019999999!16s%2Fg%2F11ckvg1dmb!3m7!1s0x3bc2c00927928ca1:0x60d42de46e413c8a!8m2!3d18.4973055!4d73.84667019999999!9m1!1b1!16s%2Fg%2F11ckvg1dmb?entry=ttu",ChIJoYySJwnAwjsRijxBbuQt1GA,0x3bc2c00927928ca1:0x60d42de46e413c8a,6.9772521818293E+018,/g/11c2y3_3yl,6977252181829303434
"tourist attraction, 412410, Pune, Maharashtra, IN",Khabdi खबडी,Tourist attraction,attractions,Tourist attraction,,"55M7+RRC, Unchakhadak Road, Unchkhadak Kh, Unchkhadakwadi, Maharashtra",,Unchkhadakwadi,,19.1845681,74.1645283,3,2,"https://search.google.com/local/reviews?placeid=ChIJ0Xg-lmUh3TsRvMZ6suofPp4&q=tourist+attraction,+412410,+Pune,+Maharashtra,+IN&authuser=0&hl=en&gl=IN",1,0,0,0,1,,,OPERATIONAL,"{""Children"": {""Good for kids"": true}}",,0,,,,,"https://www.google.com/maps/place/Khabdi+%E0%A4%96%E0%A4%AC%E0%A4%A1%E0%A5%80/@19.1845681,74.1645283,14z/data=!4m8!1m2!2m1!1sKhabdi+%E0%A4%96%E0%A4%AC%E0%A4%A1%E0%A5%80!3m4!1s0x3bdd2165963e78d1:0x9e3e1feab27ac6bc!8m2!3d19.1845681!4d74.1645283","https://www.google.com/maps/place/Khabdi+%E0%A4%96%E0%A4%AC%E0%A4%A1%E0%A5%80/@19.1845681,74.1645283,13.99z/data=!4m16!1m7!3m6!1s0x3bdd2165963e78d1:0x9e3e1feab27ac6bc!2sKhabdi+%E0%A4%96%E0%A4%AC%E0%A4%A1%E0%A5%80!8m2!3d19.1845681!4d74.1645283!16s%2Fg%2F11ckvg1dmb!3m7!1s0x3bdd2165963e78d1:0x9e3e1feab27ac6bc!8m2!3d19.1845681!4d74.1645283!9m1!1b1!16s%2Fg%2F11ckvg1dmb?entry=ttu",ChIJ0Xg-lmUh3TsRvMZ6suofPp4,0x3bdd2165963e78d1:0x9e3e1feab27ac6bc,1.14025863994259E+019,/g/11s4x432gz,-7044157674283678020
"tourist attraction, 412410, Pune, Maharashtra, IN","Jadhav Fort, Chikhali","Fortress, Historical landmark",attractions,Fortress,,"16/2, Dehu Alandi Road, Patilnagar, Gitai Colony, Chikhali, Pimpri-Chinchwad, Maharashtra 412114",Chikhali,Pimpri-Chinchwad,412114,18.684633,73.8160827,3.9,161,"https://search.google.com/local/reviews?placeid=ChIJq6pq_ZS3wjsRrNtD0sF-Mwg&q=tourist+attraction,+412410,+Pune,+Maharashtra,+IN&authuser=0&hl=en&gl=IN",16,10,26,32,77,,,OPERATIONAL,"{""Children"": {""Good for kids"": true}}",,0,,,,,"https://www.google.com/maps/place/Jadhav+Fort%2C+Chikhali/@18.684632999999998,73.8160827,14z/data=!4m8!1m2!2m1!1sJadhav+Fort%2C+Chikhali!3m4!1s0x3bc2b794fd6aaaab:0x8337ec1d243dbac!8m2!3d18.684632999999998!4d73.8160827","https://www.google.com/maps/place/Jadhav+Fort%2C+Chikhali/@18.684632999999998,73.8160827,13.99z/data=!4m16!1m7!3m6!1s0x3bc2b794fd6aaaab:0x8337ec1d243dbac!2sJadhav+Fort%2C+Chikhali!8m2!3d18.684632999999998!4d73.8160827!16s%2Fg%2F11ckvg1dmb!3m7!1s0x3bc2b794fd6aaaab:0x8337ec1d243dbac!8m2!3d18.684632999999998!4d73.8160827!9m1!1b1!16s%2Fg%2F11ckvg1dmb?entry=ttu",ChIJq6pq_ZS3wjsRrNtD0sF-Mwg,0x3bc2b794fd6aaaab:0x8337ec1d243dbac,5.90955347037117E+017,/g/11fxb7zk_h,590955347037117356
"tourist attraction, 412410, Pune, Maharashtra, IN",Bamhane Mala,Tourist attraction,attractions,Tourist attraction,,"535Q+M6W, Bhatkalwadi, Maharashtra 412411",,Bhatkalwadi,412411,19.1592454,74.088081,5,2,"https://search.google.com/local/reviews?placeid=ChIJG2ZnAAAj3TsR_1QChCz0_E0&q=tourist+attraction,+412410,+Pune,+Maharashtra,+IN&authuser=0&hl=en&gl=IN",0,0,0,0,2,,,OPERATIONAL,"{""Children"": {""Good for kids"": true}}",,0,,,,,"https://www.google.com/maps/place/Bamhane+Mala/@19.1592454,74.088081,14z/data=!4m8!1m2!2m1!1sBamhane+Mala!3m4!1s0x3bdd23000067661b:0x4dfcf42c840254ff!8m2!3d19.1592454!4d74.088081","https://www.google.com/maps/place/Bamhane+Mala/@19.1592454,74.088081,13.99z/data=!4m16!1m7!3m6!1s0x3bdd23000067661b:0x4dfcf42c840254ff!2sBamhane+Mala!8m2!3d19.1592454!4d74.088081!16s%2Fg%2F11ckvg1dmb!3m7!1s0x3bdd23000067661b:0x4dfcf42c840254ff!8m2!3d19.1592454!4d74.088081!9m1!1b1!16s%2Fg%2F11ckvg1dmb?entry=ttu",ChIJG2ZnAAAj3TsR_1QChCz0_E0,0x3bdd23000067661b:0x4dfcf42c840254ff,5.61963490708202E+018,/g/11vrhrgmj5,5619634907082020095
"tourist attraction, 412410, Pune, Maharashtra, IN","बैलगाडा घाट, दरोडी हिल",Tourist attraction,attractions,Tourist attraction,,"37MX+838, Darodi, Maharashtra 414305",,Darodi,414305,19.0832849,74.2977168,5,3,"https://search.google.com/local/reviews?placeid=ChIJdxjfMlfZ3DsR9BvaJ2YpfMc&q=tourist+attraction,+412410,+Pune,+Maharashtra,+IN&authuser=0&hl=en&gl=IN",0,0,0,0,3,,,OPERATIONAL,"{""Children"": {""Good for kids"": true}}",,0,,,,,"https://www.google.com/maps/place/%E0%A4%AC%E0%A5%88%E0%A4%B2%E0%A4%97%E0%A4%BE%E0%A4%A1%E0%A4%BE+%E0%A4%98%E0%A4%BE%E0%A4%9F%2C+%E0%A4%A6%E0%A4%B0%E0%A5%8B%E0%A4%A1%E0%A5%80+%E0%A4%B9%E0%A4%BF%E0%A4%B2/@19.0832849,74.2977168,14z/data=!4m8!1m2!2m1!1s%E0%A4%AC%E0%A5%88%E0%A4%B2%E0%A4%97%E0%A4%BE%E0%A4%A1%E0%A4%BE+%E0%A4%98%E0%A4%BE%E0%A4%9F%2C+%E0%A4%A6%E0%A4%B0%E0%A5%8B%E0%A4%A1%E0%A5%80+%E0%A4%B9%E0%A4%BF%E0%A4%B2!3m4!1s0x3bdcd95732df1877:0xc77c296627da1bf4!8m2!3d19.0832849!4d74.2977168","https://www.google.com/maps/place/%E0%A4%AC%E0%A5%88%E0%A4%B2%E0%A4%97%E0%A4%BE%E0%A4%A1%E0%A4%BE+%E0%A4%98%E0%A4%BE%E0%A4%9F%2C+%E0%A4%A6%E0%A4%B0%E0%A5%8B%E0%A4%A1%E0%A5%80+%E0%A4%B9%E0%A4%BF%E0%A4%B2/@19.0832849,74.2977168,13.99z/data=!4m16!1m7!3m6!1s0x3bdcd95732df1877:0xc77c296627da1bf4!2s%E0%A4%AC%E0%A5%88%E0%A4%B2%E0%A4%97%E0%A4%BE%E0%A4%A1%E0%A4%BE+%E0%A4%98%E0%A4%BE%E0%A4%9F%2C+%E0%A4%A6%E0%A4%B0%E0%A5%8B%E0%A4%A1%E0%A5%80+%E0%A4%B9%E0%A4%BF%E0%A4%B2!8m2!3d19.0832849!4d74.2977168!16s%2Fg%2F11ckvg1dmb!3m7!1s0x3bdcd95732df1877:0xc77c296627da1bf4!8m2!3d19.0832849!4d74.2977168!9m1!1b1!16s%2Fg%2F11ckvg1dmb?entry=ttu",ChIJdxjfMlfZ3DsR9BvaJ2YpfMc,0x3bdcd95732df1877:0xc77c296627da1bf4,1.43744096293918E+019,/g/11shtp321f,-4072334444317762572
"tourist attraction, 412410, Pune, Maharashtra, IN",Bhimashankar Caves,"Tourist attraction, Archaeological site, Buddhist temple",attractions,Tourist attraction,,"5VJP+RXW, Junnar, Agar, Maharashtra 410502",,"Junnar, Agar",410502,19.1821182,73.8874632,4.4,96,"https://search.google.com/local/reviews?placeid=ChIJoS1wFas_3TsRZWvoXsEL2zE&q=tourist+attraction,+412410,+Pune,+Maharashtra,+IN&authuser=0&hl=en&gl=IN",5,3,7,14,67,,,OPERATIONAL,"{""Accessibility"": {""Wheelchair-accessible car park"": false, ""Wheelchair-accessible entrance"": false}}",,0,,,,,"https://www.google.com/maps/place/Bhimashankar+Caves/@19.182118199999998,73.8874632,14z/data=!4m8!1m2!2m1!1sBhimashankar+Caves!3m4!1s0x3bdd3fab15702da1:0x31db0bc15ee86b65!8m2!3d19.182118199999998!4d73.8874632","https://www.google.com/maps/place/Bhimashankar+Caves/@19.182118199999998,73.8874632,13.99z/data=!4m16!1m7!3m6!1s0x3bdd3fab15702da1:0x31db0bc15ee86b65!2sBhimashankar+Caves!8m2!3d19.182118199999998!4d73.8874632!16s%2Fg%2F11ckvg1dmb!3m7!1s0x3bdd3fab15702da1:0x31db0bc15ee86b65!8m2!3d19.182118199999998!4d73.8874632!9m1!1b1!16s%2Fg%2F11ckvg1dmb?entry=ttu",ChIJoS1wFas_3TsRZWvoXsEL2zE,0x3bdd3fab15702da1:0x31db0bc15ee86b65,3.59247805290699E+018,/g/1hc32tjkh,3592478052906986341
"tourist attraction, 412410, Pune, Maharashtra, IN",Darodi Hills,Tourist attraction,attractions,Tourist attraction,,"37JR+XRQ, Darodi, Maharashtra 414305",,Darodi,414305,19.0834275,74.2980571,4.8,4,"https://search.google.com/local/reviews?placeid=ChIJB9XUQ63Z3DsR_9wOsmfrZR8&q=tourist+attraction,+412410,+Pune,+Maharashtra,+IN&authuser=0&hl=en&gl=IN",0,0,0,1,3,,,OPERATIONAL,"{""Children"": {""Good for kids"": true}}",,0,,,,,"https://www.google.com/maps/place/Darodi+Hills/@19.0834275,74.2980571,14z/data=!4m8!1m2!2m1!1sDarodi+Hills!3m4!1s0x3bdcd9ad43d4d507:0x1f65eb67b20edcff!8m2!3d19.0834275!4d74.2980571","https://www.google.com/maps/place/Darodi+Hills/@19.0834275,74.2980571,13.99z/data=!4m16!1m7!3m6!1s0x3bdcd9ad43d4d507:0x1f65eb67b20edcff!2sDarodi+Hills!8m2!3d19.0834275!4d74.2980571!16s%2Fg%2F11ckvg1dmb!3m7!1s0x3bdcd9ad43d4d507:0x1f65eb67b20edcff!8m2!3d19.0834275!4d74.2980571!9m1!1b1!16s%2Fg%2F11ckvg1dmb?entry=ttu",ChIJB9XUQ63Z3DsR_9wOsmfrZR8,0x3bdcd9ad43d4d507:0x1f65eb67b20edcff,2.26247321842502E+018,/g/11tfjk7rps,2262473218425019647
"tourist attraction, 412410, Pune, Maharashtra, IN",बोरी महोत्सव,Tourist attraction,attractions,Tourist attraction,,"Bori Bk., Maharashtra 412411",,Bori Bk.,412411,19.1169335,74.0992296,5,6,"https://search.google.com/local/reviews?placeid=ChIJ9_CSMeIl3TsRqVHoKV1LxXE&q=tourist+attraction,+412410,+Pune,+Maharashtra,+IN&authuser=0&hl=en&gl=IN",0,0,0,0,6,,,OPERATIONAL,"{""Children"": {""Good for kids"": true}}",,1,113197343500027677518,,,,"https://www.google.com/maps/place/%E0%A4%AC%E0%A5%8B%E0%A4%B0%E0%A5%80+%E0%A4%AE%E0%A4%B9%E0%A5%8B%E0%A4%A4%E0%A5%8D%E0%A4%B8%E0%A4%B5/@19.1169335,74.0992296,14z/data=!4m8!1m2!2m1!1s%E0%A4%AC%E0%A5%8B%E0%A4%B0%E0%A5%80+%E0%A4%AE%E0%A4%B9%E0%A5%8B%E0%A4%A4%E0%A5%8D%E0%A4%B8%E0%A4%B5!3m4!1s0x3bdd25e23192f0f7:0x71c54b5d29e851a9!8m2!3d19.1169335!4d74.0992296","https://www.google.com/maps/place/%E0%A4%AC%E0%A5%8B%E0%A4%B0%E0%A5%80+%E0%A4%AE%E0%A4%B9%E0%A5%8B%E0%A4%A4%E0%A5%8D%E0%A4%B8%E0%A4%B5/@19.1169335,74.0992296,13.99z/data=!4m16!1m7!3m6!1s0x3bdd25e23192f0f7:0x71c54b5d29e851a9!2s%E0%A4%AC%E0%A5%8B%E0%A4%B0%E0%A5%80+%E0%A4%AE%E0%A4%B9%E0%A5%8B%E0%A4%A4%E0%A5%8D%E0%A4%B8%E0%A4%B5!8m2!3d19.1169335!4d74.0992296!16s%2Fg%2F11ckvg1dmb!3m7!1s0x3bdd25e23192f0f7:0x71c54b5d29e851a9!8m2!3d19.1169335!4d74.0992296!9m1!1b1!16s%2Fg%2F11ckvg1dmb?entry=ttu",ChIJ9_CSMeIl3TsRqVHoKV1LxXE,0x3bdd25e23192f0f7:0x71c54b5d29e851a9,8.19804156020499E+018,/g/11sv4z6bxl,8198041560204988841
"tourist attraction, 412410, Pune, Maharashtra, IN",Kamala Nehru Park,Park,attractions,Park,,"Lane Number 11, Harshavardhan Society, Deccan Gymkhana, Pune, Maharashtra 411004","Harshavardhan Society, Deccan Gymkhana",Pune,411004,18.5170408,73.8344134,4.3,10455,"https://search.google.com/local/reviews?placeid=ChIJ90jf84W_wjsR1XPp7YfSitI&q=tourist+attraction,+412410,+Pune,+Maharashtra,+IN&authuser=0&hl=en&gl=IN",195,167,1165,3567,5361,"{""Monday"": ""6-11am,4-8:30pm"", ""Tuesday"": ""6-11am,4-8:30pm"", ""Wednesday"": ""6-11am,4-8:30pm"", ""Thursday"": ""6-11am,4-8:30pm"", ""Friday"": ""6-11am,4-8:30pm"", ""Saturday"": ""6-11am,4-8:30pm"", ""Sunday"": ""6-11am,4-8:30pm""}",,OPERATIONAL,"{""Service options"": {""On-site services"": true}, ""Accessibility"": {""Wheelchair-accessible car park"": true, ""Wheelchair-accessible entrance"": true}, ""Amenities"": {""Public restroom"": true, ""Slides"": true, ""Swings"": true}, ""Children"": {""Good for kids"": true, ""Playground"": true}}","Recreational green space featuring a children's play area, running path & a displayed military jet.",1,112404480651237163431,,,,"https://www.google.com/maps/place/Kamala+Nehru+Park/@18.5170408,73.8344134,14z/data=!4m8!1m2!2m1!1sKamala+Nehru+Park!3m4!1s0x3bc2bf85f3df48f7:0xd28ad287ede973d5!8m2!3d18.5170408!4d73.8344134","https://www.google.com/maps/place/Kamala+Nehru+Park/@18.5170408,73.8344134,13.99z/data=!4m16!1m7!3m6!1s0x3bc2bf85f3df48f7:0xd28ad287ede973d5!2sKamala+Nehru+Park!8m2!3d18.5170408!4d73.8344134!16s%2Fg%2F11ckvg1dmb!3m7!1s0x3bc2bf85f3df48f7:0xd28ad287ede973d5!8m2!3d18.5170408!4d73.8344134!9m1!1b1!16s%2Fg%2F11ckvg1dmb?entry=ttu",ChIJ90jf84W_wjsR1XPp7YfSitI,0x3bc2bf85f3df48f7:0xd28ad287ede973d5,1.51711697760049E+019,/m/0h662s_,-3275574297704696875
"tourist attraction, 412410, Pune, Maharashtra, IN",Bajind Bet Gavcha Agri Tourism,"Tourist information center, Event venue, Farm, Party planner, Restaurant",restaurants,Tourist information center,+91 70201 41500,"New Umbraj Road, Totarbet, Pimpalwandi, Maharashtra 412412",Totarbet,Pimpalwandi,412412,19.1878427,74.0426253,4.8,175,"https://search.google.com/local/reviews?placeid=ChIJP7r6AR4j3TsRBj4-6NJIvEo&q=tourist+attraction,+412410,+Pune,+Maharashtra,+IN&authuser=0&hl=en&gl=IN",4,2,1,18,150,"{""Monday"": ""11:30am-10:30pm"", ""Tuesday"": ""11:30am-10:30pm"", ""Wednesday"": ""11:30am-10:30pm"", ""Thursday"": ""11:30am-10:30pm"", ""Friday"": ""11:30am-10:30pm"", ""Saturday"": ""11:30am-10:30pm"", ""Sunday"": ""11:30am-10:30pm""}","[{""dinner"": {""Monday"": ""12:30-11:30 pm"", ""Tuesday"": ""12:30-11:30 pm"", ""Wednesday"": ""12:30-11:30 pm"", ""Thursday"": ""12:30-11:30 pm"", ""Friday"": ""12:30-11:30 pm"", ""Saturday"": ""12:30-11:30 pm"", ""Sunday"": ""11:30 am-11:30 pm""}}, {""happy_hours"": {""Monday"": ""12:30-5 pm"", ""Tuesday"": ""Closed"", ""Wednesday"": ""Closed"", ""Thursday"": ""12:30-5 pm"", ""Friday"": ""Closed"", ""Saturday"": ""Closed"", ""Sunday"": ""Closed""}}]",OPERATIONAL,"{""From the business"": {""Identifies as women-owned"": true}, ""Service options"": {""Outdoor seating"": true, ""Kerbside pickup"": true, ""No-contact delivery"": true, ""Delivery"": true, ""Drive-through"": true, ""Takeaway"": true, ""Dine-in"": true}, ""Highlights"": {""Fireplace"": true}, ""Accessibility"": {""Wheelchair-accessible car park"": true, ""Wheelchair-accessible entrance"": true, ""Wheelchair-accessible seating"": true, ""Wheelchair-accessible toilet"": true}, ""Offerings"": {""All you can eat"": true, ""Small plates"": true}, ""Dining options"": {""Lunch"": true, ""Dinner"": true, ""Catering"": true, ""Dessert"": true, ""Seating"": true}, ""Amenities"": {""Toilets"": true}, ""Atmosphere"": {""Casual"": true, ""Romantic"": true}, ""Crowd"": {""Family friendly"": true, ""Groups"": true, ""LGBTQ+ friendly"": true}, ""Planning"": {""Accepts reservations"": true}, ""Payments"": {""Google Pay"": true, ""Mobile Wallets"": true}, ""Children"": {""Good for kids"": true, ""Good for kids birthday"": true, ""Kids' menu"": true}, ""Parking"": {""Free parking lot"": true, ""Free street parking"": true, ""Parking"": true}, ""Other"": {""LGBTQ+ friendly"": true, ""Identifies as women-owned"": true}}",,1,107166008921544418432,,,,"https://www.google.com/maps/place/Bajind+Bet+Gavcha+Agri+Tourism/@19.187842699999997,74.0426253,14z/data=!4m8!1m2!2m1!1sBajind+Bet+Gavcha+Agri+Tourism!3m4!1s0x3bdd231e01faba3f:0x4abc48d2e83e3e06!8m2!3d19.187842699999997!4d74.0426253","https://www.google.com/maps/place/Bajind+Bet+Gavcha+Agri+Tourism/@19.187842699999997,74.0426253,13.99z/data=!4m16!1m7!3m6!1s0x3bdd231e01faba3f:0x4abc48d2e83e3e06!2sBajind+Bet+Gavcha+Agri+Tourism!8m2!3d19.187842699999997!4d74.0426253!16s%2Fg%2F11ckvg1dmb!3m7!1s0x3bdd231e01faba3f:0x4abc48d2e83e3e06!8m2!3d19.187842699999997!4d74.0426253!9m1!1b1!16s%2Fg%2F11ckvg1dmb?entry=ttu",ChIJP7r6AR4j3TsRBj4-6NJIvEo,0x3bdd231e01faba3f:0x4abc48d2e83e3e06,5.385259325105E+018,/g/11spr145zj,5385259325104995846
"tourist attraction, 412410, Pune, Maharashtra, IN",Temple of Kanifhanath,Hindu temple,Hindu temple,Hindu temple,,"46R5+5C7, Pune, Maharashtra 412410",,Pune,412410,19.140414,74.2085554,5,2,"https://search.google.com/local/reviews?placeid=ChIJkzXjLzYn3TsRw_f67I_TG5U&q=tourist+attraction,+412410,+Pune,+Maharashtra,+IN&authuser=0&hl=en&gl=IN",0,0,0,0,2,,,OPERATIONAL,{},,0,,,,,"https://www.google.com/maps/place/Temple+of+Kanifhanath/@19.140414,74.2085554,14z/data=!4m8!1m2!2m1!1sTemple+of+Kanifhanath!3m4!1s0x3bdd27362fe33593:0x951bd38fecfaf7c3!8m2!3d19.140414!4d74.2085554","https://www.google.com/maps/place/Temple+of+Kanifhanath/@19.140414,74.2085554,13.99z/data=!4m16!1m7!3m6!1s0x3bdd27362fe33593:0x951bd38fecfaf7c3!2sTemple+of+Kanifhanath!8m2!3d19.140414!4d74.2085554!16s%2Fg%2F11ckvg1dmb!3m7!1s0x3bdd27362fe33593:0x951bd38fecfaf7c3!8m2!3d19.140414!4d74.2085554!9m1!1b1!16s%2Fg%2F11ckvg1dmb?entry=ttu",ChIJkzXjLzYn3TsRw_f67I_TG5U,0x3bdd27362fe33593:0x951bd38fecfaf7c3,1.07444139511321E+019,/g/11qskfm1sr,-7702330122577446973
"tourist attraction, 412410, Pune, Maharashtra, IN",Gadekar Farm House,Tourist attraction,attractions,Tourist attraction,,"636M+VFQ, Pune, Maharashtra 412412",,Pune,412412,19.2122047,74.0837209,5,2,"https://search.google.com/local/reviews?placeid=ChIJnYupUE8j3TsRQKlRafUwWGM&q=tourist+attraction,+412410,+Pune,+Maharashtra,+IN&authuser=0&hl=en&gl=IN",0,0,0,0,2,,,CLOSED_TEMPORARILY,{},,0,,,,,"https://www.google.com/maps/place/Gadekar+Farm+House/@19.212204699999997,74.0837209,14z/data=!4m8!1m2!2m1!1sGadekar+Farm+House!3m4!1s0x3bdd234f50a98b9d:0x635830f56951a940!8m2!3d19.212204699999997!4d74.0837209","https://www.google.com/maps/place/Gadekar+Farm+House/@19.212204699999997,74.0837209,13.99z/data=!4m16!1m7!3m6!1s0x3bdd234f50a98b9d:0x635830f56951a940!2sGadekar+Farm+House!8m2!3d19.212204699999997!4d74.0837209!16s%2Fg%2F11ckvg1dmb!3m7!1s0x3bdd234f50a98b9d:0x635830f56951a940!8m2!3d19.212204699999997!4d74.0837209!9m1!1b1!16s%2Fg%2F11ckvg1dmb?entry=ttu",ChIJnYupUE8j3TsRQKlRafUwWGM,0x3bdd234f50a98b9d:0x635830f56951a940,7.15852543829748E+018,/g/11rpbdjqhs,7158525438297483584
"tourist attraction, 412410, Pune, Maharashtra, IN",पवारमळा तळे (पाडळी आळे ),Tourist attraction,attractions,Tourist attraction,,"35FX+7M, Padali Ale, Maharashtra 414305",,Padali Ale,414305,19.0732417,74.1992274,5,1,"https://search.google.com/local/reviews?placeid=ChIJV24Qj90n3TsRFMysIY1Xa4g&q=tourist+attraction,+412410,+Pune,+Maharashtra,+IN&authuser=0&hl=en&gl=IN",0,0,0,0,1,,,CLOSED_TEMPORARILY,{},,0,,,,,"https://www.google.com/maps/place/%E0%A4%AA%E0%A4%B5%E0%A4%BE%E0%A4%B0%E0%A4%AE%E0%A4%B3%E0%A4%BE+%E0%A4%A4%E0%A4%B3%E0%A5%87+%28%E0%A4%AA%E0%A4%BE%E0%A4%A1%E0%A4%B3%E0%A5%80+%E0%A4%86%E0%A4%B3%E0%A5%87+%29/@19.0732417,74.1992274,14z/data=!4m8!1m2!2m1!1s%E0%A4%AA%E0%A4%B5%E0%A4%BE%E0%A4%B0%E0%A4%AE%E0%A4%B3%E0%A4%BE+%E0%A4%A4%E0%A4%B3%E0%A5%87+%28%E0%A4%AA%E0%A4%BE%E0%A4%A1%E0%A4%B3%E0%A5%80+%E0%A4%86%E0%A4%B3%E0%A5%87+%29!3m4!1s0x3bdd27dd8f106e57:0x886b578d21accc14!8m2!3d19.0732417!4d74.1992274","https://www.google.com/maps/place/%E0%A4%AA%E0%A4%B5%E0%A4%BE%E0%A4%B0%E0%A4%AE%E0%A4%B3%E0%A4%BE+%E0%A4%A4%E0%A4%B3%E0%A5%87+%28%E0%A4%AA%E0%A4%BE%E0%A4%A1%E0%A4%B3%E0%A5%80+%E0%A4%86%E0%A4%B3%E0%A5%87+%29/@19.0732417,74.1992274,13.99z/data=!4m16!1m7!3m6!1s0x3bdd27dd8f106e57:0x886b578d21accc14!2s%E0%A4%AA%E0%A4%B5%E0%A4%BE%E0%A4%B0%E0%A4%AE%E0%A4%B3%E0%A4%BE+%E0%A4%A4%E0%A4%B3%E0%A5%87+%28%E0%A4%AA%E0%A4%BE%E0%A4%A1%E0%A4%B3%E0%A5%80+%E0%A4%86%E0%A4%B3%E0%A5%87+%29!8m2!3d19.0732417!4d74.1992274!16s%2Fg%2F11ckvg1dmb!3m7!1s0x3bdd27dd8f106e57:0x886b578d21accc14!8m2!3d19.0732417!4d74.1992274!9m1!1b1!16s%2Fg%2F11ckvg1dmb?entry=ttu",ChIJV24Qj90n3TsRFMysIY1Xa4g,0x3bdd27dd8f106e57:0x886b578d21accc14,9.83004687533322E+018,/g/11tff98ysg,-8616697198376334316
"tourist attraction, 412410, Pune, Maharashtra, IN","Raikarwadi, dnyanesh parnakuti",Tourist attraction,attractions,Tourist attraction,,"536F+C62, Raikar Wadi, Maharashtra 412411",,Raikar Wadi,412411,19.161025,74.0730145,4,1,"https://search.google.com/local/reviews?placeid=ChIJncRyt8Ij3TsRYiACTbY1jFs&q=tourist+attraction,+412410,+Pune,+Maharashtra,+IN&authuser=0&hl=en&gl=IN",0,0,0,1,0,,,CLOSED_TEMPORARILY,{},,0,,,,,"https://www.google.com/maps/place/Raikarwadi%2C+dnyanesh+parnakuti/@19.161025,74.0730145,14z/data=!4m8!1m2!2m1!1sRaikarwadi%2C+dnyanesh+parnakuti!3m4!1s0x3bdd23c2b772c49d:0x5b8c35b64d022062!8m2!3d19.161025!4d74.0730145","https://www.google.com/maps/place/Raikarwadi%2C+dnyanesh+parnakuti/@19.161025,74.0730145,13.99z/data=!4m16!1m7!3m6!1s0x3bdd23c2b772c49d:0x5b8c35b64d022062!2sRaikarwadi%2C+dnyanesh+parnakuti!8m2!3d19.161025!4d74.0730145!16s%2Fg%2F11ckvg1dmb!3m7!1s0x3bdd23c2b772c49d:0x5b8c35b64d022062!8m2!3d19.161025!4d74.0730145!9m1!1b1!16s%2Fg%2F11ckvg1dmb?entry=ttu",ChIJncRyt8Ij3TsRYiACTbY1jFs,0x3bdd23c2b772c49d:0x5b8c35b64d022062,6.59670661128324E+018,/g/11tfjlyv5f,6596706611283239010
"tourist attraction, 412410, Pune, Maharashtra, IN",Spiritual lake,Tourist attraction,attractions,Tourist attraction,,"37HJ+QG, Darodi, Maharashtra 414305",,Darodi,414305,19.0793841,74.2813389,5,2,"https://search.google.com/local/reviews?placeid=ChIJzfOmY5jZ3DsRCVz3921AUao&q=tourist+attraction,+412410,+Pune,+Maharashtra,+IN&authuser=0&hl=en&gl=IN",0,0,0,0,2,,,CLOSED_TEMPORARILY,{},,0,,,,,"https://www.google.com/maps/place/Spiritual+lake/@19.0793841,74.2813389,14z/data=!4m8!1m2!2m1!1sSpiritual+lake!3m4!1s0x3bdcd99863a6f3cd:0xaa51406df7f75c09!8m2!3d19.0793841!4d74.2813389","https://www.google.com/maps/place/Spiritual+lake/@19.0793841,74.2813389,13.99z/data=!4m16!1m7!3m6!1s0x3bdcd99863a6f3cd:0xaa51406df7f75c09!2sSpiritual+lake!8m2!3d19.0793841!4d74.2813389!16s%2Fg%2F11ckvg1dmb!3m7!1s0x3bdcd99863a6f3cd:0xaa51406df7f75c09!8m2!3d19.0793841!4d74.2813389!9m1!1b1!16s%2Fg%2F11ckvg1dmb?entry=ttu",ChIJzfOmY5jZ3DsRCVz3921AUao,0x3bdcd99863a6f3cd:0xaa51406df7f75c09,1.22726613006171E+019,/g/11sr7b8cqm,-6174082773092443127
"tourist attraction, 412410, Pune, Maharashtra, IN",Dhome Farm,Tourist attraction,attractions,Tourist attraction,,"266Q+H6X, Shirapur, Maharashtra 414306",,Shirapur,414306,19.0114941,74.2381023,5,2,"https://search.google.com/local/reviews?placeid=ChIJi8em-RXX3DsROZ5dw9XJWbw&q=tourist+attraction,+412410,+Pune,+Maharashtra,+IN&authuser=0&hl=en&gl=IN",0,0,0,0,2,,,CLOSED_TEMPORARILY,{},,0,,,,,"https://www.google.com/maps/place/Dhome+Farm/@19.0114941,74.2381023,14z/data=!4m8!1m2!2m1!1sDhome+Farm!3m4!1s0x3bdcd715f9a6c78b:0xbc59c9d5c35d9e39!8m2!3d19.0114941!4d74.2381023","https://www.google.com/maps/place/Dhome+Farm/@19.0114941,74.2381023,13.99z/data=!4m16!1m7!3m6!1s0x3bdcd715f9a6c78b:0xbc59c9d5c35d9e39!2sDhome+Farm!8m2!3d19.0114941!4d74.2381023!16s%2Fg%2F11ckvg1dmb!3m7!1s0x3bdcd715f9a6c78b:0xbc59c9d5c35d9e39!8m2!3d19.0114941!4d74.2381023!9m1!1b1!16s%2Fg%2F11ckvg1dmb?entry=ttu",ChIJi8em-RXX3DsROZ5dw9XJWbw,0x3bdcd715f9a6c78b:0xbc59c9d5c35d9e39,1.35721008720006E+019,/g/11r7m5fxc6,-4874643201708941767
"tourist attraction, 412410, Pune, Maharashtra, IN",Date farm,Tourist attraction,attractions,Tourist attraction,,"Datey farm, Maharashtra 412411",,Anandwadi,412411,19.1502412,74.2404865,4,1,"https://search.google.com/local/reviews?placeid=ChIJj0z1ReDZ3DsRXJhwK1jq5cQ&q=tourist+attraction,+412410,+Pune,+Maharashtra,+IN&authuser=0&hl=en&gl=IN",0,0,0,1,0,,,CLOSED_TEMPORARILY,{},,0,,,,,"https://www.google.com/maps/place/Date+farm/@19.1502412,74.2404865,14z/data=!4m8!1m2!2m1!1sDate+farm!3m4!1s0x3bdcd9e045f54c8f:0xc4e5ea582b70985c!8m2!3d19.1502412!4d74.2404865","https://www.google.com/maps/place/Date+farm/@19.1502412,74.2404865,13.99z/data=!4m16!1m7!3m6!1s0x3bdcd9e045f54c8f:0xc4e5ea582b70985c!2sDate+farm!8m2!3d19.1502412!4d74.2404865!16s%2Fg%2F11ckvg1dmb!3m7!1s0x3bdcd9e045f54c8f:0xc4e5ea582b70985c!8m2!3d19.1502412!4d74.2404865!9m1!1b1!16s%2Fg%2F11ckvg1dmb?entry=ttu",ChIJj0z1ReDZ3DsRXJhwK1jq5cQ,0x3bdcd9e045f54c8f:0xc4e5ea582b70985c,1.41880038655074E+019,/g/11jsf4bv3h,14188003865507436636
"tourist attraction, 412410, Pune, Maharashtra, IN",Kalij waterfall,Tourist attraction,attractions,Tourist attraction,,"56P6+H97, Nalawane, Maharashtra 412411",,Nalawane,412411,19.1864095,74.2109141,5,1,"https://search.google.com/local/reviews?placeid=ChIJLxQtQQAh3TsRu2biXyadQFU&q=tourist+attraction,+412410,+Pune,+Maharashtra,+IN&authuser=0&hl=en&gl=IN",0,0,0,0,1,,,CLOSED_TEMPORARILY,{},,0,,,,,"https://www.google.com/maps/place/Kalij+waterfall/@19.1864095,74.2109141,14z/data=!4m8!1m2!2m1!1sKalij+waterfall!3m4!1s0x3bdd2100412d142f:0x55409d265fe266bb!8m2!3d19.1864095!4d74.2109141","https://www.google.com/maps/place/Kalij+waterfall/@19.1864095,74.2109141,13.99z/data=!4m16!1m7!3m6!1s0x3bdd2100412d142f:0x55409d265fe266bb!2sKalij+waterfall!8m2!3d19.1864095!4d74.2109141!16s%2Fg%2F11ckvg1dmb!3m7!1s0x3bdd2100412d142f:0x55409d265fe266bb!8m2!3d19.1864095!4d74.2109141!9m1!1b1!16s%2Fg%2F11ckvg1dmb?entry=ttu",ChIJLxQtQQAh3TsRu2biXyadQFU,0x3bdd2100412d142f:0x55409d265fe266bb,6.14308267987635E+018,/g/11w4sx_nsy,6143082679876347579
"tourist attraction, 412410, Pune, Maharashtra, IN",Padali ale Bailgada Ghat,Tourist attraction,attractions,Tourist attraction,,"3692+JXH, Padali Ale, Maharashtra 414305",,Padali Ale,414305,19.0690738,74.202489,4.8,4,"https://search.google.com/local/reviews?placeid=ChIJOTw1-r0n3TsRZV_iYgqxK04&q=tourist+attraction,+412410,+Pune,+Maharashtra,+IN&authuser=0&hl=en&gl=IN",0,0,0,1,3,,,CLOSED_TEMPORARILY,{},,0,,,,,"https://www.google.com/maps/place/Padali+ale+Bailgada+Ghat/@19.069073799999998,74.202489,14z/data=!4m8!1m2!2m1!1sPadali+ale+Bailgada+Ghat!3m4!1s0x3bdd27bdfa353c39:0x4e2bb10a62e25f65!8m2!3d19.069073799999998!4d74.202489","https://www.google.com/maps/place/Padali+ale+Bailgada+Ghat/@19.069073799999998,74.202489,13.99z/data=!4m16!1m7!3m6!1s0x3bdd27bdfa353c39:0x4e2bb10a62e25f65!2sPadali+ale+Bailgada+Ghat!8m2!3d19.069073799999998!4d74.202489!16s%2Fg%2F11ckvg1dmb!3m7!1s0x3bdd27bdfa353c39:0x4e2bb10a62e25f65!8m2!3d19.069073799999998!4d74.202489!9m1!1b1!16s%2Fg%2F11ckvg1dmb?entry=ttu",ChIJOTw1-r0n3TsRZV_iYgqxK04,0x3bdd27bdfa353c39:0x4e2bb10a62e25f65,5.63279041712373E+018,/g/11t0r7tl90,5632790417123729253
"tourist attraction, 412410, Pune, Maharashtra, IN",Rakhumai farm house(vadane farm),Tourist attraction,attractions,Tourist attraction,,"X6RG+Q6M, Shirapur, Saradwadi, Maharashtra 414306",,"Shirapur, Saradwadi",414306,18.9919636,74.2255348,5,2,"https://search.google.com/local/reviews?placeid=ChIJo00jLNDX3DsRS6OqCCErkcU&q=tourist+attraction,+412410,+Pune,+Maharashtra,+IN&authuser=0&hl=en&gl=IN",0,0,0,0,2,,,CLOSED_TEMPORARILY,{},,0,,,,,"https://www.google.com/maps/place/Rakhumai+farm+house%28vadane+farm%29/@18.9919636,74.22553479999999,14z/data=!4m8!1m2!2m1!1sRakhumai+farm+house%28vadane+farm%29!3m4!1s0x3bdcd7d02c234da3:0xc5912b2108aaa34b!8m2!3d18.9919636!4d74.22553479999999","https://www.google.com/maps/place/Rakhumai+farm+house%28vadane+farm%29/@18.9919636,74.22553479999999,13.99z/data=!4m16!1m7!3m6!1s0x3bdcd7d02c234da3:0xc5912b2108aaa34b!2sRakhumai+farm+house%28vadane+farm%29!8m2!3d18.9919636!4d74.22553479999999!16s%2Fg%2F11ckvg1dmb!3m7!1s0x3bdcd7d02c234da3:0xc5912b2108aaa34b!8m2!3d18.9919636!4d74.22553479999999!9m1!1b1!16s%2Fg%2F11ckvg1dmb?entry=ttu",ChIJo00jLNDX3DsRS6OqCCErkcU,0x3bdcd7d02c234da3:0xc5912b2108aaa34b,1.42362073179742E+019,/g/11kqgn8lsd,-4210536755735387317
"tourist attraction, 412410, Pune, Maharashtra, IN",Punch Howed Tower,Church,Church,Church,+91 95459 60068,"749, 42, New Somwar Peth, Guruwar Peth, Pune, Maharashtra 411042","New Somwar Peth, Guruwar Peth",Pune,411042,18.505284,73.8608674,3.7,51,"https://search.google.com/local/reviews?placeid=ChIJeUFgRGvAwjsRJIUDQpV9hms&q=tourist+attraction,+412410,+Pune,+Maharashtra,+IN&authuser=0&hl=en&gl=IN",7,6,6,10,22,,,CLOSED_TEMPORARILY,{},,0,,,,,"https://www.google.com/maps/place/Punch+Howed+Tower/@18.505284,73.8608674,14z/data=!4m8!1m2!2m1!1sPunch+Howed+Tower!3m4!1s0x3bc2c06b44604179:0x6b867d9542038524!8m2!3d18.505284!4d73.8608674","https://www.google.com/maps/place/Punch+Howed+Tower/@18.505284,73.8608674,13.99z/data=!4m16!1m7!3m6!1s0x3bc2c06b44604179:0x6b867d9542038524!2sPunch+Howed+Tower!8m2!3d18.505284!4d73.8608674!16s%2Fg%2F11ckvg1dmb!3m7!1s0x3bc2c06b44604179:0x6b867d9542038524!8m2!3d18.505284!4d73.8608674!9m1!1b1!16s%2Fg%2F11ckvg1dmb?entry=ttu",ChIJeUFgRGvAwjsRJIUDQpV9hms,0x3bc2c06b44604179:0x6b867d9542038524,7.74801828894864E+018,/g/11g8whv0jz,7748018288948643108
"historical landmark, 411021, Pune, Maharashtra, IN",CHATTRAPATI DWAR,Historical landmark,Historical landmark,Historical landmark,,"4a, Kirti Gardens, Sus, Pune, Maharashtra 411021",Sus,Pune,411021,18.5421993,73.7640041,4.8,4,"https://search.google.com/local/reviews?placeid=ChIJ75uVFhO_wjsR51QWw3u7UTE&q=historical+landmark,+411021,+Pune,+Maharashtra,+IN&authuser=0&hl=en&gl=IN",0,0,0,1,3,"{""Monday"": ""Open 24 hours"", ""Tuesday"": ""Open 24 hours"", ""Wednesday"": ""Open 24 hours"", ""Thursday"": ""Open 24 hours"", ""Friday"": ""Open 24 hours"", ""Saturday"": ""Open 24 hours"", ""Sunday"": ""Open 24 hours""}",,OPERATIONAL,"{""Children"": {""Good for kids"": true}}",,0,,,,,"https://www.google.com/maps/place/CHATTRAPATI+DWAR/@18.5421993,73.7640041,14z/data=!4m8!1m2!2m1!1sCHATTRAPATI+DWAR!3m4!1s0x3bc2bf1316959bef:0x3151bb7bc31654e7!8m2!3d18.5421993!4d73.7640041","https://www.google.com/maps/place/CHATTRAPATI+DWAR/@18.5421993,73.7640041,13.99z/data=!4m16!1m7!3m6!1s0x3bc2bf1316959bef:0x3151bb7bc31654e7!2sCHATTRAPATI+DWAR!8m2!3d18.5421993!4d73.7640041!16s%2Fg%2F11ckvg1dmb!3m7!1s0x3bc2bf1316959bef:0x3151bb7bc31654e7!8m2!3d18.5421993!4d73.7640041!9m1!1b1!16s%2Fg%2F11ckvg1dmb?entry=ttu",ChIJ75uVFhO_wjsR51QWw3u7UTE,0x3bc2bf1316959bef:0x3151bb7bc31654e7,3.55382772120042E+018,/g/11krd9lmd5,3553827721200424167
"historical landmark, 411021, Pune, Maharashtra, IN",NDA Rotary,Historical landmark,Historical landmark,Historical landmark,,"1, Paud Rd, Chandani Chowk, Kothrud, Pune, Maharashtra 411038","Chandani Chowk, Kothrud",Pune,411038,18.5059167,73.78504,5,6,"https://search.google.com/local/reviews?placeid=ChIJB4EBRkW_wjsRP5sUJAxJxLM&q=historical+landmark,+411021,+Pune,+Maharashtra,+IN&authuser=0&hl=en&gl=IN",0,0,0,0,6,"{""Monday"": ""Open 24 hours"", ""Tuesday"": ""Open 24 hours"", ""Wednesday"": ""Open 24 hours"", ""Thursday"": ""Open 24 hours"", ""Friday"": ""Open 24 hours"", ""Saturday"": ""Open 24 hours"", ""Sunday"": ""Open 24 hours""}",,OPERATIONAL,"{""Children"": {""Good for kids"": true}}",,0,,,,,"https://www.google.com/maps/place/NDA+Rotary/@18.5059167,73.78504,14z/data=!4m8!1m2!2m1!1sNDA+Rotary!3m4!1s0x3bc2bf4546018107:0xb3c4490c24149b3f!8m2!3d18.5059167!4d73.78504","https://www.google.com/maps/place/NDA+Rotary/@18.5059167,73.78504,13.99z/data=!4m16!1m7!3m6!1s0x3bc2bf4546018107:0xb3c4490c24149b3f!2sNDA+Rotary!8m2!3d18.5059167!4d73.78504!16s%2Fg%2F11ckvg1dmb!3m7!1s0x3bc2bf4546018107:0xb3c4490c24149b3f!8m2!3d18.5059167!4d73.78504!9m1!1b1!16s%2Fg%2F11ckvg1dmb?entry=ttu",ChIJB4EBRkW_wjsRP5sUJAxJxLM,0x3bc2bf4546018107:0xb3c4490c24149b3f,1.29535587447182E+019,/g/11v4lvm2zr,-5493185328991397057
"historical landmark, 411021, Pune, Maharashtra, IN",Legends Chowk,Historical landmark,Historical landmark,Historical landmark,,"HQ6Q+865, Baner Rd, Baner, Pune, Maharashtra 411045",Baner,Pune,411045,18.5607537,73.7881199,4.5,2,"https://search.google.com/local/reviews?placeid=ChIJV-NYEl-_wjsRl1JBgzdxTZg&q=historical+landmark,+411021,+Pune,+Maharashtra,+IN&authuser=0&hl=en&gl=IN",0,0,0,1,1,"{""Monday"": ""Open 24 hours"", ""Tuesday"": ""Open 24 hours"", ""Wednesday"": ""Open 24 hours"", ""Thursday"": ""Open 24 hours"", ""Friday"": ""Open 24 hours"", ""Saturday"": ""Open 24 hours"", ""Sunday"": ""Open 24 hours""}",,OPERATIONAL,{},,0,,,,,"https://www.google.com/maps/place/Legends+Chowk/@18.5607537,73.7881199,14z/data=!4m8!1m2!2m1!1sLegends+Chowk!3m4!1s0x3bc2bf5f1258e357:0x984d713783415297!8m2!3d18.5607537!4d73.7881199","https://www.google.com/maps/place/Legends+Chowk/@18.5607537,73.7881199,13.99z/data=!4m16!1m7!3m6!1s0x3bc2bf5f1258e357:0x984d713783415297!2sLegends+Chowk!8m2!3d18.5607537!4d73.7881199!16s%2Fg%2F11ckvg1dmb!3m7!1s0x3bc2bf5f1258e357:0x984d713783415297!8m2!3d18.5607537!4d73.7881199!9m1!1b1!16s%2Fg%2F11ckvg1dmb?entry=ttu",ChIJV-NYEl-_wjsRl1JBgzdxTZg,0x3bc2bf5f1258e357:0x984d713783415297,1.0974552350211E+019,/g/11l6935zgm,-7472191723498548585
"historical landmark, 411021, Pune, Maharashtra, IN",Mor Chowk,Historical landmark,Historical landmark,Historical landmark,,"GQRM+7W4, Pashan Sutarwadi Link Rd, Sakhar Nagar, Jai Bhavani Nagar, Pashan, Pune, Maharashtra 411021","Sakhar Nagar, Jai Bhavani Nagar, Pashan",Pune,411021,18.5406452,73.784815,5,1,"https://search.google.com/local/reviews?placeid=ChIJqctLTgC_wjsRBYBnocbCrqI&q=historical+landmark,+411021,+Pune,+Maharashtra,+IN&authuser=0&hl=en&gl=IN",0,0,0,0,1,,,OPERATIONAL,"{""Children"": {""Good for kids"": true}}",,0,,,,,"https://www.google.com/maps/place/Mor+Chowk/@18.5406452,73.784815,14z/data=!4m8!1m2!2m1!1sMor+Chowk!3m4!1s0x3bc2bf004e4bcba9:0xa2aec2c6a1678005!8m2!3d18.5406452!4d73.784815","https://www.google.com/maps/place/Mor+Chowk/@18.5406452,73.784815,13.99z/data=!4m16!1m7!3m6!1s0x3bc2bf004e4bcba9:0xa2aec2c6a1678005!2sMor+Chowk!8m2!3d18.5406452!4d73.784815!16s%2Fg%2F11ckvg1dmb!3m7!1s0x3bc2bf004e4bcba9:0xa2aec2c6a1678005!8m2!3d18.5406452!4d73.784815!9m1!1b1!16s%2Fg%2F11ckvg1dmb?entry=ttu",ChIJqctLTgC_wjsRBYBnocbCrqI,0x3bc2bf004e4bcba9:0xa2aec2c6a1678005,1.17225210384592E+019,/g/11ltsf8kc8,-6724223035250343931
"historical landmark, 411021, Pune, Maharashtra, IN",Chhatrapati Shivaji Maharaj Chowk,Historical landmark,Historical landmark,Historical landmark,,"GQ8F+M99, Patil Nagar, Bavdhan, Pune, Maharashtra 411021","Patil Nagar, Bavdhan",Pune,411021,18.5166685,73.7734951,5,1,"https://search.google.com/local/reviews?placeid=ChIJsyfinH2_wjsRut3vwNiaSw8&q=historical+landmark,+411021,+Pune,+Maharashtra,+IN&authuser=0&hl=en&gl=IN",0,0,0,0,1,,,CLOSED_TEMPORARILY,{},,0,,,,,"https://www.google.com/maps/place/Chhatrapati+Shivaji+Maharaj+Chowk/@18.516668499999998,73.77349509999999,14z/data=!4m8!1m2!2m1!1sChhatrapati+Shivaji+Maharaj+Chowk!3m4!1s0x3bc2bf7d9ce227b3:0xf4b9ad8c0efddba!8m2!3d18.516668499999998!4d73.77349509999999","https://www.google.com/maps/place/Chhatrapati+Shivaji+Maharaj+Chowk/@18.516668499999998,73.77349509999999,13.99z/data=!4m16!1m7!3m6!1s0x3bc2bf7d9ce227b3:0xf4b9ad8c0efddba!2sChhatrapati+Shivaji+Maharaj+Chowk!8m2!3d18.516668499999998!4d73.77349509999999!16s%2Fg%2F11ckvg1dmb!3m7!1s0x3bc2bf7d9ce227b3:0xf4b9ad8c0efddba!8m2!3d18.516668499999998!4d73.77349509999999!9m1!1b1!16s%2Fg%2F11ckvg1dmb?entry=ttu",ChIJsyfinH2_wjsRut3vwNiaSw8,0x3bc2bf7d9ce227b3:0xf4b9ad8c0efddba,1.10214478956278E+018,/g/11tbwz48xc,1102144789562777018
"historical landmark, 411021, Pune, Maharashtra, IN",Treasure point,Historical landmark,Historical landmark,Historical landmark,,"Lake, Pashan, Pune, Maharashtra 411021",Pashan,Pune,411021,18.5355061,73.7881678,5,1,"https://search.google.com/local/reviews?placeid=ChIJOaHfbgC_wjsRqDjutoIiBtc&q=historical+landmark,+411021,+Pune,+Maharashtra,+IN&authuser=0&hl=en&gl=IN",0,0,0,0,1,,,CLOSED_TEMPORARILY,{},,0,,,,,"https://www.google.com/maps/place/Treasure+point/@18.5355061,73.7881678,14z/data=!4m8!1m2!2m1!1sTreasure+point!3m4!1s0x3bc2bf006edfa139:0xd7062282b6ee38a8!8m2!3d18.5355061!4d73.7881678","https://www.google.com/maps/place/Treasure+point/@18.5355061,73.7881678,13.99z/data=!4m16!1m7!3m6!1s0x3bc2bf006edfa139:0xd7062282b6ee38a8!2sTreasure+point!8m2!3d18.5355061!4d73.7881678!16s%2Fg%2F11ckvg1dmb!3m7!1s0x3bc2bf006edfa139:0xd7062282b6ee38a8!8m2!3d18.5355061!4d73.7881678!9m1!1b1!16s%2Fg%2F11ckvg1dmb?entry=ttu",ChIJOaHfbgC_wjsRqDjutoIiBtc,0x3bc2bf006edfa139:0xd7062282b6ee38a8,1.54941095128249E+019,/g/11vwmz80l0,15494109512824928424
"lake, 410401, Pune, Maharashtra, IN",Lonavala Lake,Lake,,Lake,,"Khondagewadi, Lonavala, Maharashtra 410401",Khondagewadi,Lonavala,410401,18.7417874,73.3996038,4.4,1630,"https://search.google.com/local/reviews?placeid=ChIJ2TZdomwB6DsR0asZn2AJ9_4&q=lake,+410401,+Pune,+Maharashtra,+IN&authuser=0&hl=en&gl=IN",55,37,147,430,961,,,OPERATIONAL,{},"Surrounded by lush greenery in the rainy season, this scenic lake is a popular spot for recreation.",,,,,,"https://www.google.com/maps/place/Lonavala+Lake/@18.7417874,73.3996038,14z/data=!4m8!1m2!2m1!1sLonavala+Lake!3m4!1s0x3be8016ca25d36d9:0xfef709609f19abd1!8m2!3d18.7417874!4d73.3996038","https://www.google.com/maps/place/Lonavala+Lake/@18.7417874,73.3996038,13.99z/data=!4m16!1m7!3m6!1s0x3be8016ca25d36d9:0xfef709609f19abd1!2sLonavala+Lake!8m2!3d18.7417874!4d73.3996038!16s%2Fg%2F11ckvg1dmb!3m7!1s0x3be8016ca25d36d9:0xfef709609f19abd1!8m2!3d18.7417874!4d73.3996038!9m1!1b1!16s%2Fg%2F11ckvg1dmb?entry=ttu",ChIJ2TZdomwB6DsR0asZn2AJ9_4,0x3be8016ca25d36d9:0xfef709609f19abd1,1.8372163515472E+019,/g/1tdbcx30,-74580558237553711
"lake, 410401, Pune, Maharashtra, IN",Tungarli Lake,Lake,,Lake,,"Gold Valley Sector D, Gold Valley, Nandgaon, Lonavala, Maharashtra 410405","Gold Valley Sector D, Gold Valley","Nandgaon, Lonavala",410405,18.7752231,73.4093651,4.3,786,"https://search.google.com/local/reviews?placeid=ChIJveZqVPoA6DsRmvHfJ-YWQV8&q=lake,+410401,+Pune,+Maharashtra,+IN&authuser=0&hl=en&gl=IN",16,16,91,219,444,,,OPERATIONAL,{},"Small, serene lake popular for picnics, sunsets & picture-taking in a natural environment.",,,,,,"https://www.google.com/maps/place/Tungarli+Lake/@18.775223099999998,73.4093651,14z/data=!4m8!1m2!2m1!1sTungarli+Lake!3m4!1s0x3be800fa546ae6bd:0x5f4116e627dff19a!8m2!3d18.775223099999998!4d73.4093651","https://www.google.com/maps/place/Tungarli+Lake/@18.775223099999998,73.4093651,13.99z/data=!4m16!1m7!3m6!1s0x3be800fa546ae6bd:0x5f4116e627dff19a!2sTungarli+Lake!8m2!3d18.775223099999998!4d73.4093651!16s%2Fg%2F11ckvg1dmb!3m7!1s0x3be800fa546ae6bd:0x5f4116e627dff19a!8m2!3d18.775223099999998!4d73.4093651!9m1!1b1!16s%2Fg%2F11ckvg1dmb?entry=ttu",ChIJveZqVPoA6DsRmvHfJ-YWQV8,0x3be800fa546ae6bd:0x5f4116e627dff19a,6.86379248485662E+018,/g/1tp_4w5q,6863792484856623514
"lake, 410401, Pune, Maharashtra, IN",Valvhan Lake,Lake,,Lake,,Maharashtra 410405,,IN,410405,18.7761111,73.4291667,4.3,4,"https://search.google.com/local/reviews?placeid=ChIJuZuf2lEA6DsRrfetmddukYk&q=lake,+410401,+Pune,+Maharashtra,+IN&authuser=0&hl=en&gl=IN",0,0,1,1,2,,,OPERATIONAL,{},,,,,,,"https://www.google.com/maps/place/Valvhan+Lake/@18.776111099999998,73.4291667,14z/data=!4m8!1m2!2m1!1sValvhan+Lake!3m4!1s0x3be80051da9f9bb9:0x89916ed799adf7ad!8m2!3d18.776111099999998!4d73.4291667","https://www.google.com/maps/place/Valvhan+Lake/@18.776111099999998,73.4291667,13.99z/data=!4m16!1m7!3m6!1s0x3be80051da9f9bb9:0x89916ed799adf7ad!2sValvhan+Lake!8m2!3d18.776111099999998!4d73.4291667!16s%2Fg%2F11ckvg1dmb!3m7!1s0x3be80051da9f9bb9:0x89916ed799adf7ad!8m2!3d18.776111099999998!4d73.4291667!9m1!1b1!16s%2Fg%2F11ckvg1dmb?entry=ttu",ChIJuZuf2lEA6DsRrfetmddukYk,0x3be80051da9f9bb9:0x89916ed799adf7ad,9.91282612709451E+018,/g/12lt_yl94,-8533917946615040083
"lake, 410401, Pune, Maharashtra, IN",Khandala Lake,Lake,,Lake,,"Khandala, Kune N.m., Lonavala, Maharashtra 410301",Khandala,"Kune N.m., Lonavala",410301,18.7563774,73.3721591,4.1,361,"https://search.google.com/local/reviews?placeid=ChIJNVwaliwB6DsRaMXyo1DJQKA&q=lake,+410401,+Pune,+Maharashtra,+IN&authuser=0&hl=en&gl=IN",13,12,53,133,150,,,OPERATIONAL,{},,,,,,,"https://www.google.com/maps/place/Khandala+Lake/@18.756377399999998,73.37215909999999,14z/data=!4m8!1m2!2m1!1sKhandala+Lake!3m4!1s0x3be8012c961a5c35:0xa040c950a3f2c568!8m2!3d18.756377399999998!4d73.37215909999999","https://www.google.com/maps/place/Khandala+Lake/@18.756377399999998,73.37215909999999,13.99z/data=!4m16!1m7!3m6!1s0x3be8012c961a5c35:0xa040c950a3f2c568!2sKhandala+Lake!8m2!3d18.756377399999998!4d73.37215909999999!16s%2Fg%2F11ckvg1dmb!3m7!1s0x3be8012c961a5c35:0xa040c950a3f2c568!8m2!3d18.756377399999998!4d73.37215909999999!9m1!1b1!16s%2Fg%2F11ckvg1dmb?entry=ttu",ChIJNVwaliwB6DsRaMXyo1DJQKA,0x3be8012c961a5c35:0xa040c950a3f2c568,1.15474507927631E+019,/g/1thhhzwr,-6899293280946436760
"lake, 410401, Pune, Maharashtra, IN",Valvan Village Pond,Pond,,Pond,,"Valvan, Lonavala, Maharashtra 410401",Valvan,Lonavala,410401,18.7594871,73.4222568,4.2,25,"https://search.google.com/local/reviews?placeid=ChIJyS6RGKkB6DsR8dbgewQeAJ0&q=lake,+410401,+Pune,+Maharashtra,+IN&authuser=0&hl=en&gl=IN",0,2,5,3,15,,,OPERATIONAL,{},,,,,,,"https://www.google.com/maps/place/Valvan+Village+Pond/@18.759487099999998,73.4222568,14z/data=!4m8!1m2!2m1!1sValvan+Village+Pond!3m4!1s0x3be801a918912ec9:0x9d001e047be0d6f1!8m2!3d18.759487099999998!4d73.4222568","https://www.google.com/maps/place/Valvan+Village+Pond/@18.759487099999998,73.4222568,13.99z/data=!4m16!1m7!3m6!1s0x3be801a918912ec9:0x9d001e047be0d6f1!2sValvan+Village+Pond!8m2!3d18.759487099999998!4d73.4222568!16s%2Fg%2F11ckvg1dmb!3m7!1s0x3be801a918912ec9:0x9d001e047be0d6f1!8m2!3d18.759487099999998!4d73.4222568!9m1!1b1!16s%2Fg%2F11ckvg1dmb?entry=ttu",ChIJyS6RGKkB6DsR8dbgewQeAJ0,0x3be801a918912ec9:0x9d001e047be0d6f1,1.13130752685617E+019,/g/1tpc6fm0,-7133668805147830543
"lake, 410401, Pune, Maharashtra, IN",Dhalewadi Lake,Lake,,Lake,,"Dhalewadi, Maharashtra 410406",,Dhalewadi,410406,18.7040084,73.4970133,5,6,"https://search.google.com/local/reviews?placeid=ChIJnXJG8r2pwjsR03leUiF_ukQ&q=lake,+410401,+Pune,+Maharashtra,+IN&authuser=0&hl=en&gl=IN",0,0,0,0,6,,,OPERATIONAL,{},,,,,,,"https://www.google.com/maps/place/Dhalewadi+Lake/@18.7040084,73.49701329999999,14z/data=!4m8!1m2!2m1!1sDhalewadi+Lake!3m4!1s0x3bc2a9bdf246729d:0x44ba7f21525e79d3!8m2!3d18.7040084!4d73.49701329999999","https://www.google.com/maps/place/Dhalewadi+Lake/@18.7040084,73.49701329999999,13.99z/data=!4m16!1m7!3m6!1s0x3bc2a9bdf246729d:0x44ba7f21525e79d3!2sDhalewadi+Lake!8m2!3d18.7040084!4d73.49701329999999!16s%2Fg%2F11ckvg1dmb!3m7!1s0x3bc2a9bdf246729d:0x44ba7f21525e79d3!8m2!3d18.7040084!4d73.49701329999999!9m1!1b1!16s%2Fg%2F11ckvg1dmb?entry=ttu",ChIJnXJG8r2pwjsR03leUiF_ukQ,0x3bc2a9bdf246729d:0x44ba7f21525e79d3,4.95241052133985E+018,/g/1hhklj70k,4952410521339853267
"lake, 410401, Pune, Maharashtra, IN",Shankar Lake,Lake,,Lake,,"Gagangiri Nagar, Khopoli, Maharashtra 410203",Gagangiri Nagar,Khopoli,410203,18.7851625,73.3506061,4.2,26,"https://search.google.com/local/reviews?placeid=ChIJ6eXujkAH6DsRHzx2dRU00uo&q=lake,+410401,+Pune,+Maharashtra,+IN&authuser=0&hl=en&gl=IN",1,0,5,7,13,,,OPERATIONAL,{},,,,,,,"https://www.google.com/maps/place/Shankar+Lake/@18.7851625,73.3506061,14z/data=!4m8!1m2!2m1!1sShankar+Lake!3m4!1s0x3be807408eeee5e9:0xead2341575763c1f!8m2!3d18.7851625!4d73.3506061","https://www.google.com/maps/place/Shankar+Lake/@18.7851625,73.3506061,13.99z/data=!4m16!1m7!3m6!1s0x3be807408eeee5e9:0xead2341575763c1f!2sShankar+Lake!8m2!3d18.7851625!4d73.3506061!16s%2Fg%2F11ckvg1dmb!3m7!1s0x3be807408eeee5e9:0xead2341575763c1f!8m2!3d18.7851625!4d73.3506061!9m1!1b1!16s%2Fg%2F11ckvg1dmb?entry=ttu",ChIJ6eXujkAH6DsRHzx2dRU00uo,0x3be807408eeee5e9:0xead2341575763c1f,1.6920644016754E+019,/g/12jsw1c2r,-1526100056955536353
"lake, 410401, Pune, Maharashtra, IN",Hinjewadi Lake,Lake,,Lake,,"Maan, Maharashtra 411057",Maan,IN,411057,18.57942,73.72526,3.3,29,"https://search.google.com/local/reviews?placeid=ChIJ73oB0Oy7wjsRqdGG6OtufEI&q=lake,+410401,+Pune,+Maharashtra,+IN&authuser=0&hl=en&gl=IN",10,1,1,5,12,,,OPERATIONAL,{},,,,,,,"https://www.google.com/maps/place/Hinjewadi+Lake/@18.57942,73.72525999999999,14z/data=!4m8!1m2!2m1!1sHinjewadi+Lake!3m4!1s0x3bc2bbecd0017aef:0x427c6eebe886d1a9!8m2!3d18.57942!4d73.72525999999999","https://www.google.com/maps/place/Hinjewadi+Lake/@18.57942,73.72525999999999,13.99z/data=!4m16!1m7!3m6!1s0x3bc2bbecd0017aef:0x427c6eebe886d1a9!2sHinjewadi+Lake!8m2!3d18.57942!4d73.72525999999999!16s%2Fg%2F11ckvg1dmb!3m7!1s0x3bc2bbecd0017aef:0x427c6eebe886d1a9!8m2!3d18.57942!4d73.72525999999999!9m1!1b1!16s%2Fg%2F11ckvg1dmb?entry=ttu",ChIJ73oB0Oy7wjsRqdGG6OtufEI,0x3bc2bbecd0017aef:0x427c6eebe886d1a9,4.79082606311288E+018,/g/1tx45h0y,4790826063112884649
"lake, 410401, Pune, Maharashtra, IN",Shivsagar Lake,Lake,,Lake,,Maharashtra 410402,,IN,410402,18.7184727,73.3804481,4.4,288,"https://search.google.com/local/reviews?placeid=ChIJT-zy7lcB6DsRCRfC5Sk_woA&q=lake,+410401,+Pune,+Maharashtra,+IN&authuser=0&hl=en&gl=IN",2,6,30,92,158,,,OPERATIONAL,{},,,,,,,"https://www.google.com/maps/place/Shivsagar+Lake/@18.7184727,73.3804481,14z/data=!4m8!1m2!2m1!1sShivsagar+Lake!3m4!1s0x3be80157eef2ec4f:0x80c23f29e5c21709!8m2!3d18.7184727!4d73.3804481","https://www.google.com/maps/place/Shivsagar+Lake/@18.7184727,73.3804481,13.99z/data=!4m16!1m7!3m6!1s0x3be80157eef2ec4f:0x80c23f29e5c21709!2sShivsagar+Lake!8m2!3d18.7184727!4d73.3804481!16s%2Fg%2F11ckvg1dmb!3m7!1s0x3be80157eef2ec4f:0x80c23f29e5c21709!8m2!3d18.7184727!4d73.3804481!9m1!1b1!16s%2Fg%2F11ckvg1dmb?entry=ttu",ChIJT-zy7lcB6DsRCRfC5Sk_woA,0x3be80157eef2ec4f:0x80c23f29e5c21709,9.27804763151756E+018,/g/12hp_pkx0,-9168696442191997175
"lake, 410401, Pune, Maharashtra, IN",Shivaji Lake,Reservoir,,Reservoir,,"Kurvande, Maharashtra 410402",,Kurvande,410402,18.7180633,73.3719749,4.5,143,"https://search.google.com/local/reviews?placeid=ChIJWVN9PFUB6DsRVptVWEhYQng&q=lake,+410401,+Pune,+Maharashtra,+IN&authuser=0&hl=en&gl=IN",1,1,14,38,89,,,OPERATIONAL,{},,,,,,,"https://www.google.com/maps/place/Shivaji+Lake/@18.7180633,73.3719749,14z/data=!4m8!1m2!2m1!1sShivaji+Lake!3m4!1s0x3be801553c7d5359:0x7842584858559b56!8m2!3d18.7180633!4d73.3719749","https://www.google.com/maps/place/Shivaji+Lake/@18.7180633,73.3719749,13.99z/data=!4m16!1m7!3m6!1s0x3be801553c7d5359:0x7842584858559b56!2sShivaji+Lake!8m2!3d18.7180633!4d73.3719749!16s%2Fg%2F11ckvg1dmb!3m7!1s0x3be801553c7d5359:0x7842584858559b56!8m2!3d18.7180633!4d73.3719749!9m1!1b1!16s%2Fg%2F11ckvg1dmb?entry=ttu",ChIJWVN9PFUB6DsRVptVWEhYQng,0x3be801553c7d5359:0x7842584858559b56,8.66558570075715E+018,/g/12hmcsmq2,8665585700757150550
"lake, 410401, Pune, Maharashtra, IN",Shirota,Reservoir,,Reservoir,,Maharashtra 410405,,IN,410405,18.811228,73.4592701,4.2,59,"https://search.google.com/local/reviews?placeid=ChIJVdE6fuL_5zsRGBpJ4OMxTw8&q=lake,+410401,+Pune,+Maharashtra,+IN&authuser=0&hl=en&gl=IN",3,3,7,13,33,,,OPERATIONAL,{},,,,,,,"https://www.google.com/maps/place/Shirota/@18.811228,73.4592701,14z/data=!4m8!1m2!2m1!1sShirota!3m4!1s0x3be7ffe27e3ad155:0xf4f31e3e0491a18!8m2!3d18.811228!4d73.4592701","https://www.google.com/maps/place/Shirota/@18.811228,73.4592701,13.99z/data=!4m16!1m7!3m6!1s0x3be7ffe27e3ad155:0xf4f31e3e0491a18!2sShirota!8m2!3d18.811228!4d73.4592701!16s%2Fg%2F11ckvg1dmb!3m7!1s0x3be7ffe27e3ad155:0xf4f31e3e0491a18!8m2!3d18.811228!4d73.4592701!9m1!1b1!16s%2Fg%2F11ckvg1dmb?entry=ttu",ChIJVdE6fuL_5zsRGBpJ4OMxTw8,0x3be7ffe27e3ad155:0xf4f31e3e0491a18,1.10315528851929E+018,/g/1w663wq_,1103155288519285272
"lake, 410401, Pune, Maharashtra, IN",Bhushi Dam,Reservoir,,Reservoir,,Maharashtra 410401,,IN,410401,18.7224264,73.3962885,4.2,3748,"https://search.google.com/local/reviews?placeid=ChIJSXUDsWEB6DsRGK56_D4p-A8&q=lake,+410401,+Pune,+Maharashtra,+IN&authuser=0&hl=en&gl=IN",163,132,463,1031,1959,,,OPERATIONAL,{},,,,,,,"https://www.google.com/maps/place/Bhushi+Dam/@18.7224264,73.3962885,14z/data=!4m8!1m2!2m1!1sBhushi+Dam!3m4!1s0x3be80161b1037549:0xff8293efc7aae18!8m2!3d18.7224264!4d73.3962885","https://www.google.com/maps/place/Bhushi+Dam/@18.7224264,73.3962885,13.99z/data=!4m16!1m7!3m6!1s0x3be80161b1037549:0xff8293efc7aae18!2sBhushi+Dam!8m2!3d18.7224264!4d73.3962885!16s%2Fg%2F11ckvg1dmb!3m7!1s0x3be80161b1037549:0xff8293efc7aae18!8m2!3d18.7224264!4d73.3962885!9m1!1b1!16s%2Fg%2F11ckvg1dmb?entry=ttu",ChIJSXUDsWEB6DsRGK56_D4p-A8,0x3be80161b1037549:0xff8293efc7aae18,1.15071505529377E+018,/m/012dwdpx,1150715055293771288
"lake, 410401, Pune, Maharashtra, IN",Valvan Dam,Reservoir,,Reservoir,,Maharashtra 410405,,IN,410405,18.7766308,73.4268608,4.3,156,"https://search.google.com/local/reviews?placeid=ChIJ4c-Lm1oA6DsReCSFoOI_CaQ&q=lake,+410401,+Pune,+Maharashtra,+IN&authuser=0&hl=en&gl=IN",9,6,8,46,87,,,OPERATIONAL,{},,,,,,,"https://www.google.com/maps/place/Valvan+Dam/@18.7766308,73.4268608,14z/data=!4m8!1m2!2m1!1sValvan+Dam!3m4!1s0x3be8005a9b8bcfe1:0xa4093fe2a0852478!8m2!3d18.7766308!4d73.4268608","https://www.google.com/maps/place/Valvan+Dam/@18.7766308,73.4268608,13.99z/data=!4m16!1m7!3m6!1s0x3be8005a9b8bcfe1:0xa4093fe2a0852478!2sValvan+Dam!8m2!3d18.7766308!4d73.4268608!16s%2Fg%2F11ckvg1dmb!3m7!1s0x3be8005a9b8bcfe1:0xa4093fe2a0852478!8m2!3d18.7766308!4d73.4268608!9m1!1b1!16s%2Fg%2F11ckvg1dmb?entry=ttu",ChIJ4c-Lm1oA6DsReCSFoOI_CaQ,0x3be8005a9b8bcfe1:0xa4093fe2a0852478,1.18200489395988E+019,/g/1ptx4vjlj,-6626695134110735240
"lake, 410401, Pune, Maharashtra, IN",Raj Pawna Lake Lonavla,Campground,Campground,Campground,,"QC4F+95P, Gharkul Society, Valvan, Lonavala, Maharashtra 410401","Gharkul Society, Valvan",Lonavala,410401,18.7559634,73.4229525,5,1,"https://search.google.com/local/reviews?placeid=ChIJT0hqqKAB6DsRWm9xhOizmSA&q=lake,+410401,+Pune,+Maharashtra,+IN&authuser=0&hl=en&gl=IN",0,0,0,0,1,,,OPERATIONAL,"{""Children"": {""Good for kids"": true}}",,0,,,,,"https://www.google.com/maps/place/Raj+Pawna+Lake+Lonavla/@18.7559634,73.4229525,14z/data=!4m8!1m2!2m1!1sRaj+Pawna+Lake+Lonavla!3m4!1s0x3be801a0a86a484f:0x2099b3e884716f5a!8m2!3d18.7559634!4d73.4229525","https://www.google.com/maps/place/Raj+Pawna+Lake+Lonavla/@18.7559634,73.4229525,13.99z/data=!4m16!1m7!3m6!1s0x3be801a0a86a484f:0x2099b3e884716f5a!2sRaj+Pawna+Lake+Lonavla!8m2!3d18.7559634!4d73.4229525!16s%2Fg%2F11ckvg1dmb!3m7!1s0x3be801a0a86a484f:0x2099b3e884716f5a!8m2!3d18.7559634!4d73.4229525!9m1!1b1!16s%2Fg%2F11ckvg1dmb?entry=ttu",ChIJT0hqqKAB6DsRWm9xhOizmSA,0x3be801a0a86a484f:0x2099b3e884716f5a,2.34910649188624E+018,/g/11t9cs_mkv,2349106491886235482
"lake, 410401, Pune, Maharashtra, IN",Manas Lake,Lake,,Lake,,Maharashtra,,IN,,18.495461,73.735282,4.2,517,"https://search.google.com/local/reviews?placeid=ChIJrWDqD-i9wjsRxoVLQihTaVw&q=lake,+410401,+Pune,+Maharashtra,+IN&authuser=0&hl=en&gl=IN",13,14,71,159,260,,,OPERATIONAL,{},,,,,,,"https://www.google.com/maps/place/Manas+Lake/@18.495461,73.735282,14z/data=!4m8!1m2!2m1!1sManas+Lake!3m4!1s0x3bc2bde80fea60ad:0x5c695328424b85c6!8m2!3d18.495461!4d73.735282","https://www.google.com/maps/place/Manas+Lake/@18.495461,73.735282,13.99z/data=!4m16!1m7!3m6!1s0x3bc2bde80fea60ad:0x5c695328424b85c6!2sManas+Lake!8m2!3d18.495461!4d73.735282!16s%2Fg%2F11ckvg1dmb!3m7!1s0x3bc2bde80fea60ad:0x5c695328424b85c6!8m2!3d18.495461!4d73.735282!9m1!1b1!16s%2Fg%2F11ckvg1dmb?entry=ttu",ChIJrWDqD-i9wjsRxoVLQihTaVw,0x3bc2bde80fea60ad:0x5c695328424b85c6,6.65894495642003E+018,/g/1vs5v4mf,6658944956420031942
"lake, 410401, Pune, Maharashtra, IN",Lake View Resort,Resort hotel,hotels,Resort hotel,,"Lake, Ryewood - 4, near Lonavala, Thombrewadi, Lonavala, Maharashtra 410401",Thombrewadi,Lonavala,410401,18.7455379,73.3980139,4.1,1119,"https://search.google.com/local/reviews?placeid=ChIJX85KZhEB6DsRC5RCCuy_YyU&q=lake,+410401,+Pune,+Maharashtra,+IN&authuser=0&hl=en&gl=IN",52,46,153,355,513,,,OPERATIONAL,"{""Other"": {""Pool"": true, ""Free parking"": true, ""Free breakfast"": true, ""Free Wi-Fi"": true, ""Star rating"": ""2 stars"", ""Check-out time"": ""10:00 am"", ""Check-in time"": ""12:00 pm""}, ""Amenities"": {""Free Wi-Fi"": true, ""Free breakfast"": true}}","Airy rooms in an unfussy hotel, offering free breakfast, a rooftop restaurant & a garden.",1,102650124719763815730,,,,"https://www.google.com/maps/place/Lake+View+Resort/@18.7455379,73.3980139,14z/data=!4m8!1m2!2m1!1sLake+View+Resort!3m4!1s0x3be80111664ace5f:0x2563bfec0a42940b!8m2!3d18.7455379!4d73.3980139","https://www.google.com/maps/place/Lake+View+Resort/@18.7455379,73.3980139,13.99z/data=!4m16!1m7!3m6!1s0x3be80111664ace5f:0x2563bfec0a42940b!2sLake+View+Resort!8m2!3d18.7455379!4d73.3980139!16s%2Fg%2F11ckvg1dmb!3m7!1s0x3be80111664ace5f:0x2563bfec0a42940b!8m2!3d18.7455379!4d73.3980139!9m1!1b1!16s%2Fg%2F11ckvg1dmb?entry=ttu",ChIJX85KZhEB6DsRC5RCCuy_YyU,0x3be80111664ace5f:0x2563bfec0a42940b,2.69420802260301E+018,/g/1tkc0l6k,2694208022603011083
"lake, 410401, Pune, Maharashtra, IN",Valvan Lake View Point,Tourist attraction,attractions,Tourist attraction,,"Valvan Dam, Nandgaon, Maharashtra 410405",,Nandgaon,410405,18.7775562,73.4168684,4.4,20,"https://search.google.com/local/reviews?placeid=ChIJEVU9N2MB6DsRDH9PGlhuNRk&q=lake,+410401,+Pune,+Maharashtra,+IN&authuser=0&hl=en&gl=IN",0,1,1,8,10,,,OPERATIONAL,"{""Children"": {""Good for kids"": true}}",,0,,,,,"https://www.google.com/maps/place/Valvan+Lake+View+Point/@18.7775562,73.4168684,14z/data=!4m8!1m2!2m1!1sValvan+Lake+View+Point!3m4!1s0x3be80163373d5511:0x19356e581a4f7f0c!8m2!3d18.7775562!4d73.4168684","https://www.google.com/maps/place/Valvan+Lake+View+Point/@18.7775562,73.4168684,13.99z/data=!4m16!1m7!3m6!1s0x3be80163373d5511:0x19356e581a4f7f0c!2sValvan+Lake+View+Point!8m2!3d18.7775562!4d73.4168684!16s%2Fg%2F11ckvg1dmb!3m7!1s0x3be80163373d5511:0x19356e581a4f7f0c!8m2!3d18.7775562!4d73.4168684!9m1!1b1!16s%2Fg%2F11ckvg1dmb?entry=ttu",ChIJEVU9N2MB6DsRDH9PGlhuNRk,0x3be80163373d5511:0x19356e581a4f7f0c,1.81647934939146E+018,/g/11v06lmxdx,1816479349391458060
"lake, 410401, Pune, Maharashtra, IN",Lonavala camping,"Campground, Adventure Sports Center, Holiday apartment rental, Holiday home, Resort hotel",attractions,Campground,+91 96372 27319,"dharmendra deol farmhouse Aundhe khurd, Pawna dam road, near morya willa and silver spring willa, Lonavala, Maharashtra 410401",,"Lonavala, Kurvande",410401,18.7266973,73.4396186,4.7,194,"https://search.google.com/local/reviews?placeid=ChIJkTrb-K8B6DsR4k7K5KZURkc&q=lake,+410401,+Pune,+Maharashtra,+IN&authuser=0&hl=en&gl=IN",7,0,7,12,168,,,OPERATIONAL,"{""From the business"": {""Identifies as women-owned"": true}, ""Activities"": {""Hiking"": true}, ""Crowd"": {""LGBTQ+ friendly"": true}, ""Payments"": {""Camping fee"": true, ""Google Pay"": true}, ""Children"": {""Good for kids"": true, ""Good for kids birthday"": true, ""Kid-friendly hikes"": true, ""Playground"": true}, ""Pets"": {""Dog park"": true}, ""Other"": {""Pool"": true, ""Free parking"": true, ""Free breakfast"": true, ""Free Wi-Fi"": true, ""Star rating"": null, ""Check-out time"": ""11:00 am"", ""Check-in time"": ""3:00 pm"", ""LGBTQ+ friendly"": true, ""Identifies as women-owned"": true}, ""Amenities"": {""Free Wi-Fi"": true, ""Free breakfast"": true}}",,1,116570554344707254188,,,,"https://www.google.com/maps/place/Lonavala+camping/@18.726697299999998,73.4396186,14z/data=!4m8!1m2!2m1!1sLonavala+camping!3m4!1s0x3be801aff8db3a91:0x474654a6e4ca4ee2!8m2!3d18.726697299999998!4d73.4396186","https://www.google.com/maps/place/Lonavala+camping/@18.726697299999998,73.4396186,13.99z/data=!4m16!1m7!3m6!1s0x3be801aff8db3a91:0x474654a6e4ca4ee2!2sLonavala+camping!8m2!3d18.726697299999998!4d73.4396186!16s%2Fg%2F11ckvg1dmb!3m7!1s0x3be801aff8db3a91:0x474654a6e4ca4ee2!8m2!3d18.726697299999998!4d73.4396186!9m1!1b1!16s%2Fg%2F11ckvg1dmb?entry=ttu",ChIJkTrb-K8B6DsR4k7K5KZURkc,0x3be801aff8db3a91:0x474654a6e4ca4ee2,5.1358855008424E+018,/g/11p0z57pfq,5135885500842397410
"lake, 410401, Pune, Maharashtra, IN",Lonavala Mountain Waterfall,Historical landmark,Historical landmark,Historical landmark,,"PCP6+P5H, Olkaiwadi, Lonavala, Kusgaon Budruk, Maharashtra 410401",Olkaiwadi,"Lonavala, Kusgaon Budruk",410401,18.7368194,73.41049,5,6,"https://search.google.com/local/reviews?placeid=ChIJI5qbVQAB6DsRwS13k-a9jeI&q=lake,+410401,+Pune,+Maharashtra,+IN&authuser=0&hl=en&gl=IN",0,0,0,0,6,,,OPERATIONAL,"{""Children"": {""Good for kids"": true}}",,0,,,,,"https://www.google.com/maps/place/Lonavala+Mountain+Waterfall/@18.736819399999998,73.41049,14z/data=!4m8!1m2!2m1!1sLonavala+Mountain+Waterfall!3m4!1s0x3be80100559b9a23:0xe28dbde693772dc1!8m2!3d18.736819399999998!4d73.41049","https://www.google.com/maps/place/Lonavala+Mountain+Waterfall/@18.736819399999998,73.41049,13.99z/data=!4m16!1m7!3m6!1s0x3be80100559b9a23:0xe28dbde693772dc1!2sLonavala+Mountain+Waterfall!8m2!3d18.736819399999998!4d73.41049!16s%2Fg%2F11ckvg1dmb!3m7!1s0x3be80100559b9a23:0xe28dbde693772dc1!8m2!3d18.736819399999998!4d73.41049!9m1!1b1!16s%2Fg%2F11ckvg1dmb?entry=ttu",ChIJI5qbVQAB6DsRwS13k-a9jeI,0x3be80100559b9a23:0xe28dbde693772dc1,1.63249130223021E+019,/g/11w1zhx6tm,-2121831051407446591
"lake, 410401, Pune, Maharashtra, IN",Lake View Villas By Purohits,"Villa, Service Apartment",Villa,Villa,,"QC5C+6M9 Lake, near Valvan, Valvan, Lonavala, Maharashtra 410401",Valvan,Lonavala,410401,18.7580625,73.4216875,4.7,34,"https://search.google.com/local/reviews?placeid=ChIJMXnM-8wB6DsRA6E-XGrdwhw&q=lake,+410401,+Pune,+Maharashtra,+IN&authuser=0&hl=en&gl=IN",2,0,0,3,29,,,OPERATIONAL,"{""Accessibility"": {""Wheelchair-accessible entrance"": false, ""Wheelchair-accessible seating"": false, ""Wheelchair-accessible toilet"": false}, ""Crowd"": {""LGBTQ+ friendly"": true}, ""Other"": {""LGBTQ+ friendly"": true}}",,1,108713771588849844877,,,,"https://www.google.com/maps/place/Lake+View+Villas+By+Purohits/@18.758062499999998,73.42168749999999,14z/data=!4m8!1m2!2m1!1sLake+View+Villas+By+Purohits!3m4!1s0x3be801ccfbcc7931:0x1cc2dd6a5c3ea103!8m2!3d18.758062499999998!4d73.42168749999999","https://www.google.com/maps/place/Lake+View+Villas+By+Purohits/@18.758062499999998,73.42168749999999,13.99z/data=!4m16!1m7!3m6!1s0x3be801ccfbcc7931:0x1cc2dd6a5c3ea103!2sLake+View+Villas+By+Purohits!8m2!3d18.758062499999998!4d73.42168749999999!16s%2Fg%2F11ckvg1dmb!3m7!1s0x3be801ccfbcc7931:0x1cc2dd6a5c3ea103!8m2!3d18.758062499999998!4d73.42168749999999!9m1!1b1!16s%2Fg%2F11ckvg1dmb?entry=ttu",ChIJMXnM-8wB6DsRA6E-XGrdwhw,0x3be801ccfbcc7931:0x1cc2dd6a5c3ea103,2.07246222742773E+018,/g/11t8676b5s,2072462227427729667
"lake, 410401, Pune, Maharashtra, IN",Kasarsai Dam,Reservoir,,Reservoir,,Maharashtra,,IN,,18.6200891,73.6550926,4.4,5634,"https://search.google.com/local/reviews?placeid=ChIJeyDDfTOlwjsRGYCImdI-jsk&q=lake,+410401,+Pune,+Maharashtra,+IN&authuser=0&hl=en&gl=IN",87,103,535,1745,3164,,,OPERATIONAL,{},"Scenic dam & lake with waterside picnic areas, boat excursions, dining & a simple hotel.",,,,,,"https://www.google.com/maps/place/Kasarsai+Dam/@18.620089099999998,73.6550926,14z/data=!4m8!1m2!2m1!1sKasarsai+Dam!3m4!1s0x3bc2a5337dc3207b:0xc98e3ed299888019!8m2!3d18.620089099999998!4d73.6550926","https://www.google.com/maps/place/Kasarsai+Dam/@18.620089099999998,73.6550926,13.99z/data=!4m16!1m7!3m6!1s0x3bc2a5337dc3207b:0xc98e3ed299888019!2sKasarsai+Dam!8m2!3d18.620089099999998!4d73.6550926!16s%2Fg%2F11ckvg1dmb!3m7!1s0x3bc2a5337dc3207b:0xc98e3ed299888019!8m2!3d18.620089099999998!4d73.6550926!9m1!1b1!16s%2Fg%2F11ckvg1dmb?entry=ttu",ChIJeyDDfTOlwjsRGYCImdI-jsk,0x3bc2a5337dc3207b:0xc98e3ed299888019,1.45236149225563E+019,/g/1tgckrhg,-3923129151153209319
"lake, 410401, Pune, Maharashtra, IN",Khadakwasla Lake,Lake,,Lake,,Maharashtra,,IN,,18.4323571,73.762495,4.4,681,"https://search.google.com/local/reviews?placeid=ChIJoWQLq4-WwjsRz_QjnoaMJhg&q=lake,+410401,+Pune,+Maharashtra,+IN&authuser=0&hl=en&gl=IN",11,10,57,206,397,,,OPERATIONAL,{},,,,,,,"https://www.google.com/maps/place/Khadakwasla+Lake/@18.4323571,73.762495,14z/data=!4m8!1m2!2m1!1sKhadakwasla+Lake!3m4!1s0x3bc2968fab0b64a1:0x18268c869e23f4cf!8m2!3d18.4323571!4d73.762495","https://www.google.com/maps/place/Khadakwasla+Lake/@18.4323571,73.762495,13.99z/data=!4m16!1m7!3m6!1s0x3bc2968fab0b64a1:0x18268c869e23f4cf!2sKhadakwasla+Lake!8m2!3d18.4323571!4d73.762495!16s%2Fg%2F11ckvg1dmb!3m7!1s0x3bc2968fab0b64a1:0x18268c869e23f4cf!8m2!3d18.4323571!4d73.762495!9m1!1b1!16s%2Fg%2F11ckvg1dmb?entry=ttu",ChIJoWQLq4-WwjsRz_QjnoaMJhg,0x3bc2968fab0b64a1:0x18268c869e23f4cf,1.74023281583194E+018,/m/0dwzhtf,1740232815831938255
"lake, 410401, Pune, Maharashtra, IN",Raj Pawna Lake Lonavla,Campground,Campground,Campground,,"PCX7+MJ8, Rao Colony, Lonavala, Kusgaon Budruk, Maharashtra 410401",Rao Colony,"Lonavala, Kusgaon Budruk",410401,18.7491729,73.4140903,5,2,"https://search.google.com/local/reviews?placeid=ChIJFdveNEMB6DsR-Ni5AJ1VyNc&q=lake,+410401,+Pune,+Maharashtra,+IN&authuser=0&hl=en&gl=IN",0,0,0,0,2,,,OPERATIONAL,"{""Children"": {""Good for kids"": true}}",,0,,,,,"https://www.google.com/maps/place/Raj+Pawna+Lake+Lonavla/@18.749172899999998,73.4140903,14z/data=!4m8!1m2!2m1!1sRaj+Pawna+Lake+Lonavla!3m4!1s0x3be8014334dedb15:0xd7c8559d00b9d8f8!8m2!3d18.749172899999998!4d73.4140903","https://www.google.com/maps/place/Raj+Pawna+Lake+Lonavla/@18.749172899999998,73.4140903,13.99z/data=!4m16!1m7!3m6!1s0x3be8014334dedb15:0xd7c8559d00b9d8f8!2sRaj+Pawna+Lake+Lonavla!8m2!3d18.749172899999998!4d73.4140903!16s%2Fg%2F11ckvg1dmb!3m7!1s0x3be8014334dedb15:0xd7c8559d00b9d8f8!8m2!3d18.749172899999998!4d73.4140903!9m1!1b1!16s%2Fg%2F11ckvg1dmb?entry=ttu",ChIJFdveNEMB6DsR-Ni5AJ1VyNc,0x3be8014334dedb15:0xd7c8559d00b9d8f8,1.5548771846307E+019,/g/11s5p2kszt,-2897972227402508040
"lake, 410401, Pune, Maharashtra, IN",Lonavala railway station,Train yard,Train yard,Train yard,,"Siddharth Nagar, Lonavala, Maharashtra 410401",Siddharth Nagar,Lonavala,410401,18.7494663,73.4075744,4.3,16836,"https://search.google.com/local/reviews?placeid=ChIJSRDg5A8B6DsR-fw7__D7CEc&q=lake,+410401,+Pune,+Maharashtra,+IN&authuser=0&hl=en&gl=IN",473,430,2267,4908,8758,"{""Monday"": ""Open 24 hours"", ""Tuesday"": ""Open 24 hours"", ""Wednesday"": ""Open 24 hours"", ""Thursday"": ""Open 24 hours"", ""Friday"": ""Open 24 hours"", ""Saturday"": ""Open 24 hours"", ""Sunday"": ""Open 24 hours""}",,OPERATIONAL,"{""Service options"": {""On-site services"": true}, ""Accessibility"": {""Wheelchair-accessible car park"": true, ""Wheelchair-accessible entrance"": true}}",,0,,,,,"https://www.google.com/maps/place/Lonavala+railway+station/@18.749466299999998,73.4075744,14z/data=!4m8!1m2!2m1!1sLonavala+railway+station!3m4!1s0x3be8010fe4e01049:0x4708fbf0ff3bfcf9!8m2!3d18.749466299999998!4d73.4075744","https://www.google.com/maps/place/Lonavala+railway+station/@18.749466299999998,73.4075744,13.99z/data=!4m16!1m7!3m6!1s0x3be8010fe4e01049:0x4708fbf0ff3bfcf9!2sLonavala+railway+station!8m2!3d18.749466299999998!4d73.4075744!16s%2Fg%2F11ckvg1dmb!3m7!1s0x3be8010fe4e01049:0x4708fbf0ff3bfcf9!8m2!3d18.749466299999998!4d73.4075744!9m1!1b1!16s%2Fg%2F11ckvg1dmb?entry=ttu",ChIJSRDg5A8B6DsR-fw7__D7CEc,0x3be8010fe4e01049:0x4708fbf0ff3bfcf9,5.11861798899941E+018,/g/11ls5t_3rn,5118617988999412985
"lake, 410401, Pune, Maharashtra, IN",Andhra Lake,Lake,,Lake,,"Malegaon Kh., Maharashtra 410505",,Malegaon Kh.,410505,18.9013889,73.5277778,5,7,"https://search.google.com/local/reviews?placeid=ChIJl8xgDztU3TsRggZxWugeUMY&q=lake,+410401,+Pune,+Maharashtra,+IN&authuser=0&hl=en&gl=IN",0,0,0,0,7,,,OPERATIONAL,{},,,,,,,"https://www.google.com/maps/place/Andhra+Lake/@18.9013889,73.5277778,14z/data=!4m8!1m2!2m1!1sAndhra+Lake!3m4!1s0x3bdd543b0f60cc97:0xc6501ee85a710682!8m2!3d18.9013889!4d73.5277778","https://www.google.com/maps/place/Andhra+Lake/@18.9013889,73.5277778,13.99z/data=!4m16!1m7!3m6!1s0x3bdd543b0f60cc97:0xc6501ee85a710682!2sAndhra+Lake!8m2!3d18.9013889!4d73.5277778!16s%2Fg%2F11ckvg1dmb!3m7!1s0x3bdd543b0f60cc97:0xc6501ee85a710682!8m2!3d18.9013889!4d73.5277778!9m1!1b1!16s%2Fg%2F11ckvg1dmb?entry=ttu",ChIJl8xgDztU3TsRggZxWugeUMY,0x3bdd543b0f60cc97:0xc6501ee85a710682,1.42899556009452E+019,/g/12ltk5dfk,-4156788472764365182
"lake, 410401, Pune, Maharashtra, IN",Karav,Lake,,Lake,,"Pashane, Maharashtra 410101",,Pashane,410101,19.1109656,73.3255504,4.7,21,"https://search.google.com/local/reviews?placeid=ChIJvTtHbLPz5zsRft2N2ezFBAg&q=lake,+410401,+Pune,+Maharashtra,+IN&authuser=0&hl=en&gl=IN",0,0,2,3,16,,,OPERATIONAL,{},,,,,,,"https://www.google.com/maps/place/Karav/@19.1109656,73.3255504,14z/data=!4m8!1m2!2m1!1sKarav!3m4!1s0x3be7f3b36c473bbd:0x804c5ecd98ddd7e!8m2!3d19.1109656!4d73.3255504","https://www.google.com/maps/place/Karav/@19.1109656,73.3255504,13.99z/data=!4m16!1m7!3m6!1s0x3be7f3b36c473bbd:0x804c5ecd98ddd7e!2sKarav!8m2!3d19.1109656!4d73.3255504!16s%2Fg%2F11ckvg1dmb!3m7!1s0x3be7f3b36c473bbd:0x804c5ecd98ddd7e!8m2!3d19.1109656!4d73.3255504!9m1!1b1!16s%2Fg%2F11ckvg1dmb?entry=ttu",ChIJvTtHbLPz5zsRft2N2ezFBAg,0x3be7f3b36c473bbd:0x804c5ecd98ddd7e,5.77804273263173E+017,/g/1hc4v9z79,577804273263172990
"restaurant, 413110, Pune, Maharashtra, IN",Aakara phata,Chinese restaurant,restaurants,Chinese restaurant,,"48GW+GXW, Sadobachiwadi, Maharashtra 412306",,Sadobachiwadi,412306,18.1275331,74.34763,5,1,"https://search.google.com/local/reviews?placeid=ChIJ_UGGbgCpwzsRyP9yo2GDJGM&q=restaurant,+413110,+Pune,+Maharashtra,+IN&authuser=0&hl=en&gl=IN",0,0,0,0,1,"{""Monday"": ""11:22pm-12am"", ""Tuesday"": ""11:22pm-12am"", ""Wednesday"": ""11:22pm-12am"", ""Thursday"": ""11:22pm-12am"", ""Friday"": ""11:22pm-12am"", ""Saturday"": ""11:22pm-12am"", ""Sunday"": ""12am-10:45pm,11:22pm-12am""}",,OPERATIONAL,"{""Offerings"": {""Cuisine"": true}, ""Crowd"": {""Groups"": true}, ""Children"": {""Good for kids"": true}, ""Parking"": {""Free street parking"": true}}",,0,,,,,"https://www.google.com/maps/place/Aakara+phata/@18.1275331,74.34763,14z/data=!4m8!1m2!2m1!1sAakara+phata!3m4!1s0x3bc3a9006e8641fd:0x63248361a372ffc8!8m2!3d18.1275331!4d74.34763","https://www.google.com/maps/place/Aakara+phata/@18.1275331,74.34763,13.99z/data=!4m16!1m7!3m6!1s0x3bc3a9006e8641fd:0x63248361a372ffc8!2sAakara+phata!8m2!3d18.1275331!4d74.34763!16s%2Fg%2F11ckvg1dmb!3m7!1s0x3bc3a9006e8641fd:0x63248361a372ffc8!8m2!3d18.1275331!4d74.34763!9m1!1b1!16s%2Fg%2F11ckvg1dmb?entry=ttu",ChIJ_UGGbgCpwzsRyP9yo2GDJGM,0x3bc3a9006e8641fd:0x63248361a372ffc8,7.14397936429374E+018,/g/11lz1nqp8f,7143979364293738440
"restaurant, 413110, Pune, Maharashtra, IN",Hotel Sarjerao dada & hurda party,Restaurant,restaurants,Restaurant,,"6CVQ+926, Baramati, Maharashtra 412204",,Baramati,412204,18.2434176,74.4375078,5,1,"https://search.google.com/local/reviews?placeid=ChIJW2e3CwAJwzsRkdcYc4_ull0&q=restaurant,+413110,+Pune,+Maharashtra,+IN&authuser=0&hl=en&gl=IN",0,0,0,0,1,,,OPERATIONAL,{},,0,,,,,"https://www.google.com/maps/place/Hotel+Sarjerao+dada+%26+hurda+party/@18.2434176,74.43750779999999,14z/data=!4m8!1m2!2m1!1sHotel+Sarjerao+dada+%26+hurda+party!3m4!1s0x3bc309000bb7675b:0x5d96ee8f7318d791!8m2!3d18.2434176!4d74.43750779999999","https://www.google.com/maps/place/Hotel+Sarjerao+dada+%26+hurda+party/@18.2434176,74.43750779999999,13.99z/data=!4m16!1m7!3m6!1s0x3bc309000bb7675b:0x5d96ee8f7318d791!2sHotel+Sarjerao+dada+%26+hurda+party!8m2!3d18.2434176!4d74.43750779999999!16s%2Fg%2F11ckvg1dmb!3m7!1s0x3bc309000bb7675b:0x5d96ee8f7318d791!8m2!3d18.2434176!4d74.43750779999999!9m1!1b1!16s%2Fg%2F11ckvg1dmb?entry=ttu",ChIJW2e3CwAJwzsRkdcYc4_ull0,0x3bc309000bb7675b:0x5d96ee8f7318d791,6.74383979191264E+018,/g/11ww937zdb,6743839791912638353
"restaurant, 413110, Pune, Maharashtra, IN",Shree Restaurant Vegetarian,Restaurant,restaurants,Restaurant,,"Pandare, Baramati - Nira Rd, Pune, Maharashtra 413110",,Pune,413110,18.1405201,74.4478366,4.8,15,"https://search.google.com/local/reviews?placeid=ChIJ9wiPowCnwzsRwodJmACklNI&q=restaurant,+413110,+Pune,+Maharashtra,+IN&authuser=0&hl=en&gl=IN",0,0,0,3,12,"{""Monday"": ""8am-10pm"", ""Tuesday"": ""8am-10pm"", ""Wednesday"": ""8am-10pm"", ""Thursday"": ""8am-10pm"", ""Friday"": ""8am-10pm"", ""Saturday"": ""8am-10pm"", ""Sunday"": ""8am-10pm""}",,OPERATIONAL,"{""Service options"": {""Outdoor seating"": true, ""Delivery"": true, ""Takeaway"": true, ""Dine-in"": true}, ""Accessibility"": {""Wheelchair-accessible car park"": true}, ""Offerings"": {""All you can eat"": true, ""Coffee"": true, ""Small plates"": true, ""Vegetarian options"": true}, ""Dining options"": {""Breakfast"": true, ""Brunch"": true, ""Lunch"": true, ""Dinner"": true, ""Dessert"": true, ""Seating"": true}, ""Atmosphere"": {""Casual"": true}, ""Crowd"": {""Family friendly"": true, ""Groups"": true}, ""Planning"": {""Accepts reservations"": true}, ""Payments"": {""Google Pay"": true, ""Mobile Wallets"": true}, ""Children"": {""Good for kids"": true}, ""Parking"": {""Free street parking"": true}}",,1,105398233973182194201,,,,"https://www.google.com/maps/place/Shree+Restaurant+Vegetarian/@18.1405201,74.4478366,14z/data=!4m8!1m2!2m1!1sShree+Restaurant+Vegetarian!3m4!1s0x3bc3a700a38f08f7:0xd294a400984987c2!8m2!3d18.1405201!4d74.4478366","https://www.google.com/maps/place/Shree+Restaurant+Vegetarian/@18.1405201,74.4478366,13.99z/data=!4m16!1m7!3m6!1s0x3bc3a700a38f08f7:0xd294a400984987c2!2sShree+Restaurant+Vegetarian!8m2!3d18.1405201!4d74.4478366!16s%2Fg%2F11ckvg1dmb!3m7!1s0x3bc3a700a38f08f7:0xd294a400984987c2!8m2!3d18.1405201!4d74.4478366!9m1!1b1!16s%2Fg%2F11ckvg1dmb?entry=ttu",ChIJ9wiPowCnwzsRwodJmACklNI,0x3bc3a700a38f08f7:0xd294a400984987c2,1.517393336698E+019,/g/11ff4ndwz4,-3272810706729596990
"restaurant, 413110, Pune, Maharashtra, IN",Hotel JANAI,Fast food restaurant,restaurants,Fast food restaurant,+91 90116 19284,"Shop No. 8 Baramati Road, Pati, Loni, Pati, Maharashtra 412204",Loni,"Pati, Loni Bhapkar",412204,18.2602286,74.3879443,4.8,16,"https://search.google.com/local/reviews?placeid=ChIJz4gFyc8FwzsRNKvVoEisY_g&q=restaurant,+413110,+Pune,+Maharashtra,+IN&authuser=0&hl=en&gl=IN",1,0,0,0,15,,,OPERATIONAL,"{""Service options"": {""Takeaway"": true, ""Dine-in"": true}, ""Offerings"": {""Dishes"": true}, ""Atmosphere"": {""Casual"": true}, ""Crowd"": {""Groups"": true}, ""Children"": {""Good for kids"": true}, ""Parking"": {""Free street parking"": true}}",,1,117873271861542282079,,,,"https://www.google.com/maps/place/Hotel+JANAI/@18.260228599999998,74.3879443,14z/data=!4m8!1m2!2m1!1sHotel+JANAI!3m4!1s0x3bc305cfc90588cf:0xf863ac48a0d5ab34!8m2!3d18.260228599999998!4d74.3879443","https://www.google.com/maps/place/Hotel+JANAI/@18.260228599999998,74.3879443,13.99z/data=!4m16!1m7!3m6!1s0x3bc305cfc90588cf:0xf863ac48a0d5ab34!2sHotel+JANAI!8m2!3d18.260228599999998!4d74.3879443!16s%2Fg%2F11ckvg1dmb!3m7!1s0x3bc305cfc90588cf:0xf863ac48a0d5ab34!8m2!3d18.260228599999998!4d74.3879443!9m1!1b1!16s%2Fg%2F11ckvg1dmb?entry=ttu",ChIJz4gFyc8FwzsRNKvVoEisY_g,0x3bc305cfc90588cf:0xf863ac48a0d5ab34,1.78983387720365E+019,/g/11swzmcs48,-548405301673088204
"restaurant, 413110, Pune, Maharashtra, IN",Bhairavnath Hotel,Fast food restaurant,restaurants,Fast food restaurant,+91 86051 04343,"Shop No 1, Road, near Late, Thopatewadi, Maharashtra 413115",,Thopatewadi,413115,18.1116395,74.4087663,5,1,"https://search.google.com/local/reviews?placeid=ChIJxXWQLcynwzsRcktJ4s44qPA&q=restaurant,+413110,+Pune,+Maharashtra,+IN&authuser=0&hl=en&gl=IN",0,0,0,0,1,,,OPERATIONAL,"{""Service options"": {""Takeaway"": true, ""Dine-in"": true}, ""Offerings"": {""Dishes"": true}, ""Atmosphere"": {""Casual"": true}, ""Crowd"": {""Groups"": true}, ""Children"": {""Good for kids"": true}, ""Parking"": {""Free street parking"": true}}",,1,100241467660364576940,,,,"https://www.google.com/maps/place/Bhairavnath+Hotel/@18.1116395,74.4087663,14z/data=!4m8!1m2!2m1!1sBhairavnath+Hotel!3m4!1s0x3bc3a7cc2d9075c5:0xf0a838cee2494b72!8m2!3d18.1116395!4d74.4087663","https://www.google.com/maps/place/Bhairavnath+Hotel/@18.1116395,74.4087663,13.99z/data=!4m16!1m7!3m6!1s0x3bc3a7cc2d9075c5:0xf0a838cee2494b72!2sBhairavnath+Hotel!8m2!3d18.1116395!4d74.4087663!16s%2Fg%2F11ckvg1dmb!3m7!1s0x3bc3a7cc2d9075c5:0xf0a838cee2494b72!8m2!3d18.1116395!4d74.4087663!9m1!1b1!16s%2Fg%2F11ckvg1dmb?entry=ttu",ChIJxXWQLcynwzsRcktJ4s44qPA,0x3bc3a7cc2d9075c5:0xf0a838cee2494b72,1.7341172826401E+019,/g/11jz0c_k8k,-1105571247308584078
"restaurant, 413110, Pune, Maharashtra, IN",Savatamali Hotel,Fast food restaurant,restaurants,Fast food restaurant,+91 97676 56192,"3CJR+92V, Pandharwadi, Shirasne, Maharashtra 412103",,"Pandharwadi, Shirasne",412103,18.0809994,74.4400349,5,1,"https://search.google.com/local/reviews?placeid=ChIJJ2RHzSanwzsRm-SsqGnJMSQ&q=restaurant,+413110,+Pune,+Maharashtra,+IN&authuser=0&hl=en&gl=IN",0,0,0,0,1,,,OPERATIONAL,"{""Service options"": {""Takeaway"": true, ""Dine-in"": true}, ""Offerings"": {""Dishes"": true}, ""Dining options"": {""Dinner"": true}, ""Atmosphere"": {""Casual"": true}, ""Crowd"": {""Groups"": true}, ""Payments"": {""Mobile Wallets"": true}, ""Children"": {""Good for kids"": true}, ""Parking"": {""Free street parking"": true}}",,0,,,,,"https://www.google.com/maps/place/Savatamali+Hotel/@18.0809994,74.4400349,14z/data=!4m8!1m2!2m1!1sSavatamali+Hotel!3m4!1s0x3bc3a726cd476427:0x2431c969a8ace49b!8m2!3d18.0809994!4d74.4400349","https://www.google.com/maps/place/Savatamali+Hotel/@18.0809994,74.4400349,13.99z/data=!4m16!1m7!3m6!1s0x3bc3a726cd476427:0x2431c969a8ace49b!2sSavatamali+Hotel!8m2!3d18.0809994!4d74.4400349!16s%2Fg%2F11ckvg1dmb!3m7!1s0x3bc3a726cd476427:0x2431c969a8ace49b!8m2!3d18.0809994!4d74.4400349!9m1!1b1!16s%2Fg%2F11ckvg1dmb?entry=ttu",ChIJJ2RHzSanwzsRm-SsqGnJMSQ,0x3bc3a726cd476427:0x2431c969a8ace49b,2.60808711486288E+018,/g/11pvg6nddy,2608087114862879899
"restaurant, 413110, Pune, Maharashtra, IN",Swayambhu Bhuvan,Fast food restaurant,restaurants,Fast food restaurant,+91 99230 70459,"Nr General Madical, Loni Road, Loni Bhapkar, Pune, Maharashtra 413110",,"Loni Bhapkar, Pune",413110,18.2265267,74.3853129,5,1,"https://search.google.com/local/reviews?placeid=ChIJGyIcHTEHwzsRhvuh96N0Kg8&q=restaurant,+413110,+Pune,+Maharashtra,+IN&authuser=0&hl=en&gl=IN",0,0,0,0,1,,,OPERATIONAL,"{""Service options"": {""Takeaway"": true, ""Dine-in"": true}, ""Offerings"": {""Dishes"": true}, ""Atmosphere"": {""Casual"": true}, ""Crowd"": {""Groups"": true}, ""Children"": {""Good for kids"": true}, ""Parking"": {""Free street parking"": true}}",,1,113652645078807225578,,,,"https://www.google.com/maps/place/Swayambhu+Bhuvan/@18.2265267,74.3853129,14z/data=!4m8!1m2!2m1!1sSwayambhu+Bhuvan!3m4!1s0x3bc307311d1c221b:0xf2a74a3f7a1fb86!8m2!3d18.2265267!4d74.3853129","https://www.google.com/maps/place/Swayambhu+Bhuvan/@18.2265267,74.3853129,13.99z/data=!4m16!1m7!3m6!1s0x3bc307311d1c221b:0xf2a74a3f7a1fb86!2sSwayambhu+Bhuvan!8m2!3d18.2265267!4d74.3853129!16s%2Fg%2F11ckvg1dmb!3m7!1s0x3bc307311d1c221b:0xf2a74a3f7a1fb86!8m2!3d18.2265267!4d74.3853129!9m1!1b1!16s%2Fg%2F11ckvg1dmb?entry=ttu",ChIJGyIcHTEHwzsRhvuh96N0Kg8,0x3bc307311d1c221b:0xf2a74a3f7a1fb86,1.09281410717385E+018,/g/11vxgm_rj3,1092814107173845894
"restaurant, 413110, Pune, Maharashtra, IN",Hotel Tukai,Fast food restaurant,restaurants,Fast food restaurant,+91 99759 96438,"Shop No, 1, Karhavagaj Rd, Baramati, Nepat Valan, Maharashtra 413115",,"Baramati, Nepat Valan",413115,18.167416,74.5066289,4.3,3,"https://search.google.com/local/reviews?placeid=ChIJNXCTJaOhwzsRhRgau3ufpf0&q=restaurant,+413110,+Pune,+Maharashtra,+IN&authuser=0&hl=en&gl=IN",0,0,0,2,1,,,OPERATIONAL,"{""Service options"": {""Takeaway"": true, ""Dine-in"": true}, ""Offerings"": {""Coffee"": true, ""Dishes"": true}, ""Atmosphere"": {""Casual"": true}, ""Crowd"": {""Groups"": true}, ""Children"": {""Good for kids"": true}, ""Parking"": {""Free street parking"": true}}",,0,,,,,"https://www.google.com/maps/place/Hotel+Tukai/@18.167416,74.5066289,14z/data=!4m8!1m2!2m1!1sHotel+Tukai!3m4!1s0x3bc3a1a325937035:0xfda59f7bbb1a1885!8m2!3d18.167416!4d74.5066289","https://www.google.com/maps/place/Hotel+Tukai/@18.167416,74.5066289,13.99z/data=!4m16!1m7!3m6!1s0x3bc3a1a325937035:0xfda59f7bbb1a1885!2sHotel+Tukai!8m2!3d18.167416!4d74.5066289!16s%2Fg%2F11ckvg1dmb!3m7!1s0x3bc3a1a325937035:0xfda59f7bbb1a1885!8m2!3d18.167416!4d74.5066289!9m1!1b1!16s%2Fg%2F11ckvg1dmb?entry=ttu",ChIJNXCTJaOhwzsRhRgau3ufpf0,0x3bc3a1a325937035:0xfda59f7bbb1a1885,1.82771900165219E+019,/g/11rk6f73tp,-169554057187682171
"restaurant, 413110, Pune, Maharashtra, IN",HOTEL SHRI DATTA,Restaurant,restaurants,Restaurant,+91 97676 03038,"6FH5+M4V, Jejuri - Morgaon - Baramati Rd, Jalgaon Kadepathar, Maharashtra 412204",,Jalgaon Kadepathar,412204,18.2292468,74.4578069,4,1,"https://search.google.com/local/reviews?placeid=ChIJnwqZTwUJwzsRB6Gp6TNFepI&q=restaurant,+413110,+Pune,+Maharashtra,+IN&authuser=0&hl=en&gl=IN",0,0,0,1,0,,,OPERATIONAL,"{""Service options"": {""Takeaway"": true, ""Dine-in"": true}, ""Offerings"": {""Small plates"": true}, ""Dining options"": {""Lunch"": true, ""Dinner"": true}, ""Atmosphere"": {""Casual"": true}, ""Crowd"": {""Groups"": true}, ""Children"": {""Good for kids"": true}, ""Parking"": {""Free street parking"": true}}",,0,,,,,"https://www.google.com/maps/place/HOTEL+SHRI+DATTA/@18.2292468,74.4578069,14z/data=!4m8!1m2!2m1!1sHOTEL+SHRI+DATTA!3m4!1s0x3bc309054f990a9f:0x927a4533e9a9a107!8m2!3d18.2292468!4d74.4578069","https://www.google.com/maps/place/HOTEL+SHRI+DATTA/@18.2292468,74.4578069,13.99z/data=!4m16!1m7!3m6!1s0x3bc309054f990a9f:0x927a4533e9a9a107!2sHOTEL+SHRI+DATTA!8m2!3d18.2292468!4d74.4578069!16s%2Fg%2F11ckvg1dmb!3m7!1s0x3bc309054f990a9f:0x927a4533e9a9a107!8m2!3d18.2292468!4d74.4578069!9m1!1b1!16s%2Fg%2F11ckvg1dmb?entry=ttu",ChIJnwqZTwUJwzsRB6Gp6TNFepI,0x3bc309054f990a9f:0x927a4533e9a9a107,1.0554824765962E+019,/g/11h4dzn1_d,-7891919307747516153
"restaurant, 413110, Pune, Maharashtra, IN",Hotel swagat & Chinese centre 🍝,Chinese restaurant,restaurants,Chinese restaurant,,"48HX+4PF, Baramati - Nira Rd, Someshwar Nagar, Maharashtra 412306",,Someshwar Nagar,412306,18.1281379,74.3492071,3.4,7,"https://search.google.com/local/reviews?placeid=ChIJf5E2EACpwzsRSDT6Q3GOeOM&q=restaurant,+413110,+Pune,+Maharashtra,+IN&authuser=0&hl=en&gl=IN",1,1,1,2,2,,,OPERATIONAL,"{""Service options"": {""Dine-in"": true}, ""Offerings"": {""Small plates"": true, ""Cuisine"": true}, ""Atmosphere"": {""Casual"": true}, ""Crowd"": {""Groups"": true}, ""Children"": {""Good for kids"": true}, ""Parking"": {""Free street parking"": true}}",,0,,,,,"https://www.google.com/maps/place/Hotel+swagat+%26+Chinese+centre+%F0%9F%8D%9D/@18.1281379,74.3492071,14z/data=!4m8!1m2!2m1!1sHotel+swagat+%26+Chinese+centre+%F0%9F%8D%9D!3m4!1s0x3bc3a9001036917f:0xe3788e7143fa3448!8m2!3d18.1281379!4d74.3492071","https://www.google.com/maps/place/Hotel+swagat+%26+Chinese+centre+%F0%9F%8D%9D/@18.1281379,74.3492071,13.99z/data=!4m16!1m7!3m6!1s0x3bc3a9001036917f:0xe3788e7143fa3448!2sHotel+swagat+%26+Chinese+centre+%F0%9F%8D%9D!8m2!3d18.1281379!4d74.3492071!16s%2Fg%2F11ckvg1dmb!3m7!1s0x3bc3a9001036917f:0xe3788e7143fa3448!8m2!3d18.1281379!4d74.3492071!9m1!1b1!16s%2Fg%2F11ckvg1dmb?entry=ttu",ChIJf5E2EACpwzsRSDT6Q3GOeOM,0x3bc3a9001036917f:0xe3788e7143fa3448,1.63910074609378E+019,/g/11wg2gmqjp,-2055736612771711928
"restaurant, 413110, Pune, Maharashtra, IN",हॉटेल फौजी चहा / hotel fouji tea,Breakfast restaurant,restaurants,Breakfast restaurant,,"49GW+XX6, Korhale Bk, Maharashtra 412103",,Korhale Bk,412103,18.1274025,74.3973813,5,1,"https://search.google.com/local/reviews?placeid=ChIJi4K9ZwCpwzsRaohKOl8pWDo&q=restaurant,+413110,+Pune,+Maharashtra,+IN&authuser=0&hl=en&gl=IN",0,0,0,0,1,,,OPERATIONAL,"{""Service options"": {""Takeaway"": true, ""Dine-in"": true}, ""Offerings"": {""Small plates"": true}, ""Dining options"": {""Breakfast"": true}, ""Atmosphere"": {""Casual"": true}, ""Crowd"": {""Groups"": true}, ""Children"": {""Good for kids"": true}, ""Parking"": {""Free street parking"": true}}",,0,,,,,"https://www.google.com/maps/place/%E0%A4%B9%E0%A5%89%E0%A4%9F%E0%A5%87%E0%A4%B2+%E0%A4%AB%E0%A5%8C%E0%A4%9C%E0%A5%80+%E0%A4%9A%E0%A4%B9%E0%A4%BE+%2F+hotel+fouji+tea/@18.1274025,74.39738129999999,14z/data=!4m8!1m2!2m1!1s%E0%A4%B9%E0%A5%89%E0%A4%9F%E0%A5%87%E0%A4%B2+%E0%A4%AB%E0%A5%8C%E0%A4%9C%E0%A5%80+%E0%A4%9A%E0%A4%B9%E0%A4%BE+%2F+hotel+fouji+tea!3m4!1s0x3bc3a90067bd828b:0x3a58295f3a4a886a!8m2!3d18.1274025!4d74.39738129999999","https://www.google.com/maps/place/%E0%A4%B9%E0%A5%89%E0%A4%9F%E0%A5%87%E0%A4%B2+%E0%A4%AB%E0%A5%8C%E0%A4%9C%E0%A5%80+%E0%A4%9A%E0%A4%B9%E0%A4%BE+%2F+hotel+fouji+tea/@18.1274025,74.39738129999999,13.99z/data=!4m16!1m7!3m6!1s0x3bc3a90067bd828b:0x3a58295f3a4a886a!2s%E0%A4%B9%E0%A5%89%E0%A4%9F%E0%A5%87%E0%A4%B2+%E0%A4%AB%E0%A5%8C%E0%A4%9C%E0%A5%80+%E0%A4%9A%E0%A4%B9%E0%A4%BE+%2F+hotel+fouji+tea!8m2!3d18.1274025!4d74.39738129999999!16s%2Fg%2F11ckvg1dmb!3m7!1s0x3bc3a90067bd828b:0x3a58295f3a4a886a!8m2!3d18.1274025!4d74.39738129999999!9m1!1b1!16s%2Fg%2F11ckvg1dmb?entry=ttu",ChIJi4K9ZwCpwzsRaohKOl8pWDo,0x3bc3a90067bd828b:0x3a58295f3a4a886a,4.20415574112695E+018,/g/11wc1sz5gd,4204155741126953066
"restaurant, 413110, Pune, Maharashtra, IN",Shri Ganesh Hotel,Fast food restaurant,restaurants,Fast food restaurant,+91 76666 70451,"Shop No, 1, Karhavagaj Rd, Baramati, Nepat Valan, Maharashtra 413115",,"Baramati, Nepat Valan",413115,18.1676697,74.50706,5,1,"https://search.google.com/local/reviews?placeid=ChIJ_cWGjQahwzsRSR1RGZB6Ylc&q=restaurant,+413110,+Pune,+Maharashtra,+IN&authuser=0&hl=en&gl=IN",0,0,0,0,1,,,CLOSED_TEMPORARILY,"{""Service options"": {""Dine-in"": true}, ""Offerings"": {""Dishes"": true}}",,0,,,,,"https://www.google.com/maps/place/Shri+Ganesh+Hotel/@18.167669699999998,74.50706,14z/data=!4m8!1m2!2m1!1sShri+Ganesh+Hotel!3m4!1s0x3bc3a1068d86c5fd:0x57627a9019511d49!8m2!3d18.167669699999998!4d74.50706","https://www.google.com/maps/place/Shri+Ganesh+Hotel/@18.167669699999998,74.50706,13.99z/data=!4m16!1m7!3m6!1s0x3bc3a1068d86c5fd:0x57627a9019511d49!2sShri+Ganesh+Hotel!8m2!3d18.167669699999998!4d74.50706!16s%2Fg%2F11ckvg1dmb!3m7!1s0x3bc3a1068d86c5fd:0x57627a9019511d49!8m2!3d18.167669699999998!4d74.50706!9m1!1b1!16s%2Fg%2F11ckvg1dmb?entry=ttu",ChIJ_cWGjQahwzsRSR1RGZB6Ylc,0x3bc3a1068d86c5fd:0x57627a9019511d49,6.296729988336E+018,/g/11rl6ssyn_,6296729988336000329
"restaurant, 413110, Pune, Maharashtra, IN",होटल राजवी,Breakfast restaurant,restaurants,Breakfast restaurant,+91 95689 93405,"Baramati - Pune Rd, Malegaon Budruk, Malegaon Bk, Maharashtra 413115",,"Malegaon Budruk, Malegaon Bk",413115,18.1360201,74.5022145,4.5,2,"https://search.google.com/local/reviews?placeid=ChIJWxUi_s2hwzsRB_qzTM8pqtY&q=restaurant,+413110,+Pune,+Maharashtra,+IN&authuser=0&hl=en&gl=IN",0,0,0,1,1,,,CLOSED_TEMPORARILY,"{""Service options"": {""Dine-in"": true}, ""Offerings"": {""Coffee"": true}, ""Dining options"": {""Breakfast"": true}}",,0,,,,,"https://www.google.com/maps/place/%E0%A4%B9%E0%A5%8B%E0%A4%9F%E0%A4%B2+%E0%A4%B0%E0%A4%BE%E0%A4%9C%E0%A4%B5%E0%A5%80/@18.1360201,74.5022145,14z/data=!4m8!1m2!2m1!1s%E0%A4%B9%E0%A5%8B%E0%A4%9F%E0%A4%B2+%E0%A4%B0%E0%A4%BE%E0%A4%9C%E0%A4%B5%E0%A5%80!3m4!1s0x3bc3a1cdfe22155b:0xd6aa29cf4cb3fa07!8m2!3d18.1360201!4d74.5022145","https://www.google.com/maps/place/%E0%A4%B9%E0%A5%8B%E0%A4%9F%E0%A4%B2+%E0%A4%B0%E0%A4%BE%E0%A4%9C%E0%A4%B5%E0%A5%80/@18.1360201,74.5022145,13.99z/data=!4m16!1m7!3m6!1s0x3bc3a1cdfe22155b:0xd6aa29cf4cb3fa07!2s%E0%A4%B9%E0%A5%8B%E0%A4%9F%E0%A4%B2+%E0%A4%B0%E0%A4%BE%E0%A4%9C%E0%A4%B5%E0%A5%80!8m2!3d18.1360201!4d74.5022145!16s%2Fg%2F11ckvg1dmb!3m7!1s0x3bc3a1cdfe22155b:0xd6aa29cf4cb3fa07!8m2!3d18.1360201!4d74.5022145!9m1!1b1!16s%2Fg%2F11ckvg1dmb?entry=ttu",ChIJWxUi_s2hwzsRB_qzTM8pqtY,0x3bc3a1cdfe22155b:0xd6aa29cf4cb3fa07,1.54682218404792E+019,/g/11mhw6ndld,-2978522233230329337
"restaurant, 413110, Pune, Maharashtra, IN",Murli Tyres,Restaurant,restaurants,Restaurant,+91 77589 00539,"Shop No 1, Baramati, Malegaon Bk, Maharashtra 413102",,"Baramati, Malegaon Bk",413102,18.1354682,74.5214519,5,1,"https://search.google.com/local/reviews?placeid=ChIJaSUQ1rihwzsRlo-0tD2KZVA&q=restaurant,+413110,+Pune,+Maharashtra,+IN&authuser=0&hl=en&gl=IN",0,0,0,0,1,,,OPERATIONAL,"{""Service options"": {""Delivery"": true, ""Takeaway"": true, ""Dine-in"": true}, ""Offerings"": {""Small plates"": true}, ""Dining options"": {""Brunch"": true, ""Lunch"": true, ""Dinner"": true, ""Dessert"": true}, ""Atmosphere"": {""Casual"": true}, ""Crowd"": {""Groups"": true}, ""Payments"": {""Mobile Wallets"": true}, ""Children"": {""Good for kids"": true}, ""Parking"": {""Free street parking"": true}}",,0,,,,,"https://www.google.com/maps/place/Murli+Tyres/@18.1354682,74.5214519,14z/data=!4m8!1m2!2m1!1sMurli+Tyres!3m4!1s0x3bc3a1b8d6102569:0x50658a3db4b48f96!8m2!3d18.1354682!4d74.5214519","https://www.google.com/maps/place/Murli+Tyres/@18.1354682,74.5214519,13.99z/data=!4m16!1m7!3m6!1s0x3bc3a1b8d6102569:0x50658a3db4b48f96!2sMurli+Tyres!8m2!3d18.1354682!4d74.5214519!16s%2Fg%2F11ckvg1dmb!3m7!1s0x3bc3a1b8d6102569:0x50658a3db4b48f96!8m2!3d18.1354682!4d74.5214519!9m1!1b1!16s%2Fg%2F11ckvg1dmb?entry=ttu",ChIJaSUQ1rihwzsRlo-0tD2KZVA,0x3bc3a1b8d6102569:0x50658a3db4b48f96,5.79318849331138E+018,/g/11rvdh3x1j,5793188493311381398
"restaurant, 413110, Pune, Maharashtra, IN",Hotel Dhanashree Garden,Indian restaurant,restaurants,Indian restaurant,,"6CXG+PQ5, Jejuri - Morgaon - Baramati Rd, Malwadi, Maharashtra 412204",,Malwadi,412204,18.2492528,74.4269732,4.3,25,"https://search.google.com/local/reviews?placeid=ChIJJ70FoR8JwzsRlLFRBg1WWL8&q=restaurant,+413110,+Pune,+Maharashtra,+IN&authuser=0&hl=en&gl=IN",2,0,2,5,16,"{""Monday"": ""11am-11pm"", ""Tuesday"": ""11am-11pm"", ""Wednesday"": ""11am-11pm"", ""Thursday"": ""11am-11pm"", ""Friday"": ""11am-11pm"", ""Saturday"": ""11am-11pm"", ""Sunday"": ""11am-11pm""}",,OPERATIONAL,"{""Service options"": {""Delivery"": true, ""Takeaway"": true, ""Dine-in"": true}, ""Offerings"": {""All you can eat"": true, ""Small plates"": true}, ""Dining options"": {""Lunch"": true, ""Dinner"": true}, ""Amenities"": {""Toilets"": true}, ""Atmosphere"": {""Casual"": true}, ""Crowd"": {""Groups"": true}, ""Payments"": {""Mobile Wallets"": true}, ""Children"": {""Good for kids"": true}, ""Parking"": {""Free parking lot"": true, ""Free street parking"": true}}",,0,,,,,"https://www.google.com/maps/place/Hotel+Dhanashree+Garden/@18.2492528,74.42697319999999,14z/data=!4m8!1m2!2m1!1sHotel+Dhanashree+Garden!3m4!1s0x3bc3091fa105bd27:0xbf58560d0651b194!8m2!3d18.2492528!4d74.42697319999999","https://www.google.com/maps/place/Hotel+Dhanashree+Garden/@18.2492528,74.42697319999999,13.99z/data=!4m16!1m7!3m6!1s0x3bc3091fa105bd27:0xbf58560d0651b194!2sHotel+Dhanashree+Garden!8m2!3d18.2492528!4d74.42697319999999!16s%2Fg%2F11ckvg1dmb!3m7!1s0x3bc3091fa105bd27:0xbf58560d0651b194!8m2!3d18.2492528!4d74.42697319999999!9m1!1b1!16s%2Fg%2F11ckvg1dmb?entry=ttu",ChIJJ70FoR8JwzsRlLFRBg1WWL8,0x3bc3091fa105bd27:0xbf58560d0651b194,1.37878648731354E+019,/g/11f6dq_9b2,-4658879200574197356
"restaurant, 413110, Pune, Maharashtra, IN",Hotel Yashoda,Restaurant,restaurants,Restaurant,,"4CMJ+X7J, Pune, Maharashtra 413110",,Pune,413110,18.1349603,74.4306404,3.6,28,"https://search.google.com/local/reviews?placeid=ChIJs1UnZSmnwzsRUnhGIeBTmog&q=restaurant,+413110,+Pune,+Maharashtra,+IN&authuser=0&hl=en&gl=IN",3,3,6,5,11,,,OPERATIONAL,"{""Service options"": {""Takeaway"": true, ""Dine-in"": true}, ""Accessibility"": {""Wheelchair-accessible toilet"": true}, ""Offerings"": {""Late-night food"": true, ""Small plates"": true}, ""Dining options"": {""Breakfast"": true, ""Brunch"": true, ""Lunch"": true, ""Dinner"": true}, ""Amenities"": {""Toilets"": true}, ""Atmosphere"": {""Casual"": true}, ""Crowd"": {""Groups"": true}, ""Payments"": {""Mobile Wallets"": true}, ""Children"": {""Good for kids"": true}, ""Parking"": {""Free street parking"": true}}",,0,,,,,"https://www.google.com/maps/place/Hotel+Yashoda/@18.1349603,74.4306404,14z/data=!4m8!1m2!2m1!1sHotel+Yashoda!3m4!1s0x3bc3a729652755b3:0x889a53e021467852!8m2!3d18.1349603!4d74.4306404","https://www.google.com/maps/place/Hotel+Yashoda/@18.1349603,74.4306404,13.99z/data=!4m16!1m7!3m6!1s0x3bc3a729652755b3:0x889a53e021467852!2sHotel+Yashoda!8m2!3d18.1349603!4d74.4306404!16s%2Fg%2F11ckvg1dmb!3m7!1s0x3bc3a729652755b3:0x889a53e021467852!8m2!3d18.1349603!4d74.4306404!9m1!1b1!16s%2Fg%2F11ckvg1dmb?entry=ttu",ChIJs1UnZSmnwzsRUnhGIeBTmog,0x3bc3a729652755b3:0x889a53e021467852,9.84327215766769E+018,/g/11f66qz4g6,-8603471916041865134
"restaurant, 413110, Pune, Maharashtra, IN",हॉटेल शिवशक्ती व्हेज-नॉनव्हेज,Restaurant,restaurants,Restaurant,,"5GRC+PFW, Jejuri-Morgaon-Baramati Rd, Near Janai petrol pumpNepat Valan, Maharashtra 413102",,Nepat Valan,413102,18.1918681,74.5212021,3.9,12,"https://search.google.com/local/reviews?placeid=ChIJr6eO0xQKwzsRwpOPgfE7Co0&q=restaurant,+413110,+Pune,+Maharashtra,+IN&authuser=0&hl=en&gl=IN",0,1,5,0,6,"{""Monday"": ""11am-11pm"", ""Tuesday"": ""11am-11pm"", ""Wednesday"": ""11am-11pm"", ""Thursday"": ""11am-11pm"", ""Friday"": ""11am-11pm"", ""Saturday"": ""11am-11pm"", ""Sunday"": ""11am-11pm""}",,OPERATIONAL,"{""Service options"": {""Takeaway"": true, ""Dine-in"": true}, ""Offerings"": {""Small plates"": true}, ""Dining options"": {""Lunch"": true, ""Dinner"": true}, ""Atmosphere"": {""Casual"": true}, ""Crowd"": {""Groups"": true}, ""Children"": {""Good for kids"": true}, ""Parking"": {""Free parking lot"": true, ""Free street parking"": true}}",,0,,,,,"https://www.google.com/maps/place/%E0%A4%B9%E0%A5%89%E0%A4%9F%E0%A5%87%E0%A4%B2+%E0%A4%B6%E0%A4%BF%E0%A4%B5%E0%A4%B6%E0%A4%95%E0%A5%8D%E0%A4%A4%E0%A5%80+%E0%A4%B5%E0%A5%8D%E0%A4%B9%E0%A5%87%E0%A4%9C-%E0%A4%A8%E0%A5%89%E0%A4%A8%E0%A4%B5%E0%A5%8D%E0%A4%B9%E0%A5%87%E0%A4%9C/@18.1918681,74.5212021,14z/data=!4m8!1m2!2m1!1s%E0%A4%B9%E0%A5%89%E0%A4%9F%E0%A5%87%E0%A4%B2+%E0%A4%B6%E0%A4%BF%E0%A4%B5%E0%A4%B6%E0%A4%95%E0%A5%8D%E0%A4%A4%E0%A5%80+%E0%A4%B5%E0%A5%8D%E0%A4%B9%E0%A5%87%E0%A4%9C-%E0%A4%A8%E0%A5%89%E0%A4%A8%E0%A4%B5%E0%A5%8D%E0%A4%B9%E0%A5%87%E0%A4%9C!3m4!1s0x3bc30a14d38ea7af:0x8d0a3bf1818f93c2!8m2!3d18.1918681!4d74.5212021","https://www.google.com/maps/place/%E0%A4%B9%E0%A5%89%E0%A4%9F%E0%A5%87%E0%A4%B2+%E0%A4%B6%E0%A4%BF%E0%A4%B5%E0%A4%B6%E0%A4%95%E0%A5%8D%E0%A4%A4%E0%A5%80+%E0%A4%B5%E0%A5%8D%E0%A4%B9%E0%A5%87%E0%A4%9C-%E0%A4%A8%E0%A5%89%E0%A4%A8%E0%A4%B5%E0%A5%8D%E0%A4%B9%E0%A5%87%E0%A4%9C/@18.1918681,74.5212021,13.99z/data=!4m16!1m7!3m6!1s0x3bc30a14d38ea7af:0x8d0a3bf1818f93c2!2s%E0%A4%B9%E0%A5%89%E0%A4%9F%E0%A5%87%E0%A4%B2+%E0%A4%B6%E0%A4%BF%E0%A4%B5%E0%A4%B6%E0%A4%95%E0%A5%8D%E0%A4%A4%E0%A5%80+%E0%A4%B5%E0%A5%8D%E0%A4%B9%E0%A5%87%E0%A4%9C-%E0%A4%A8%E0%A5%89%E0%A4%A8%E0%A4%B5%E0%A5%8D%E0%A4%B9%E0%A5%87%E0%A4%9C!8m2!3d18.1918681!4d74.5212021!16s%2Fg%2F11ckvg1dmb!3m7!1s0x3bc30a14d38ea7af:0x8d0a3bf1818f93c2!8m2!3d18.1918681!4d74.5212021!9m1!1b1!16s%2Fg%2F11ckvg1dmb?entry=ttu",ChIJr6eO0xQKwzsRwpOPgfE7Co0,0x3bc30a14d38ea7af:0x8d0a3bf1818f93c2,1.01630014175618E+019,/g/11f3scx5kn,-8283742656147778622
"restaurant, 413110, Pune, Maharashtra, IN",Hotel Shivkrupa,Restaurant,restaurants,Restaurant,+91 86000 71477,"Shop No 1, Malegaon College, nr. Malegaon College Malegaon, Baramati, Malegaon Bk, Maharashtra 413115",,"Baramati, Malegaon Bk",413115,18.1360934,74.5015868,3,1,"https://search.google.com/local/reviews?placeid=ChIJo8zvyL6hwzsRd4crdbUGpyE&q=restaurant,+413110,+Pune,+Maharashtra,+IN&authuser=0&hl=en&gl=IN",0,0,1,0,0,,,OPERATIONAL,"{""Service options"": {""Drive-through"": true, ""Takeaway"": true, ""Dine-in"": true}, ""Offerings"": {""Small plates"": true}, ""Dining options"": {""Lunch"": true, ""Dinner"": true, ""Dessert"": true}, ""Atmosphere"": {""Casual"": true}, ""Crowd"": {""Groups"": true}, ""Children"": {""Good for kids"": true}, ""Parking"": {""Free parking lot"": true, ""Free street parking"": true}}",,1,100706628365106420679,,,,"https://www.google.com/maps/place/Hotel+Shivkrupa/@18.1360934,74.5015868,14z/data=!4m8!1m2!2m1!1sHotel+Shivkrupa!3m4!1s0x3bc3a1bec8efcca3:0x21a706b5752b8777!8m2!3d18.1360934!4d74.5015868","https://www.google.com/maps/place/Hotel+Shivkrupa/@18.1360934,74.5015868,13.99z/data=!4m16!1m7!3m6!1s0x3bc3a1bec8efcca3:0x21a706b5752b8777!2sHotel+Shivkrupa!8m2!3d18.1360934!4d74.5015868!16s%2Fg%2F11ckvg1dmb!3m7!1s0x3bc3a1bec8efcca3:0x21a706b5752b8777!8m2!3d18.1360934!4d74.5015868!9m1!1b1!16s%2Fg%2F11ckvg1dmb?entry=ttu",ChIJo8zvyL6hwzsRd4crdbUGpyE,0x3bc3a1bec8efcca3:0x21a706b5752b8777,2.42491430078694E+018,/g/11k40bxsh0,2424914300786935671
"restaurant, 413110, Pune, Maharashtra, IN",HOTEL SACHIN VEG & NONVEG FAMYLE GARDEN,Restaurant,restaurants,Restaurant,+91 80557 91833,"Near Govind Bag,Baramati Road, Malegaon - Karhavagaj Rd, Malegaon, Maharashtra 413102",,"Malegaon, Malegaon Khurd",413102,18.1351949,74.5254517,4.3,31,"https://search.google.com/local/reviews?placeid=ChIJ4eOiNRihwzsRkZKKos46fTg&q=restaurant,+413110,+Pune,+Maharashtra,+IN&authuser=0&hl=en&gl=IN",1,3,2,4,21,,,OPERATIONAL,"{""Service options"": {""Dine-in"": true}, ""Offerings"": {""Small plates"": true}, ""Dining options"": {""Dinner"": true}, ""Atmosphere"": {""Casual"": true}, ""Crowd"": {""Groups"": true}, ""Children"": {""Good for kids"": true}, ""Parking"": {""Free street parking"": true}}",,1,114480848563546389947,,,,"https://www.google.com/maps/place/HOTEL+SACHIN+VEG+%26+NONVEG+FAMYLE+GARDEN/@18.1351949,74.52545169999999,14z/data=!4m8!1m2!2m1!1sHOTEL+SACHIN+VEG+%26+NONVEG+FAMYLE+GARDEN!3m4!1s0x3bc3a11835a2e3e1:0x387d3acea28a9291!8m2!3d18.1351949!4d74.52545169999999","https://www.google.com/maps/place/HOTEL+SACHIN+VEG+%26+NONVEG+FAMYLE+GARDEN/@18.1351949,74.52545169999999,13.99z/data=!4m16!1m7!3m6!1s0x3bc3a11835a2e3e1:0x387d3acea28a9291!2sHOTEL+SACHIN+VEG+%26+NONVEG+FAMYLE+GARDEN!8m2!3d18.1351949!4d74.52545169999999!16s%2Fg%2F11ckvg1dmb!3m7!1s0x3bc3a11835a2e3e1:0x387d3acea28a9291!8m2!3d18.1351949!4d74.52545169999999!9m1!1b1!16s%2Fg%2F11ckvg1dmb?entry=ttu",ChIJ4eOiNRihwzsRkZKKos46fTg,0x3bc3a11835a2e3e1:0x387d3acea28a9291,4.07047429737746E+018,/g/11pkxjts6p,4070474297377460881
"restaurant, 413110, Pune, Maharashtra, IN",Hotel Royal Karbhar,Family restaurant,restaurants,Family restaurant,+91 77418 84512,"Shop No 1, Nepat Valan, Karhavagaj, Maharashtra 413102",,"Nepat Valan, Karhavagaj",413102,18.1968693,74.5085962,4.3,6,"https://search.google.com/local/reviews?placeid=ChIJq6qqaiMKwzsRUti-BakUguI&q=restaurant,+413110,+Pune,+Maharashtra,+IN&authuser=0&hl=en&gl=IN",0,0,1,2,3,"{""Monday"": ""8am-10:30pm"", ""Tuesday"": ""8am-10:30pm"", ""Wednesday"": ""8am-10:30pm"", ""Thursday"": ""8am-10:30pm"", ""Friday"": ""8am-10:30pm"", ""Saturday"": ""8am-10:30pm"", ""Sunday"": ""8am-10:30pm""}",,OPERATIONAL,"{""Service options"": {""Delivery"": true, ""Drive-through"": true, ""Takeaway"": true, ""Dine-in"": true}, ""Offerings"": {""Small plates"": true}, ""Dining options"": {""Lunch"": true, ""Dinner"": true}, ""Atmosphere"": {""Casual"": true}, ""Crowd"": {""Groups"": true}, ""Children"": {""Good for kids"": true}, ""Parking"": {""Free parking lot"": true, ""Free street parking"": true}}",,1,116750831146403905778,,,,"https://www.google.com/maps/place/Hotel+Royal+Karbhar/@18.1968693,74.5085962,14z/data=!4m8!1m2!2m1!1sHotel+Royal+Karbhar!3m4!1s0x3bc30a236aaaaaab:0xe28214a905bed852!8m2!3d18.1968693!4d74.5085962","https://www.google.com/maps/place/Hotel+Royal+Karbhar/@18.1968693,74.5085962,13.99z/data=!4m16!1m7!3m6!1s0x3bc30a236aaaaaab:0xe28214a905bed852!2sHotel+Royal+Karbhar!8m2!3d18.1968693!4d74.5085962!16s%2Fg%2F11ckvg1dmb!3m7!1s0x3bc30a236aaaaaab:0xe28214a905bed852!8m2!3d18.1968693!4d74.5085962!9m1!1b1!16s%2Fg%2F11ckvg1dmb?entry=ttu",ChIJq6qqaiMKwzsRUti-BakUguI,0x3bc30a236aaaaaab:0xe28214a905bed852,1.63216307157225E+019,/g/11gd1v4nrc,-2125113357987030958
"restaurant, 413110, Pune, Maharashtra, IN",Hotel Mahalaxmi,Restaurant,restaurants,Restaurant,+91 90228 63131,"Malegaon Budruk, Baramati, Maharashtra 413115",,"Malegaon Budruk, Baramati",413115,18.1350897,74.507327,4.5,11,"https://search.google.com/local/reviews?placeid=ChIJr_2p2dGgwzsRU3HsneRcF_Q&q=restaurant,+413110,+Pune,+Maharashtra,+IN&authuser=0&hl=en&gl=IN",1,0,0,1,9,"{""Monday"": ""11am-11pm"", ""Tuesday"": ""11am-11pm"", ""Wednesday"": ""11am-11pm"", ""Thursday"": ""11am-11pm"", ""Friday"": ""11am-11pm"", ""Saturday"": ""11am-11pm"", ""Sunday"": ""11am-11:30pm""}",,OPERATIONAL,"{""Service options"": {""Drive-through"": true, ""Takeaway"": true, ""Dine-in"": true}, ""Offerings"": {""Small plates"": true}, ""Dining options"": {""Lunch"": true, ""Dinner"": true}, ""Atmosphere"": {""Casual"": true}, ""Crowd"": {""Groups"": true}, ""Children"": {""Good for kids"": true, ""Kids' menu"": true}, ""Parking"": {""Free parking lot"": true, ""Free street parking"": true}}",,1,113042875777782393634,,,,"https://www.google.com/maps/place/Hotel+Mahalaxmi/@18.135089699999998,74.507327,14z/data=!4m8!1m2!2m1!1sHotel+Mahalaxmi!3m4!1s0x3bc3a0d1d9a9fdaf:0xf4175ce49dec7153!8m2!3d18.135089699999998!4d74.507327","https://www.google.com/maps/place/Hotel+Mahalaxmi/@18.135089699999998,74.507327,13.99z/data=!4m16!1m7!3m6!1s0x3bc3a0d1d9a9fdaf:0xf4175ce49dec7153!2sHotel+Mahalaxmi!8m2!3d18.135089699999998!4d74.507327!16s%2Fg%2F11ckvg1dmb!3m7!1s0x3bc3a0d1d9a9fdaf:0xf4175ce49dec7153!8m2!3d18.135089699999998!4d74.507327!9m1!1b1!16s%2Fg%2F11ckvg1dmb?entry=ttu",ChIJr_2p2dGgwzsRU3HsneRcF_Q,0x3bc3a0d1d9a9fdaf:0xf4175ce49dec7153,1.75886290066906E+019,/g/11g9jjg7q5,-858115067018972845
"restaurant, 413110, Pune, Maharashtra, IN",Hotel Malhar Chinese Restaurant,Restaurant,restaurants,Restaurant,,"Nira Baramati Road Shardanagar,Malegaon Bk, Baramati, Maharashtra 413115",,"Baramati, Malegaon Khurd",413115,18.133227,74.5336061,4.6,14,"https://search.google.com/local/reviews?placeid=ChIJ290CN1WhwzsR95s0kkpQ81Y&q=restaurant,+413110,+Pune,+Maharashtra,+IN&authuser=0&hl=en&gl=IN",0,1,1,1,11,"{""Monday"": ""11am-11pm"", ""Tuesday"": ""11am-11pm"", ""Wednesday"": ""11am-11pm"", ""Thursday"": ""11am-11pm"", ""Friday"": ""11am-11pm"", ""Saturday"": ""11am-11pm"", ""Sunday"": ""11am-11pm""}",,OPERATIONAL,"{""Service options"": {""No-contact delivery"": true, ""Delivery"": true, ""Takeaway"": true, ""Dine-in"": true}, ""Accessibility"": {""Wheelchair-accessible seating"": true}, ""Offerings"": {""Late-night food"": true, ""Small plates"": true}, ""Dining options"": {""Lunch"": true, ""Dinner"": true}, ""Atmosphere"": {""Casual"": true}, ""Crowd"": {""Groups"": true}, ""Payments"": {""Mobile Wallets"": true}, ""Children"": {""Good for kids"": true}, ""Parking"": {""Free street parking"": true}}",,1,111519034511512608189,,,,"https://www.google.com/maps/place/Hotel+Malhar+Chinese+Restaurant/@18.133226999999998,74.5336061,14z/data=!4m8!1m2!2m1!1sHotel+Malhar+Chinese+Restaurant!3m4!1s0x3bc3a1553702dddb:0x56f3504a92349bf7!8m2!3d18.133226999999998!4d74.5336061","https://www.google.com/maps/place/Hotel+Malhar+Chinese+Restaurant/@18.133226999999998,74.5336061,13.99z/data=!4m16!1m7!3m6!1s0x3bc3a1553702dddb:0x56f3504a92349bf7!2sHotel+Malhar+Chinese+Restaurant!8m2!3d18.133226999999998!4d74.5336061!16s%2Fg%2F11ckvg1dmb!3m7!1s0x3bc3a1553702dddb:0x56f3504a92349bf7!8m2!3d18.133226999999998!4d74.5336061!9m1!1b1!16s%2Fg%2F11ckvg1dmb?entry=ttu",ChIJ290CN1WhwzsR95s0kkpQ81Y,0x3bc3a1553702dddb:0x56f3504a92349bf7,6.26543978781322E+018,/g/11t6zgv04y,6265439787813215223
"restaurant, 413110, Pune, Maharashtra, IN",पणदरेची मिसळ,Restaurant,restaurants,Restaurant,,"4FQ6+V8R, Pandare, Maharashtra 413110",,Pandare,413110,18.1397337,74.4607791,4.6,9,"https://search.google.com/local/reviews?placeid=ChIJnbKMCG2nwzsRpoFSK-WzMT4&q=restaurant,+413110,+Pune,+Maharashtra,+IN&authuser=0&hl=en&gl=IN",1,0,0,0,8,"{""Monday"": ""7:30am-2pm"", ""Tuesday"": ""7:30am-2pm"", ""Wednesday"": ""7:30am-2pm"", ""Thursday"": ""7:30am-2pm"", ""Friday"": ""7:30am-2pm"", ""Saturday"": ""7:30am-2pm"", ""Sunday"": ""7:30am-2pm""}",,OPERATIONAL,"{""Service options"": {""Takeaway"": true, ""Dine-in"": true}, ""Offerings"": {""Small plates"": true}, ""Atmosphere"": {""Casual"": true}, ""Crowd"": {""Groups"": true}, ""Children"": {""Good for kids"": true}, ""Parking"": {""Free street parking"": true}}",,0,,,,,"https://www.google.com/maps/place/%E0%A4%AA%E0%A4%A3%E0%A4%A6%E0%A4%B0%E0%A5%87%E0%A4%9A%E0%A5%80+%E0%A4%AE%E0%A4%BF%E0%A4%B8%E0%A4%B3/@18.1397337,74.4607791,14z/data=!4m8!1m2!2m1!1s%E0%A4%AA%E0%A4%A3%E0%A4%A6%E0%A4%B0%E0%A5%87%E0%A4%9A%E0%A5%80+%E0%A4%AE%E0%A4%BF%E0%A4%B8%E0%A4%B3!3m4!1s0x3bc3a76d088cb29d:0x3e31b3e52b5281a6!8m2!3d18.1397337!4d74.4607791","https://www.google.com/maps/place/%E0%A4%AA%E0%A4%A3%E0%A4%A6%E0%A4%B0%E0%A5%87%E0%A4%9A%E0%A5%80+%E0%A4%AE%E0%A4%BF%E0%A4%B8%E0%A4%B3/@18.1397337,74.4607791,13.99z/data=!4m16!1m7!3m6!1s0x3bc3a76d088cb29d:0x3e31b3e52b5281a6!2s%E0%A4%AA%E0%A4%A3%E0%A4%A6%E0%A4%B0%E0%A5%87%E0%A4%9A%E0%A5%80+%E0%A4%AE%E0%A4%BF%E0%A4%B8%E0%A4%B3!8m2!3d18.1397337!4d74.4607791!16s%2Fg%2F11ckvg1dmb!3m7!1s0x3bc3a76d088cb29d:0x3e31b3e52b5281a6!8m2!3d18.1397337!4d74.4607791!9m1!1b1!16s%2Fg%2F11ckvg1dmb?entry=ttu",ChIJnbKMCG2nwzsRpoFSK-WzMT4,0x3bc3a76d088cb29d:0x3e31b3e52b5281a6,4.48156090106606E+018,/g/11j36hhvkp,4481560901066064294
"restaurant, 413110, Pune, Maharashtra, IN",Vrudeshwar pure veg,Vegetarian restaurant,restaurants,Vegetarian restaurant,,"Congress House Rd, Vrudeshwar ghat, Pune, Maharashtra 411005",Vrudeshwar ghat,Pune,411005,18.5218209,73.8506617,4.4,123,"https://search.google.com/local/reviews?placeid=ChIJO04iklbBwjsRaIee67uS-zM&q=restaurant,+413110,+Pune,+Maharashtra,+IN&authuser=0&hl=en&gl=IN",8,2,7,27,79,,,OPERATIONAL,"{""Service options"": {""No-contact delivery"": true, ""Delivery"": true, ""Takeaway"": true, ""Dine-in"": true}, ""Offerings"": {""All you can eat"": true, ""Coffee"": true, ""Small plates"": true, ""Vegan options"": true, ""Vegetarian options"": true, ""Vegetarian options only"": true, ""Cuisine"": true}, ""Dining options"": {""Lunch"": true, ""Dinner"": true, ""Dessert"": true}, ""Atmosphere"": {""Casual"": true}, ""Crowd"": {""Groups"": true}, ""Payments"": {""Credit cards"": true, ""Mobile Wallets"": true}, ""Children"": {""Good for kids"": true}, ""Parking"": {""Free parking lot"": true, ""Free street parking"": true, ""Parking"": true}}",,1,111927480378553952565,,,,"https://www.google.com/maps/place/Vrudeshwar+pure+veg/@18.521820899999998,73.8506617,14z/data=!4m8!1m2!2m1!1sVrudeshwar+pure+veg!3m4!1s0x3bc2c15692224e3b:0x33fb92bbeb9e8768!8m2!3d18.521820899999998!4d73.8506617","https://www.google.com/maps/place/Vrudeshwar+pure+veg/@18.521820899999998,73.8506617,13.99z/data=!4m16!1m7!3m6!1s0x3bc2c15692224e3b:0x33fb92bbeb9e8768!2sVrudeshwar+pure+veg!8m2!3d18.521820899999998!4d73.8506617!16s%2Fg%2F11ckvg1dmb!3m7!1s0x3bc2c15692224e3b:0x33fb92bbeb9e8768!8m2!3d18.521820899999998!4d73.8506617!9m1!1b1!16s%2Fg%2F11ckvg1dmb?entry=ttu",ChIJO04iklbBwjsRaIee67uS-zM,0x3bc2c15692224e3b:0x33fb92bbeb9e8768,3.74574885089827E+018,/g/11p3c5nr6l,3745748850898274152
"restaurant, 413110, Pune, Maharashtra, IN",Hotel Sachin,Restaurant,restaurants,Restaurant,+91 70583 74527,"Shop No 1 Baramati Nira Rd, Malegaon - Karhavagaj Rd, near College Engineering, Pune, Maharashtra 413115",,"Pune, Malegaon Bk",413115,18.1358391,74.502136,4,44,"https://search.google.com/local/reviews?placeid=ChIJlUj-c82gwzsRmRD1rTitPEk&q=restaurant,+413110,+Pune,+Maharashtra,+IN&authuser=0&hl=en&gl=IN",2,4,7,8,23,"{""Monday"": ""8am-8pm"", ""Tuesday"": ""8am-8pm"", ""Wednesday"": ""8am-8pm"", ""Thursday"": ""8am-8pm"", ""Friday"": ""8am-8pm"", ""Saturday"": ""8am-8pm"", ""Sunday"": ""8am-8pm""}",,OPERATIONAL,"{""Service options"": {""Drive-through"": true, ""Takeaway"": true, ""Dine-in"": true}, ""Offerings"": {""Small plates"": true}, ""Dining options"": {""Breakfast"": true, ""Lunch"": true, ""Dinner"": true}, ""Atmosphere"": {""Casual"": true}, ""Crowd"": {""Groups"": true}, ""Children"": {""Good for kids"": true}, ""Parking"": {""Free parking lot"": true, ""Free street parking"": true}}",,1,102000271541405697108,,,,"https://www.google.com/maps/place/Hotel+Sachin/@18.1358391,74.502136,14z/data=!4m8!1m2!2m1!1sHotel+Sachin!3m4!1s0x3bc3a0cd73fe4895:0x493cad38adf51099!8m2!3d18.1358391!4d74.502136","https://www.google.com/maps/place/Hotel+Sachin/@18.1358391,74.502136,13.99z/data=!4m16!1m7!3m6!1s0x3bc3a0cd73fe4895:0x493cad38adf51099!2sHotel+Sachin!8m2!3d18.1358391!4d74.502136!16s%2Fg%2F11ckvg1dmb!3m7!1s0x3bc3a0cd73fe4895:0x493cad38adf51099!8m2!3d18.1358391!4d74.502136!9m1!1b1!16s%2Fg%2F11ckvg1dmb?entry=ttu",ChIJlUj-c82gwzsRmRD1rTitPEk,0x3bc3a0cd73fe4895:0x493cad38adf51099,5.27728332231967E+018,/g/11fyxc40yy,5277283322319671449
"restaurant, 413110, Pune, Maharashtra, IN",Ladkat misal & rasvanti,Restaurant,restaurants,Restaurant,,"7C45+7RX, Malwadi, Maharashtra 412204",,Malwadi,412204,18.2557399,74.4096238,4.9,13,"https://search.google.com/local/reviews?placeid=ChIJL6f0IVUPwzsR7LLNlMfAZEk&q=restaurant,+413110,+Pune,+Maharashtra,+IN&authuser=0&hl=en&gl=IN",0,0,0,1,12,"{""Monday"": ""7am-7pm"", ""Tuesday"": ""7am-7pm"", ""Wednesday"": ""7am-7pm"", ""Thursday"": ""7am-7pm"", ""Friday"": ""7am-7pm"", ""Saturday"": ""7am-7pm"", ""Sunday"": ""7am-7pm""}",,OPERATIONAL,"{""Service options"": {""Takeaway"": true, ""Dine-in"": true}, ""Accessibility"": {""Wheelchair-accessible car park"": true}, ""Offerings"": {""Coffee"": true, ""Small plates"": true}, ""Dining options"": {""Breakfast"": true}, ""Atmosphere"": {""Casual"": true}, ""Crowd"": {""Groups"": true}, ""Payments"": {""Mobile Wallets"": true}, ""Children"": {""Good for kids"": true}, ""Parking"": {""Free street parking"": true}}",,0,,,,,"https://www.google.com/maps/place/Ladkat+misal+%26+rasvanti/@18.2557399,74.40962379999999,14z/data=!4m8!1m2!2m1!1sLadkat+misal+%26+rasvanti!3m4!1s0x3bc30f5521f4a72f:0x4964c0c794cdb2ec!8m2!3d18.2557399!4d74.40962379999999","https://www.google.com/maps/place/Ladkat+misal+%26+rasvanti/@18.2557399,74.40962379999999,13.99z/data=!4m16!1m7!3m6!1s0x3bc30f5521f4a72f:0x4964c0c794cdb2ec!2sLadkat+misal+%26+rasvanti!8m2!3d18.2557399!4d74.40962379999999!16s%2Fg%2F11ckvg1dmb!3m7!1s0x3bc30f5521f4a72f:0x4964c0c794cdb2ec!8m2!3d18.2557399!4d74.40962379999999!9m1!1b1!16s%2Fg%2F11ckvg1dmb?entry=ttu",ChIJL6f0IVUPwzsR7LLNlMfAZEk,0x3bc30f5521f4a72f:0x4964c0c794cdb2ec,5.28856382586734E+018,/g/11jzthffg8,5288563825867338476
"restaurant, 413110, Pune, Maharashtra, IN",Hotel Aaswad,Restaurant,restaurants,Restaurant,+91 82084 82300,"4GM6+V22, nira road, near sp saraf, Baramati, Maharashtra",,"Baramati, Malegaon Bk",,18.1346327,74.5100031,4.1,27,"https://search.google.com/local/reviews?placeid=ChIJ8bDUFtCgwzsRg3wqSpMA-e4&q=restaurant,+413110,+Pune,+Maharashtra,+IN&authuser=0&hl=en&gl=IN",3,1,2,4,17,"{""Monday"": ""12am-10pm"", ""Tuesday"": ""12am-10pm"", ""Wednesday"": ""12am-10pm"", ""Thursday"": ""12am-10pm"", ""Friday"": ""12am-10pm"", ""Saturday"": ""12am-10pm"", ""Sunday"": ""12am-10pm""}",,OPERATIONAL,"{""Service options"": {""Drive-through"": true, ""Takeaway"": true, ""Dine-in"": true}, ""Offerings"": {""Small plates"": true}, ""Dining options"": {""Lunch"": true, ""Dinner"": true}, ""Atmosphere"": {""Casual"": true}, ""Crowd"": {""Groups"": true}, ""Children"": {""Good for kids"": true}, ""Parking"": {""Free parking lot"": true, ""Free street parking"": true}}",,0,,,,,"https://www.google.com/maps/place/Hotel+Aaswad/@18.1346327,74.51000309999999,14z/data=!4m8!1m2!2m1!1sHotel+Aaswad!3m4!1s0x3bc3a0d016d4b0f1:0xeef900934a2a7c83!8m2!3d18.1346327!4d74.51000309999999","https://www.google.com/maps/place/Hotel+Aaswad/@18.1346327,74.51000309999999,13.99z/data=!4m16!1m7!3m6!1s0x3bc3a0d016d4b0f1:0xeef900934a2a7c83!2sHotel+Aaswad!8m2!3d18.1346327!4d74.51000309999999!16s%2Fg%2F11ckvg1dmb!3m7!1s0x3bc3a0d016d4b0f1:0xeef900934a2a7c83!8m2!3d18.1346327!4d74.51000309999999!9m1!1b1!16s%2Fg%2F11ckvg1dmb?entry=ttu",ChIJ8bDUFtCgwzsRg3wqSpMA-e4,0x3bc3a0d016d4b0f1:0xeef900934a2a7c83,1.72197952828323E+019,/g/11csqf5czr,-1226948790877258621
"restaurant, 413110, Pune, Maharashtra, IN","Hotel Shivai, Veg Non-Veg Family Restaurant, Malegaon Bk",Restaurant,restaurants,Restaurant,+91 84840 77252,"Baramati - Nira Rd, Malegaon Bk, Malegaon Khurd, Maharashtra 413102",,"Malegaon Bk, Malegaon Khurd",413102,18.1345207,74.5265079,4.8,5,"https://search.google.com/local/reviews?placeid=ChIJpZnIzuqhwzsRNZunwIg6VRg&q=restaurant,+413110,+Pune,+Maharashtra,+IN&authuser=0&hl=en&gl=IN",0,0,0,1,4,"{""Monday"": ""10am-11pm"", ""Tuesday"": ""10am-11pm"", ""Wednesday"": ""10am-11pm"", ""Thursday"": ""10am-11pm"", ""Friday"": ""10am-11pm"", ""Saturday"": ""10am-11pm"", ""Sunday"": ""10am-11pm""}",,OPERATIONAL,"{""Service options"": {""Kerbside pickup"": true, ""No-contact delivery"": true, ""Delivery"": true, ""Drive-through"": true, ""Takeaway"": true, ""Dine-in"": true}, ""Offerings"": {""Small plates"": true}, ""Atmosphere"": {""Casual"": true}, ""Crowd"": {""Groups"": true}, ""Children"": {""Good for kids"": true}, ""Parking"": {""Free street parking"": true}}",,1,115834352885955765725,,,,"https://www.google.com/maps/place/Hotel+Shivai%2C+Veg+Non-Veg+Family+Restaurant%2C+Malegaon+Bk/@18.1345207,74.5265079,14z/data=!4m8!1m2!2m1!1sHotel+Shivai%2C+Veg+Non-Veg+Family+Restaurant%2C+Malegaon+Bk!3m4!1s0x3bc3a1eacec899a5:0x18553a88c0a79b35!8m2!3d18.1345207!4d74.5265079","https://www.google.com/maps/place/Hotel+Shivai%2C+Veg+Non-Veg+Family+Restaurant%2C+Malegaon+Bk/@18.1345207,74.5265079,13.99z/data=!4m16!1m7!3m6!1s0x3bc3a1eacec899a5:0x18553a88c0a79b35!2sHotel+Shivai%2C+Veg+Non-Veg+Family+Restaurant%2C+Malegaon+Bk!8m2!3d18.1345207!4d74.5265079!16s%2Fg%2F11ckvg1dmb!3m7!1s0x3bc3a1eacec899a5:0x18553a88c0a79b35!8m2!3d18.1345207!4d74.5265079!9m1!1b1!16s%2Fg%2F11ckvg1dmb?entry=ttu",ChIJpZnIzuqhwzsRNZunwIg6VRg,0x3bc3a1eacec899a5:0x18553a88c0a79b35,1.75337198895285E+018,/g/11w2fh9_tc,1753371988952849205
"restaurant, 413110, Pune, Maharashtra, IN",R. K. Vadapao Center,"Fast food restaurant, Breakfast restaurant",restaurants,Fast food restaurant,,"4FQ6+V99, Pandare, Maharashtra 413110",,Pandare,413110,18.1396727,74.4609966,3.8,18,"https://search.google.com/local/reviews?placeid=ChIJ7adhUQynwzsRJuXDu7LS4PY&q=restaurant,+413110,+Pune,+Maharashtra,+IN&authuser=0&hl=en&gl=IN",2,2,2,4,8,"{""Monday"": ""8am-8pm"", ""Tuesday"": ""8am-8pm"", ""Wednesday"": ""8am-8pm"", ""Thursday"": ""8am-8pm"", ""Friday"": ""8am-8pm"", ""Saturday"": ""8am-8pm"", ""Sunday"": ""8am-8pm""}",,OPERATIONAL,"{""Service options"": {""Takeaway"": true, ""Dine-in"": true}, ""Offerings"": {""Dishes"": true}, ""Dining options"": {""Breakfast"": true}, ""Atmosphere"": {""Casual"": true}, ""Crowd"": {""Groups"": true}, ""Children"": {""Good for kids"": true}, ""Parking"": {""Free street parking"": true}}",,0,,,,,"https://www.google.com/maps/place/R.+K.+Vadapao+Center/@18.1396727,74.4609966,14z/data=!4m8!1m2!2m1!1sR.+K.+Vadapao+Center!3m4!1s0x3bc3a70c5161a7ed:0xf6e0d2b2bbc3e526!8m2!3d18.1396727!4d74.4609966","https://www.google.com/maps/place/R.+K.+Vadapao+Center/@18.1396727,74.4609966,13.99z/data=!4m16!1m7!3m6!1s0x3bc3a70c5161a7ed:0xf6e0d2b2bbc3e526!2sR.+K.+Vadapao+Center!8m2!3d18.1396727!4d74.4609966!16s%2Fg%2F11ckvg1dmb!3m7!1s0x3bc3a70c5161a7ed:0xf6e0d2b2bbc3e526!8m2!3d18.1396727!4d74.4609966!9m1!1b1!16s%2Fg%2F11ckvg1dmb?entry=ttu",ChIJ7adhUQynwzsRJuXDu7LS4PY,0x3bc3a70c5161a7ed:0xf6e0d2b2bbc3e526,1.77894501932097E+019,/g/11fy5d2ps8,-657293880499903194
"restaurant, 413110, Pune, Maharashtra, IN",Hotel Shree Chinese And Restaurant,Chinese restaurant,restaurants,Chinese restaurant,,"Sangavi, Maharashtra 413115",,Sangavi,413115,18.061252,74.4863064,3.9,12,"https://search.google.com/local/reviews?placeid=ChIJR9ltyhGkwzsRLc33mY5VQ6E&q=restaurant,+413110,+Pune,+Maharashtra,+IN&authuser=0&hl=en&gl=IN",0,2,3,1,6,"{""Monday"": ""11am-11pm"", ""Tuesday"": ""11am-11pm"", ""Wednesday"": ""11am-11pm"", ""Thursday"": ""11am-11pm"", ""Friday"": ""11am-11pm"", ""Saturday"": ""11am-11pm"", ""Sunday"": ""11am-11pm""}",,OPERATIONAL,"{""Service options"": {""Outdoor seating"": true, ""Delivery"": true, ""Drive-through"": true, ""Takeaway"": true, ""Dine-in"": true}, ""Accessibility"": {""Wheelchair-accessible car park"": true}, ""Offerings"": {""Alcohol"": true, ""Late-night food"": true, ""Small plates"": true, ""Spirits"": true, ""Cuisine"": true}, ""Dining options"": {""Breakfast"": true, ""Brunch"": true, ""Lunch"": true, ""Dinner"": true, ""Catering"": true, ""Dessert"": true, ""Seating"": true}, ""Atmosphere"": {""Casual"": true}, ""Crowd"": {""Groups"": true}, ""Payments"": {""Mobile Wallets"": true}, ""Children"": {""Good for kids"": true, ""Kids' menu"": true}, ""Parking"": {""Free parking lot"": true, ""Free street parking"": true}}",,1,108486026184490306088,,,,"https://www.google.com/maps/place/Hotel+Shree+Chinese+And+Restaurant/@18.061252,74.4863064,14z/data=!4m8!1m2!2m1!1sHotel+Shree+Chinese+And+Restaurant!3m4!1s0x3bc3a411ca6dd947:0xa143558e99f7cd2d!8m2!3d18.061252!4d74.4863064","https://www.google.com/maps/place/Hotel+Shree+Chinese+And+Restaurant/@18.061252,74.4863064,13.99z/data=!4m16!1m7!3m6!1s0x3bc3a411ca6dd947:0xa143558e99f7cd2d!2sHotel+Shree+Chinese+And+Restaurant!8m2!3d18.061252!4d74.4863064!16s%2Fg%2F11ckvg1dmb!3m7!1s0x3bc3a411ca6dd947:0xa143558e99f7cd2d!8m2!3d18.061252!4d74.4863064!9m1!1b1!16s%2Fg%2F11ckvg1dmb?entry=ttu",ChIJR9ltyhGkwzsRLc33mY5VQ6E,0x3bc3a411ca6dd947:0xa143558e99f7cd2d,1.16202255345029E+019,/g/11gc1b4f1t,-6826518539206669011
"restaurant, 413110, Pune, Maharashtra, IN",Aayan Wadapav,Fast food restaurant,restaurants,Fast food restaurant,+91 95523 57610,"Shop No 1, Mudhale, Maharashtra 413110",,Mudhale,413110,18.1845738,74.3905158,5,2,"https://search.google.com/local/reviews?placeid=ChIJpYgXku4HwzsRNBUmZOES21w&q=restaurant,+413110,+Pune,+Maharashtra,+IN&authuser=0&hl=en&gl=IN",0,0,0,0,2,,,OPERATIONAL,"{""Service options"": {""Delivery"": true, ""Takeaway"": true, ""Dine-in"": true}, ""Offerings"": {""Dishes"": true}, ""Dining options"": {""Lunch"": true, ""Dinner"": true}, ""Atmosphere"": {""Casual"": true}, ""Crowd"": {""Groups"": true}, ""Children"": {""Good for kids"": true}, ""Parking"": {""Free street parking"": true}}",,0,,,,,"https://www.google.com/maps/place/Aayan+Wadapav/@18.1845738,74.3905158,14z/data=!4m8!1m2!2m1!1sAayan+Wadapav!3m4!1s0x3bc307ee921788a5:0x5cdb12e164261534!8m2!3d18.1845738!4d74.3905158","https://www.google.com/maps/place/Aayan+Wadapav/@18.1845738,74.3905158,13.99z/data=!4m16!1m7!3m6!1s0x3bc307ee921788a5:0x5cdb12e164261534!2sAayan+Wadapav!8m2!3d18.1845738!4d74.3905158!16s%2Fg%2F11ckvg1dmb!3m7!1s0x3bc307ee921788a5:0x5cdb12e164261534!8m2!3d18.1845738!4d74.3905158!9m1!1b1!16s%2Fg%2F11ckvg1dmb?entry=ttu",ChIJpYgXku4HwzsRNBUmZOES21w,0x3bc307ee921788a5:0x5cdb12e164261534,6.69096243064616E+018,/g/11ssjqptz0,6690962430646162740
"restaurant, 413110, Pune, Maharashtra, IN",Hotel India Dhaba Sangavi,Dhaba,Dhaba,Dhaba,+91 98500 15896,"Phaltan - Baramati Rd, Sangavi, Shirawali, Maharashtra 413115",,"Sangavi, Shirawali",413115,18.0657039,74.4902265,3.2,43,"https://search.google.com/local/reviews?placeid=ChIJVVVVVRKkwzsR7LcofygQecc&q=restaurant,+413110,+Pune,+Maharashtra,+IN&authuser=0&hl=en&gl=IN",11,4,7,9,12,"{""Monday"": ""11am-11:30pm"", ""Tuesday"": ""11am-11:30pm"", ""Wednesday"": ""11am-11:30pm"", ""Thursday"": ""11am-11:30pm"", ""Friday"": ""11am-11:30pm"", ""Saturday"": ""11am-11:30pm"", ""Sunday"": ""11am-11:30pm""}",,OPERATIONAL,"{""Service options"": {""Drive-through"": true, ""Takeaway"": true, ""Dine-in"": true}, ""Accessibility"": {""Wheelchair-accessible car park"": true}, ""Offerings"": {""Coffee"": true, ""Late-night food"": true, ""Small plates"": true}, ""Dining options"": {""Breakfast"": true, ""Lunch"": true, ""Dinner"": true}, ""Atmosphere"": {""Casual"": true}, ""Crowd"": {""Groups"": true}, ""Planning"": {""Accepts reservations"": false}, ""Children"": {""Good for kids"": true}, ""Parking"": {""Free parking lot"": true, ""Free street parking"": true}}",,1,111697544254552837522,,,,"https://www.google.com/maps/place/Hotel+India+Dhaba+Sangavi/@18.0657039,74.49022649999999,14z/data=!4m8!1m2!2m1!1sHotel+India+Dhaba+Sangavi!3m4!1s0x3bc3a41255555555:0xc77910287f28b7ec!8m2!3d18.0657039!4d74.49022649999999","https://www.google.com/maps/place/Hotel+India+Dhaba+Sangavi/@18.0657039,74.49022649999999,13.99z/data=!4m16!1m7!3m6!1s0x3bc3a41255555555:0xc77910287f28b7ec!2sHotel+India+Dhaba+Sangavi!8m2!3d18.0657039!4d74.49022649999999!16s%2Fg%2F11ckvg1dmb!3m7!1s0x3bc3a41255555555:0xc77910287f28b7ec!8m2!3d18.0657039!4d74.49022649999999!9m1!1b1!16s%2Fg%2F11ckvg1dmb?entry=ttu",ChIJVVVVVRKkwzsR7LcofygQecc,0x3bc3a41255555555:0xc77910287f28b7ec,1.43735374518478E+019,/g/11b8tn3nz_,-4073206621861791764
"restaurant, 413110, Pune, Maharashtra, IN",Hotel MH Tadka,Biryani restaurant,Biryani restaurant,Biryani restaurant,,"287Q+PCJ, ​Pune - Pandharpur Rd, opposite to Cummins suravadi, Phaltan, Maharashtra 415528",,Phaltan,415528,18.0143407,74.3385068,4.3,18,"https://search.google.com/local/reviews?placeid=ChIJ7fq47-WvwzsRUMJmo8geBII&q=restaurant,+413110,+Pune,+Maharashtra,+IN&authuser=0&hl=en&gl=IN",1,1,2,2,12,"{""Monday"": ""7:30am-11pm"", ""Tuesday"": ""7:30am-11pm"", ""Wednesday"": ""7:30am-11pm"", ""Thursday"": ""7:30am-11pm"", ""Friday"": ""7:30am-11pm"", ""Saturday"": ""7:30am-11pm"", ""Sunday"": ""7:30am-11pm""}",,OPERATIONAL,"{""Service options"": {""Takeaway"": true, ""Dine-in"": true}, ""Offerings"": {""Coffee"": true, ""Small plates"": true, ""Dishes"": true}, ""Dining options"": {""Lunch"": true, ""Dinner"": true}, ""Atmosphere"": {""Casual"": true}, ""Crowd"": {""Groups"": true}, ""Children"": {""Good for kids"": true}, ""Parking"": {""Free street parking"": true}}",,0,,,,,"https://www.google.com/maps/place/Hotel+MH+Tadka/@18.014340699999998,74.33850679999999,14z/data=!4m8!1m2!2m1!1sHotel+MH+Tadka!3m4!1s0x3bc3afe5efb8faed:0x82041ec8a366c250!8m2!3d18.014340699999998!4d74.33850679999999","https://www.google.com/maps/place/Hotel+MH+Tadka/@18.014340699999998,74.33850679999999,13.99z/data=!4m16!1m7!3m6!1s0x3bc3afe5efb8faed:0x82041ec8a366c250!2sHotel+MH+Tadka!8m2!3d18.014340699999998!4d74.33850679999999!16s%2Fg%2F11ckvg1dmb!3m7!1s0x3bc3afe5efb8faed:0x82041ec8a366c250!8m2!3d18.014340699999998!4d74.33850679999999!9m1!1b1!16s%2Fg%2F11ckvg1dmb?entry=ttu",ChIJ7fq47-WvwzsRUMJmo8geBII,0x3bc3afe5efb8faed:0x82041ec8a366c250,9.36864697192119E+018,/g/11hzn3zdxf,-9078097101788364208
"restaurant, 413110, Pune, Maharashtra, IN",Gangotri hotel,Fast food restaurant,restaurants,Fast food restaurant,,"795Q+W3J, Loni Bhapkar, Maharashtra 412204",,Loni Bhapkar,412204,18.2603074,74.3876491,2.8,8,"https://search.google.com/local/reviews?placeid=ChIJ7-Z9loMFwzsRygGJiV84zZo&q=restaurant,+413110,+Pune,+Maharashtra,+IN&authuser=0&hl=en&gl=IN",4,0,0,2,2,"{""Monday"": ""6am-9pm"", ""Tuesday"": ""6am-9pm"", ""Wednesday"": ""6am-9pm"", ""Thursday"": ""6am-9pm"", ""Friday"": ""6am-9pm"", ""Saturday"": ""6am-9pm"", ""Sunday"": ""6am-9pm""}",,OPERATIONAL,"{""Service options"": {""Takeaway"": true, ""Dine-in"": true}, ""Offerings"": {""Dishes"": true}, ""Atmosphere"": {""Casual"": true}, ""Crowd"": {""Groups"": true}, ""Children"": {""Good for kids"": true}, ""Parking"": {""Free street parking"": true}}",,0,,,,,"https://www.google.com/maps/place/Gangotri+hotel/@18.2603074,74.38764909999999,14z/data=!4m8!1m2!2m1!1sGangotri+hotel!3m4!1s0x3bc30583967de6ef:0x9acd385f898901ca!8m2!3d18.2603074!4d74.38764909999999","https://www.google.com/maps/place/Gangotri+hotel/@18.2603074,74.38764909999999,13.99z/data=!4m16!1m7!3m6!1s0x3bc30583967de6ef:0x9acd385f898901ca!2sGangotri+hotel!8m2!3d18.2603074!4d74.38764909999999!16s%2Fg%2F11ckvg1dmb!3m7!1s0x3bc30583967de6ef:0x9acd385f898901ca!8m2!3d18.2603074!4d74.38764909999999!9m1!1b1!16s%2Fg%2F11ckvg1dmb?entry=ttu",ChIJ7-Z9loMFwzsRygGJiV84zZo,0x3bc30583967de6ef:0x9acd385f898901ca,1.11546338350471E+019,/g/11rml57znp,-7292110238662458934
"restaurant, 413110, Pune, Maharashtra, IN",hotel Sai,Breakfast restaurant,restaurants,Breakfast restaurant,,"4GMM+8G3, Sharda Nagar, Malegaon Khurd, Maharashtra 413102",Sharda Nagar,Malegaon Khurd,413102,18.1332572,74.533794,5,2,"https://search.google.com/local/reviews?placeid=ChIJfVmmNwChwzsRpRfaSquv1Ow&q=restaurant,+413110,+Pune,+Maharashtra,+IN&authuser=0&hl=en&gl=IN",0,0,0,0,2,,,OPERATIONAL,"{""Service options"": {""Dine-in"": true}, ""Offerings"": {""Small plates"": true}, ""Dining options"": {""Breakfast"": true}, ""Atmosphere"": {""Casual"": true}, ""Crowd"": {""Groups"": true}, ""Children"": {""Good for kids"": true}, ""Parking"": {""Free street parking"": true}}",,0,,,,,"https://www.google.com/maps/place/hotel+Sai/@18.1332572,74.533794,14z/data=!4m8!1m2!2m1!1shotel+Sai!3m4!1s0x3bc3a10037a6597d:0xecd4afab4ada17a5!8m2!3d18.1332572!4d74.533794","https://www.google.com/maps/place/hotel+Sai/@18.1332572,74.533794,13.99z/data=!4m16!1m7!3m6!1s0x3bc3a10037a6597d:0xecd4afab4ada17a5!2shotel+Sai!8m2!3d18.1332572!4d74.533794!16s%2Fg%2F11ckvg1dmb!3m7!1s0x3bc3a10037a6597d:0xecd4afab4ada17a5!8m2!3d18.1332572!4d74.533794!9m1!1b1!16s%2Fg%2F11ckvg1dmb?entry=ttu",ChIJfVmmNwChwzsRpRfaSquv1Ow,0x3bc3a10037a6597d:0xecd4afab4ada17a5,1.70654580382437E+019,/g/11wmzfn8dy,-1381286035465824347
"restaurant, 413110, Pune, Maharashtra, IN",Hotel Sachdeep,Restaurant,restaurants,Restaurant,,"4GPF+5P4, Malegaon Khurd, Maharashtra 413120",,Malegaon Khurd,413120,18.1354077,74.5243793,4,2,"https://search.google.com/local/reviews?placeid=ChIJBdWiEwChwzsRuKFwy6fuwLs&q=restaurant,+413110,+Pune,+Maharashtra,+IN&authuser=0&hl=en&gl=IN",0,0,1,0,1,"{""Monday"": ""10am-11pm"", ""Tuesday"": ""10am-11pm"", ""Wednesday"": ""10am-11pm"", ""Thursday"": ""10am-11pm"", ""Friday"": ""10am-11pm"", ""Saturday"": ""10am-11pm"", ""Sunday"": ""10am-11pm""}",,OPERATIONAL,"{""Service options"": {""Dine-in"": true}, ""Offerings"": {""Small plates"": true}, ""Dining options"": {""Lunch"": true}, ""Crowd"": {""Groups"": true}, ""Children"": {""Good for kids"": true}, ""Parking"": {""Free street parking"": true}}",,0,,,,,"https://www.google.com/maps/place/Hotel+Sachdeep/@18.1354077,74.52437929999999,14z/data=!4m8!1m2!2m1!1sHotel+Sachdeep!3m4!1s0x3bc3a10013a2d505:0xbbc0eea7cb70a1b8!8m2!3d18.1354077!4d74.52437929999999","https://www.google.com/maps/place/Hotel+Sachdeep/@18.1354077,74.52437929999999,13.99z/data=!4m16!1m7!3m6!1s0x3bc3a10013a2d505:0xbbc0eea7cb70a1b8!2sHotel+Sachdeep!8m2!3d18.1354077!4d74.52437929999999!16s%2Fg%2F11ckvg1dmb!3m7!1s0x3bc3a10013a2d505:0xbbc0eea7cb70a1b8!8m2!3d18.1354077!4d74.52437929999999!9m1!1b1!16s%2Fg%2F11ckvg1dmb?entry=ttu",ChIJBdWiEwChwzsRuKFwy6fuwLs,0x3bc3a10013a2d505:0xbbc0eea7cb70a1b8,1.35290756850611E+019,/g/11wg3t4n5s,-4917668388648476232
"restaurant, 413110, Pune, Maharashtra, IN",NH37 Dhaba,"Dhaba, Bengali restaurant, Chinese restaurant, Family restaurant, Fine dining restaurant, Non Vegetarian Restaurant, North Indian restaurant",Dhaba,Dhaba,+91 80070 60002,"Range Hill Corner, Premnagar, Shivajinagar, Pune, Maharashtra 411007","Range Hill Corner, Premnagar, Shivajinagar",Pune,411007,18.5387456,73.8344443,4.1,15615,"https://search.google.com/local/reviews?placeid=ChIJF3kZOHu_wjsRhTe0oUB0Rio&q=restaurant,+413110,+Pune,+Maharashtra,+IN&authuser=0&hl=en&gl=IN",715,494,1803,5551,7052,"{""Monday"": ""11:30am-11:30pm"", ""Tuesday"": ""11:30am-11:30pm"", ""Wednesday"": ""11:30am-11:30pm"", ""Thursday"": ""11:30am-11:30pm"", ""Friday"": ""11:30am-11:30pm"", ""Saturday"": ""11:30am-11:30pm"", ""Sunday"": ""11:30am-11:30pm""}",,OPERATIONAL,"{""Service options"": {""Outdoor seating"": true, ""No-contact delivery"": true, ""Delivery"": true, ""Takeaway"": true, ""Dine-in"": true}, ""Accessibility"": {""Wheelchair-accessible car park"": true, ""Wheelchair-accessible seating"": true, ""Wheelchair-accessible toilet"": true, ""Wheelchair-accessible entrance"": false}, ""Offerings"": {""All you can eat"": true, ""Beer"": true, ""Cocktails"": true, ""Coffee"": true, ""Halal food"": true, ""Late-night food"": true, ""Organic dishes"": true, ""Salad bar"": true, ""Small plates"": true, ""Spirits"": true, ""Vegan options"": true, ""Vegetarian options"": true, ""Cuisine"": true, ""Dishes"": true}, ""Dining options"": {""Brunch"": true, ""Lunch"": true, ""Dinner"": true, ""Dessert"": true, ""Seating"": true}, ""Amenities"": {""Toilets"": true}, ""Atmosphere"": {""Casual"": true, ""Cozy"": true, ""Romantic"": true}, ""Crowd"": {""Family friendly"": true, ""Groups"": true}, ""Planning"": {""Accepts reservations"": true}, ""Payments"": {""Credit cards"": true, ""Debit cards"": true, ""Google Pay"": true, ""Mobile Wallets"": true}, ""Children"": {""Good for kids"": true, ""Good for kids birthday"": true, ""Kids' menu"": true}, ""Parking"": {""Free parking lot"": true, ""Free street parking"": true, ""Parking"": true}}",,1,105899930565768130691,"https://nh37dhaba.com/make-a-reservation-nh-37-dhaba-in-pune-restaurant-with-assamese-vibes/, https://www.zomato.com/pune/nh-37-dhaba-model-colony/book?utm_source=rwg",https://nh37dhaba.com/make-a-reservation-nh-37-dhaba-in-pune-restaurant-with-assamese-vibes/,"https://airmenus.in/nh37dhaba/order/Delivery, https://www.swiggy.com/city/pune/nh-37-dhaba-shivaji-nagar-prabhat-road-rest54794?utm_source=GooglePlaceOrder&utm_campaign=GoogleMap&is_retargeting=true&media_source=GooglePlaceOrder","https://www.google.com/maps/place/NH37+Dhaba/@18.5387456,73.8344443,14z/data=!4m8!1m2!2m1!1sNH37+Dhaba!3m4!1s0x3bc2bf7b38197917:0x2a467440a1b43785!8m2!3d18.5387456!4d73.8344443","https://www.google.com/maps/place/NH37+Dhaba/@18.5387456,73.8344443,13.99z/data=!4m16!1m7!3m6!1s0x3bc2bf7b38197917:0x2a467440a1b43785!2sNH37+Dhaba!8m2!3d18.5387456!4d73.8344443!16s%2Fg%2F11ckvg1dmb!3m7!1s0x3bc2bf7b38197917:0x2a467440a1b43785!8m2!3d18.5387456!4d73.8344443!9m1!1b1!16s%2Fg%2F11ckvg1dmb?entry=ttu",ChIJF3kZOHu_wjsRhTe0oUB0Rio,0x3bc2bf7b38197917:0x2a467440a1b43785,3.04625001890239E+018,/g/11b5pksrr8,3046250018902390661
"restaurant, 413110, Pune, Maharashtra, IN",Gangotri Dhaba,Dhaba,Dhaba,Dhaba,,"Loni Bhapkar, Maharashtra 412204",,Loni Bhapkar,412204,18.2606875,74.3869375,3.9,36,"https://search.google.com/local/reviews?placeid=ChIJC4fYi-YFwzsRXIax_-HL_eM&q=restaurant,+413110,+Pune,+Maharashtra,+IN&authuser=0&hl=en&gl=IN",4,0,9,4,19,"{""Monday"": ""10:30am-11pm"", ""Tuesday"": ""10:30am-11pm"", ""Wednesday"": ""10:30am-11pm"", ""Thursday"": ""10:30am-11pm"", ""Friday"": ""10am-11pm"", ""Saturday"": ""10:30am-11pm"", ""Sunday"": ""10:30am-10:30pm""}",,OPERATIONAL,"{""Service options"": {""Outdoor seating"": true, ""Takeaway"": true, ""Dine-in"": true}, ""Offerings"": {""All you can eat"": true, ""Small plates"": true}, ""Dining options"": {""Lunch"": true, ""Dinner"": true, ""Seating"": true}, ""Atmosphere"": {""Casual"": true}, ""Crowd"": {""Groups"": true}, ""Children"": {""Good for kids"": true}, ""Parking"": {""Free parking lot"": true, ""Free street parking"": true}}",,1,101444199662127965518,,,,"https://www.google.com/maps/place/Gangotri+Dhaba/@18.2606875,74.3869375,14z/data=!4m8!1m2!2m1!1sGangotri+Dhaba!3m4!1s0x3bc305e68bd8870b:0xe3fdcbe1ffb1865c!8m2!3d18.2606875!4d74.3869375","https://www.google.com/maps/place/Gangotri+Dhaba/@18.2606875,74.3869375,13.99z/data=!4m16!1m7!3m6!1s0x3bc305e68bd8870b:0xe3fdcbe1ffb1865c!2sGangotri+Dhaba!8m2!3d18.2606875!4d74.3869375!16s%2Fg%2F11ckvg1dmb!3m7!1s0x3bc305e68bd8870b:0xe3fdcbe1ffb1865c!8m2!3d18.2606875!4d74.3869375!9m1!1b1!16s%2Fg%2F11ckvg1dmb?entry=ttu",ChIJC4fYi-YFwzsRXIax_-HL_eM,0x3bc305e68bd8870b:0xe3fdcbe1ffb1865c,1.64285111872353E+019,/g/11c5xb_pjp,-2018232886474209700
"restaurant, 413110, Pune, Maharashtra, IN",Hotel Vijay restaurant,"Dhaba, Non Vegetarian Restaurant",Dhaba,Dhaba,,"Shirawali, Maharashtra 413115",,Shirawali,413115,18.0660095,74.4906192,4,211,"https://search.google.com/local/reviews?placeid=ChIJ9cN5dQWkwzsRJyCIO1S3iJ4&q=restaurant,+413110,+Pune,+Maharashtra,+IN&authuser=0&hl=en&gl=IN",19,8,33,39,112,"{""Monday"": ""8am-11pm"", ""Tuesday"": ""8am-11pm"", ""Wednesday"": ""8am-11pm"", ""Thursday"": ""8am-11pm"", ""Friday"": ""8am-11pm"", ""Saturday"": ""8am-11pm"", ""Sunday"": ""8am-11pm""}",,OPERATIONAL,"{""Service options"": {""Outdoor seating"": true, ""No-contact delivery"": true, ""Delivery"": true, ""Drive-through"": true, ""Takeaway"": true, ""Dine-in"": true}, ""Accessibility"": {""Wheelchair-accessible car park"": true, ""Wheelchair-accessible seating"": true}, ""Offerings"": {""All you can eat"": true, ""Coffee"": true, ""Halal food"": true, ""Late-night food"": true, ""Small plates"": true, ""Vegan options"": true, ""Vegetarian options"": true}, ""Dining options"": {""Breakfast"": true, ""Brunch"": true, ""Lunch"": true, ""Dinner"": true, ""Catering"": true, ""Dessert"": true, ""Seating"": true}, ""Amenities"": {""Toilets"": true}, ""Atmosphere"": {""Casual"": true}, ""Crowd"": {""Groups"": true}, ""Payments"": {""Mobile Wallets"": true}, ""Children"": {""Good for kids"": true, ""Good for kids birthday"": true, ""Kids' menu"": true}, ""Parking"": {""Free parking lot"": true, ""Free street parking"": true, ""Parking"": true}}",,1,103789512285064433200,,,,"https://www.google.com/maps/place/Hotel+Vijay+restaurant/@18.0660095,74.4906192,14z/data=!4m8!1m2!2m1!1sHotel+Vijay+restaurant!3m4!1s0x3bc3a4057579c3f5:0x9e88b7543b882027!8m2!3d18.0660095!4d74.4906192","https://www.google.com/maps/place/Hotel+Vijay+restaurant/@18.0660095,74.4906192,13.99z/data=!4m16!1m7!3m6!1s0x3bc3a4057579c3f5:0x9e88b7543b882027!2sHotel+Vijay+restaurant!8m2!3d18.0660095!4d74.4906192!16s%2Fg%2F11ckvg1dmb!3m7!1s0x3bc3a4057579c3f5:0x9e88b7543b882027!8m2!3d18.0660095!4d74.4906192!9m1!1b1!16s%2Fg%2F11ckvg1dmb?entry=ttu",ChIJ9cN5dQWkwzsRJyCIO1S3iJ4,0x3bc3a4057579c3f5:0x9e88b7543b882027,1.14235820272292E+019,/g/11d_bhsdn7,-7023162046480375769
"restaurant, 413110, Pune, Maharashtra, IN",Hotel Panhalgad (kolhapuri),"Maharashtrian Restaurant, Non Vegetarian Restaurant",Marathi restaurant,Maharashtrian Restaurant,+91 83172 70606,"3, Chikhali Akurdi Rd, MIDC, Chinchwad, Pimpri-Chinchwad, Maharashtra 411019","MIDC, Chinchwad",Pimpri-Chinchwad,411019,18.6556192,73.7900108,3.7,1552,"https://search.google.com/local/reviews?placeid=ChIJKyUO79O5wjsRXsyW1P0nEdg&q=restaurant,+413110,+Pune,+Maharashtra,+IN&authuser=0&hl=en&gl=IN",231,90,218,463,550,"{""Monday"": ""11am-3pm,7-11pm"", ""Tuesday"": ""11am-3pm,7-11pm"", ""Wednesday"": ""11am-3pm,7-11pm"", ""Thursday"": ""11am-3pm,7-11pm"", ""Friday"": ""11am-3pm,7-11pm"", ""Saturday"": ""11am-3pm,7-11pm"", ""Sunday"": ""11am-3pm,7-11pm""}",,OPERATIONAL,"{""Service options"": {""No-contact delivery"": true, ""Delivery"": true, ""Takeaway"": true, ""Dine-in"": true}, ""Accessibility"": {""Wheelchair-accessible seating"": true, ""Wheelchair-accessible car park"": false, ""Wheelchair-accessible entrance"": false}, ""Offerings"": {""All you can eat"": true, ""Cuisine"": true}, ""Dining options"": {""Lunch"": true, ""Dinner"": true, ""Seating"": true}, ""Amenities"": {""Toilets"": true}, ""Atmosphere"": {""Casual"": true}, ""Crowd"": {""Family friendly"": true, ""Groups"": true}, ""Planning"": {""Accepts reservations"": true}, ""Payments"": {""Credit cards"": true, ""Debit cards"": true, ""Google Pay"": true, ""Mobile Wallets"": true}, ""Children"": {""Good for kids"": true}, ""Parking"": {""Free parking lot"": true, ""Free street parking"": true}}","Laid-back, brick-lined restaurant serving thali with mutton, chicken & typical offerings.",1,102519511470287936511,,https://www.swiggy.com/city/pune/panhalgad-chinchwad-nigdi-rest407742?utm_source=GooglePlaceOrder&utm_campaign=GoogleMap&is_retargeting=true&media_source=GooglePlaceOrder,https://www.swiggy.com/city/pune/panhalgad-chinchwad-nigdi-rest407742?utm_source=GooglePlaceOrder&utm_campaign=GoogleMap&is_retargeting=true&media_source=GooglePlaceOrder,"https://www.google.com/maps/place/Hotel+Panhalgad+%28kolhapuri%29/@18.6556192,73.79001079999999,14z/data=!4m8!1m2!2m1!1sHotel+Panhalgad+%28kolhapuri%29!3m4!1s0x3bc2b9d3ef0e252b:0xd81127fdd496cc5e!8m2!3d18.6556192!4d73.79001079999999","https://www.google.com/maps/place/Hotel+Panhalgad+%28kolhapuri%29/@18.6556192,73.79001079999999,13.99z/data=!4m16!1m7!3m6!1s0x3bc2b9d3ef0e252b:0xd81127fdd496cc5e!2sHotel+Panhalgad+%28kolhapuri%29!8m2!3d18.6556192!4d73.79001079999999!16s%2Fg%2F11ckvg1dmb!3m7!1s0x3bc2b9d3ef0e252b:0xd81127fdd496cc5e!8m2!3d18.6556192!4d73.79001079999999!9m1!1b1!16s%2Fg%2F11ckvg1dmb?entry=ttu",ChIJKyUO79O5wjsRXsyW1P0nEdg,0x3bc2b9d3ef0e252b:0xd81127fdd496cc5e,1.55692693579434E+019,/g/11ddxkqdg8,-2877474715766174626
"restaurant, 413110, Pune, Maharashtra, IN",ADITYA HURDA PARTY,Restaurant,restaurants,Restaurant,+91 98239 60008,"Morgon raod baramati Nepat, Valan, Maharashtra 413133",,"Valan, Nepat Valan",413133,18.1940538,74.5172521,4,147,"https://search.google.com/local/reviews?placeid=ChIJGSPDAD4KwzsRf9OBUYF7bSg&q=restaurant,+413110,+Pune,+Maharashtra,+IN&authuser=0&hl=en&gl=IN",19,8,9,35,76,"{""Monday"": ""Open 24 hours"", ""Tuesday"": ""Open 24 hours"", ""Wednesday"": ""Open 24 hours"", ""Thursday"": ""Open 24 hours"", ""Friday"": ""Open 24 hours"", ""Saturday"": ""Open 24 hours"", ""Sunday"": ""Open 24 hours""}",,OPERATIONAL,"{""Service options"": {""Drive-through"": true, ""Takeaway"": true, ""Dine-in"": true}, ""Accessibility"": {""Wheelchair-accessible car park"": true, ""Wheelchair-accessible entrance"": true, ""Wheelchair-accessible seating"": true}, ""Offerings"": {""All you can eat"": true, ""Coffee"": true, ""Small plates"": true, ""Vegetarian options only"": true}, ""Dining options"": {""Breakfast"": true, ""Brunch"": true, ""Lunch"": true, ""Dinner"": true}, ""Atmosphere"": {""Casual"": true}, ""Crowd"": {""Groups"": true}, ""Payments"": {""Cash only"": true}, ""Children"": {""Good for kids"": true, ""Kids' menu"": true}, ""Parking"": {""Free parking lot"": true, ""Free street parking"": true}}",,1,101902576231275242886,,,,"https://www.google.com/maps/place/ADITYA+HURDA+PARTY/@18.1940538,74.5172521,14z/data=!4m8!1m2!2m1!1sADITYA+HURDA+PARTY!3m4!1s0x3bc30a3e00c32319:0x286d7b815181d37f!8m2!3d18.1940538!4d74.5172521","https://www.google.com/maps/place/ADITYA+HURDA+PARTY/@18.1940538,74.5172521,13.99z/data=!4m16!1m7!3m6!1s0x3bc30a3e00c32319:0x286d7b815181d37f!2sADITYA+HURDA+PARTY!8m2!3d18.1940538!4d74.5172521!16s%2Fg%2F11ckvg1dmb!3m7!1s0x3bc30a3e00c32319:0x286d7b815181d37f!8m2!3d18.1940538!4d74.5172521!9m1!1b1!16s%2Fg%2F11ckvg1dmb?entry=ttu",ChIJGSPDAD4KwzsRf9OBUYF7bSg,0x3bc30a3e00c32319:0x286d7b815181d37f,2.91312032932704E+018,/g/11dymqj69l,2913120329327039359
"restaurant, 413110, Pune, Maharashtra, IN",Cafe Love Bird,Restaurant,restaurants,Restaurant,,"4GP2+MMH, Malegaon Budruk, Malegaon Bk, Maharashtra 413115",,"Malegaon Budruk, Malegaon Bk",413115,18.1366876,74.5017466,4,4,"https://search.google.com/local/reviews?placeid=ChIJhYPXz32hwzsR3fIBSbJ6pLA&q=restaurant,+413110,+Pune,+Maharashtra,+IN&authuser=0&hl=en&gl=IN",1,0,0,0,3,"{""Monday"": ""9am-8pm"", ""Tuesday"": ""9am-8pm"", ""Wednesday"": ""9am-8pm"", ""Thursday"": ""9am-8pm"", ""Friday"": ""9am-8pm"", ""Saturday"": ""9am-8pm"", ""Sunday"": ""Closed""}",,OPERATIONAL,"{""Service options"": {""Delivery"": true, ""Drive-through"": true, ""Takeaway"": true, ""Dine-in"": true}, ""Offerings"": {""Coffee"": true, ""Small plates"": true}, ""Dining options"": {""Dinner"": true}, ""Atmosphere"": {""Casual"": true}, ""Crowd"": {""Groups"": true}, ""Children"": {""Good for kids"": true}, ""Parking"": {""Free parking lot"": true, ""Free street parking"": true}}",,0,,,,,"https://www.google.com/maps/place/Cafe+Love+Bird/@18.1366876,74.50174659999999,14z/data=!4m8!1m2!2m1!1sCafe+Love+Bird!3m4!1s0x3bc3a17dcfd78385:0xb0a47ab24901f2dd!8m2!3d18.1366876!4d74.50174659999999","https://www.google.com/maps/place/Cafe+Love+Bird/@18.1366876,74.50174659999999,13.99z/data=!4m16!1m7!3m6!1s0x3bc3a17dcfd78385:0xb0a47ab24901f2dd!2sCafe+Love+Bird!8m2!3d18.1366876!4d74.50174659999999!16s%2Fg%2F11ckvg1dmb!3m7!1s0x3bc3a17dcfd78385:0xb0a47ab24901f2dd!8m2!3d18.1366876!4d74.50174659999999!9m1!1b1!16s%2Fg%2F11ckvg1dmb?entry=ttu",ChIJhYPXz32hwzsR3fIBSbJ6pLA,0x3bc3a17dcfd78385:0xb0a47ab24901f2dd,1.27284333530035E+019,/g/11j3tqhsyn,-5718310720706055459
"restaurant, 413110, Pune, Maharashtra, IN",Hotel Krishnaban,Restaurant,restaurants,Restaurant,+91 94201 77137,"Baramati - Pune Rd, Malegaon Budruk, Malegaon Bk, Maharashtra 413115",,"Malegaon Budruk, Malegaon Bk",413115,18.1359507,74.503712,4,696,"https://search.google.com/local/reviews?placeid=ChIJeUpSks2gwzsRwNejE5mjwxk&q=restaurant,+413110,+Pune,+Maharashtra,+IN&authuser=0&hl=en&gl=IN",47,35,96,205,313,"{""Monday"": ""11am-11pm"", ""Tuesday"": ""11am-11pm"", ""Wednesday"": ""11am-11pm"", ""Thursday"": ""11am-11pm"", ""Friday"": ""11am-11pm"", ""Saturday"": ""11am-11pm"", ""Sunday"": ""11am-11pm""}",,OPERATIONAL,"{""Service options"": {""No-contact delivery"": true, ""Delivery"": true, ""Drive-through"": true, ""Takeaway"": true, ""Dine-in"": true}, ""Highlights"": {""Fireplace"": true}, ""Accessibility"": {""Wheelchair-accessible toilet"": true, ""Wheelchair-accessible car park"": false, ""Wheelchair-accessible entrance"": false}, ""Offerings"": {""All you can eat"": true, ""Coffee"": true, ""Small plates"": true, ""Vegan options"": true, ""Vegetarian options"": true}, ""Dining options"": {""Breakfast"": true, ""Brunch"": true, ""Lunch"": true, ""Dinner"": true, ""Catering"": true, ""Dessert"": true, ""Seating"": true}, ""Amenities"": {""Toilets"": true}, ""Atmosphere"": {""Casual"": true, ""Cozy"": true, ""Romantic"": true}, ""Crowd"": {""Family friendly"": true, ""Groups"": true}, ""Planning"": {""Accepts reservations"": true}, ""Payments"": {""Credit cards"": true, ""Debit cards"": true, ""Google Pay"": true, ""Mobile Wallets"": true}, ""Children"": {""Good for kids"": true, ""Good for kids birthday"": true, ""High chairs"": true, ""Kids' menu"": true}, ""Parking"": {""Free parking lot"": true, ""Free street parking"": true, ""Parking"": true}}",,1,108235523916217196922,,,,"https://www.google.com/maps/place/Hotel+Krishnaban/@18.1359507,74.503712,14z/data=!4m8!1m2!2m1!1sHotel+Krishnaban!3m4!1s0x3bc3a0cd92524a79:0x19c3a39913a3d7c0!8m2!3d18.1359507!4d74.503712","https://www.google.com/maps/place/Hotel+Krishnaban/@18.1359507,74.503712,13.99z/data=!4m16!1m7!3m6!1s0x3bc3a0cd92524a79:0x19c3a39913a3d7c0!2sHotel+Krishnaban!8m2!3d18.1359507!4d74.503712!16s%2Fg%2F11ckvg1dmb!3m7!1s0x3bc3a0cd92524a79:0x19c3a39913a3d7c0!8m2!3d18.1359507!4d74.503712!9m1!1b1!16s%2Fg%2F11ckvg1dmb?entry=ttu",ChIJeUpSks2gwzsRwNejE5mjwxk,0x3bc3a0cd92524a79:0x19c3a39913a3d7c0,1.85650734926161E+018,/g/12hn96dds,1856507349261604800
"restaurant, 413110, Pune, Maharashtra, IN",HOTEL 7/12,Restaurant,restaurants,Restaurant,+91 99214 78000,"Shop No 1, Shirur Road, Sangavi, Kambleshwar, Maharashtra 413115",,"Sangavi, Kambleshwar",413115,18.0692943,74.46144,3,3,"https://search.google.com/local/reviews?placeid=ChIJ1SWeAIulwzsRjWIItNk_90Q&q=restaurant,+413110,+Pune,+Maharashtra,+IN&authuser=0&hl=en&gl=IN",1,0,1,0,1,"{""Monday"": ""6am-11pm"", ""Tuesday"": ""6am-11pm"", ""Wednesday"": ""6am-11pm"", ""Thursday"": ""6am-11pm"", ""Friday"": ""6am-11pm"", ""Saturday"": ""6am-11pm"", ""Sunday"": ""6am-11pm""}",,OPERATIONAL,"{""Service options"": {""Drive-through"": true, ""Takeaway"": true, ""Dine-in"": true}, ""Accessibility"": {""Wheelchair-accessible car park"": true}, ""Offerings"": {""Late-night food"": true, ""Small plates"": true}, ""Dining options"": {""Lunch"": true, ""Dinner"": true}, ""Atmosphere"": {""Casual"": true}, ""Crowd"": {""Groups"": true}, ""Children"": {""Good for kids"": true}, ""Parking"": {""Free street parking"": true}}",,1,113769650519744075580,,,,"https://www.google.com/maps/place/HOTEL+7%2F12/@18.0692943,74.46144,14z/data=!4m8!1m2!2m1!1sHOTEL+7%2F12!3m4!1s0x3bc3a58b009e25d5:0x44f73fd9b408628d!8m2!3d18.0692943!4d74.46144","https://www.google.com/maps/place/HOTEL+7%2F12/@18.0692943,74.46144,13.99z/data=!4m16!1m7!3m6!1s0x3bc3a58b009e25d5:0x44f73fd9b408628d!2sHOTEL+7%2F12!8m2!3d18.0692943!4d74.46144!16s%2Fg%2F11ckvg1dmb!3m7!1s0x3bc3a58b009e25d5:0x44f73fd9b408628d!8m2!3d18.0692943!4d74.46144!9m1!1b1!16s%2Fg%2F11ckvg1dmb?entry=ttu",ChIJ1SWeAIulwzsRjWIItNk_90Q,0x3bc3a58b009e25d5:0x44f73fd9b408628d,4.96951091808753E+018,/g/11kh9s897t,4969510918087533197
"restaurant, 413110, Pune, Maharashtra, IN",Dhanashri Restaurant,Restaurant,restaurants,Restaurant,,"6CWM+C4C, Malwadi, Maharashtra 412204",,Malwadi,412204,18.2460548,74.432772,3.5,4,"https://search.google.com/local/reviews?placeid=ChIJ5c0dp5sJwzsRJzxzjNY6Dt4&q=restaurant,+413110,+Pune,+Maharashtra,+IN&authuser=0&hl=en&gl=IN",1,0,1,0,2,,,CLOSED_TEMPORARILY,"{""Service options"": {""Dine-in"": true}}",,0,,,,,"https://www.google.com/maps/place/Dhanashri+Restaurant/@18.2460548,74.432772,14z/data=!4m8!1m2!2m1!1sDhanashri+Restaurant!3m4!1s0x3bc3099ba71dcde5:0xde0e3ad68c733c27!8m2!3d18.2460548!4d74.432772","https://www.google.com/maps/place/Dhanashri+Restaurant/@18.2460548,74.432772,13.99z/data=!4m16!1m7!3m6!1s0x3bc3099ba71dcde5:0xde0e3ad68c733c27!2sDhanashri+Restaurant!8m2!3d18.2460548!4d74.432772!16s%2Fg%2F11ckvg1dmb!3m7!1s0x3bc3099ba71dcde5:0xde0e3ad68c733c27!8m2!3d18.2460548!4d74.432772!9m1!1b1!16s%2Fg%2F11ckvg1dmb?entry=ttu",ChIJ5c0dp5sJwzsRJzxzjNY6Dt4,0x3bc3099ba71dcde5:0xde0e3ad68c733c27,1.60007912192477E+019,/g/11h7cq2sxc,-2445952854461826009
"restaurant, 413110, Pune, Maharashtra, IN",Hotel gurumauli veg nonveg,Restaurant,restaurants,Restaurant,,"4F55+3GH, Bhikobanagar, Dhumalwadi, Manappawasti, Maharashtra 413115",Bhikobanagar,"Dhumalwadi, Manappawasti",413115,18.1076951,74.4588467,5,1,"https://search.google.com/local/reviews?placeid=ChIJpxmCOACnwzsRvOBnygtYrF0&q=restaurant,+413110,+Pune,+Maharashtra,+IN&authuser=0&hl=en&gl=IN",0,0,0,0,1,,,CLOSED_TEMPORARILY,"{""Service options"": {""Dine-in"": true}}",,0,,,,,"https://www.google.com/maps/place/Hotel+gurumauli+veg+nonveg/@18.1076951,74.4588467,14z/data=!4m8!1m2!2m1!1sHotel+gurumauli+veg+nonveg!3m4!1s0x3bc3a700388219a7:0x5dac580bca67e0bc!8m2!3d18.1076951!4d74.4588467","https://www.google.com/maps/place/Hotel+gurumauli+veg+nonveg/@18.1076951,74.4588467,13.99z/data=!4m16!1m7!3m6!1s0x3bc3a700388219a7:0x5dac580bca67e0bc!2sHotel+gurumauli+veg+nonveg!8m2!3d18.1076951!4d74.4588467!16s%2Fg%2F11ckvg1dmb!3m7!1s0x3bc3a700388219a7:0x5dac580bca67e0bc!8m2!3d18.1076951!4d74.4588467!9m1!1b1!16s%2Fg%2F11ckvg1dmb?entry=ttu",ChIJpxmCOACnwzsRvOBnygtYrF0,0x3bc3a700388219a7:0x5dac580bca67e0bc,6.74986674918522E+018,/g/11ldsww5yv,6749866749185220796
"restaurant, 413110, Pune, Maharashtra, IN",Bhel Centre,Fast food restaurant,restaurants,Fast food restaurant,+91 70352 00707,"Shop No 2, Near, Nira Road, Korhale Bk, Maharashtra 413115",,Korhale Bk,413115,18.1272395,74.3967657,2,1,"https://search.google.com/local/reviews?placeid=ChIJP-nJyyenwzsRYqDQWN7apng&q=restaurant,+413110,+Pune,+Maharashtra,+IN&authuser=0&hl=en&gl=IN",0,1,0,0,0,,,CLOSED_TEMPORARILY,"{""Service options"": {""Dine-in"": true}, ""Offerings"": {""Dishes"": true}}",,1,103397476638224514580,,,,"https://www.google.com/maps/place/Bhel+Centre/@18.127239499999998,74.3967657,14z/data=!4m8!1m2!2m1!1sBhel+Centre!3m4!1s0x3bc3a727cbc9e93f:0x78a6dade58d0a062!8m2!3d18.127239499999998!4d74.3967657","https://www.google.com/maps/place/Bhel+Centre/@18.127239499999998,74.3967657,13.99z/data=!4m16!1m7!3m6!1s0x3bc3a727cbc9e93f:0x78a6dade58d0a062!2sBhel+Centre!8m2!3d18.127239499999998!4d74.3967657!16s%2Fg%2F11ckvg1dmb!3m7!1s0x3bc3a727cbc9e93f:0x78a6dade58d0a062!8m2!3d18.127239499999998!4d74.3967657!9m1!1b1!16s%2Fg%2F11ckvg1dmb?entry=ttu",ChIJP-nJyyenwzsRYqDQWN7apng,0x3bc3a727cbc9e93f:0x78a6dade58d0a062,8.69387677919298E+018,/g/11scs5r4zn,8693876779192983650
"restaurant, 413110, Pune, Maharashtra, IN",Cafeteria,"Restaurant, Breakfast restaurant",restaurants,Restaurant,,"4FQX+C9F, Malegaon Budruk, Malegaon Bk, Maharashtra 413115",,"Malegaon Budruk, Malegaon Bk",413115,18.1385512,74.4984084,3.1,13,"https://search.google.com/local/reviews?placeid=ChIJaylaOTOnwzsRCCBZ-VNZn5A&q=restaurant,+413110,+Pune,+Maharashtra,+IN&authuser=0&hl=en&gl=IN",3,2,2,3,3,,,CLOSED_TEMPORARILY,"{""Service options"": {""Dine-in"": true}, ""Dining options"": {""Breakfast"": true}}",,0,,,,,"https://www.google.com/maps/place/Cafeteria/@18.1385512,74.4984084,14z/data=!4m8!1m2!2m1!1sCafeteria!3m4!1s0x3bc3a733395a296b:0x909f5953f9592008!8m2!3d18.1385512!4d74.4984084","https://www.google.com/maps/place/Cafeteria/@18.1385512,74.4984084,13.99z/data=!4m16!1m7!3m6!1s0x3bc3a733395a296b:0x909f5953f9592008!2sCafeteria!8m2!3d18.1385512!4d74.4984084!16s%2Fg%2F11ckvg1dmb!3m7!1s0x3bc3a733395a296b:0x909f5953f9592008!8m2!3d18.1385512!4d74.4984084!9m1!1b1!16s%2Fg%2F11ckvg1dmb?entry=ttu",ChIJaylaOTOnwzsRCCBZ-VNZn5A,0x3bc3a733395a296b:0x909f5953f9592008,1.04211462799591E+019,/g/11h9whypmh,-8025597793750409208
"restaurant, 413110, Pune, Maharashtra, IN",Hotel Ahilya Garden,Restaurant,restaurants,Restaurant,+91 95279 29933,"Jejuri - Morgaon - Baramati Rd, Pune, Maharashtra 412204",,Pune,412204,18.1996757,74.4907553,3.9,19,"https://search.google.com/local/reviews?placeid=ChIJr1pd-I4JwzsRdCsoLhKAbWc&q=restaurant,+413110,+Pune,+Maharashtra,+IN&authuser=0&hl=en&gl=IN",2,2,2,2,11,,,CLOSED_TEMPORARILY,"{""Service options"": {""Delivery"": true, ""Takeaway"": true, ""Dine-in"": true}, ""Offerings"": {""Coffee"": true, ""Small plates"": true}, ""Dining options"": {""Breakfast"": true, ""Lunch"": true, ""Dinner"": true}, ""Crowd"": {""Groups"": true}, ""Children"": {""Good for kids"": true}, ""Parking"": {""Free parking lot"": true, ""Free street parking"": true}}",,1,115134315846496783331,,,,"https://www.google.com/maps/place/Hotel+Ahilya+Garden/@18.1996757,74.4907553,14z/data=!4m8!1m2!2m1!1sHotel+Ahilya+Garden!3m4!1s0x3bc3098ef85d5aaf:0x676d80122e282b74!8m2!3d18.1996757!4d74.4907553","https://www.google.com/maps/place/Hotel+Ahilya+Garden/@18.1996757,74.4907553,13.99z/data=!4m16!1m7!3m6!1s0x3bc3098ef85d5aaf:0x676d80122e282b74!2sHotel+Ahilya+Garden!8m2!3d18.1996757!4d74.4907553!16s%2Fg%2F11ckvg1dmb!3m7!1s0x3bc3098ef85d5aaf:0x676d80122e282b74!8m2!3d18.1996757!4d74.4907553!9m1!1b1!16s%2Fg%2F11ckvg1dmb?entry=ttu",ChIJr1pd-I4JwzsRdCsoLhKAbWc,0x3bc3098ef85d5aaf:0x676d80122e282b74,7.45275377394019E+018,/g/11fxcfhqb8,7452753773940190068
"restaurant, 413110, Pune, Maharashtra, IN",Hotel Nana-Nani,Restaurant,restaurants,Restaurant,+91 97305 54018,"4GP2+PH7, Malegaon Budruk, Malegaon Bk, Maharashtra 413115",,"Malegaon Budruk, Malegaon Bk",413115,18.1367768,74.5014346,3.1,7,"https://search.google.com/local/reviews?placeid=ChIJr6IDEc2gwzsRwcB-ta1E62s&q=restaurant,+413110,+Pune,+Maharashtra,+IN&authuser=0&hl=en&gl=IN",1,1,3,0,2,,,CLOSED_TEMPORARILY,"{""Service options"": {""Dine-in"": true}}",,0,,,,,"https://www.google.com/maps/place/Hotel+Nana-Nani/@18.1367768,74.5014346,14z/data=!4m8!1m2!2m1!1sHotel+Nana-Nani!3m4!1s0x3bc3a0cd1103a2af:0x6beb44adb57ec0c1!8m2!3d18.1367768!4d74.5014346","https://www.google.com/maps/place/Hotel+Nana-Nani/@18.1367768,74.5014346,13.99z/data=!4m16!1m7!3m6!1s0x3bc3a0cd1103a2af:0x6beb44adb57ec0c1!2sHotel+Nana-Nani!8m2!3d18.1367768!4d74.5014346!16s%2Fg%2F11ckvg1dmb!3m7!1s0x3bc3a0cd1103a2af:0x6beb44adb57ec0c1!8m2!3d18.1367768!4d74.5014346!9m1!1b1!16s%2Fg%2F11ckvg1dmb?entry=ttu",ChIJr6IDEc2gwzsRwcB-ta1E62s,0x3bc3a0cd1103a2af:0x6beb44adb57ec0c1,7.77638469445031E+018,/g/11gbj8h9k5,7776384694450307265
"restaurant, 413110, Pune, Maharashtra, IN",Hotel Shirsai,Restaurant,restaurants,Restaurant,+91 91070 88081,"Shop No 1 Saymbachi Wadi, Road, Balewadi, Pune, Maharashtra 413110",Balewadi,"Pune, Jalakewadi Mudhale",413110,18.1815688,74.3565322,5,2,"https://search.google.com/local/reviews?placeid=ChIJ91kcSAYHwzsR9ozABIzdn58&q=restaurant,+413110,+Pune,+Maharashtra,+IN&authuser=0&hl=en&gl=IN",0,0,0,0,2,,,CLOSED_TEMPORARILY,"{""Service options"": {""Takeaway"": true, ""Dine-in"": true}}",,0,,,,,"https://www.google.com/maps/place/Hotel+Shirsai/@18.1815688,74.3565322,14z/data=!4m8!1m2!2m1!1sHotel+Shirsai!3m4!1s0x3bc30706481c59f7:0x9f9fdd8c04c08cf6!8m2!3d18.1815688!4d74.3565322","https://www.google.com/maps/place/Hotel+Shirsai/@18.1815688,74.3565322,13.99z/data=!4m16!1m7!3m6!1s0x3bc30706481c59f7:0x9f9fdd8c04c08cf6!2sHotel+Shirsai!8m2!3d18.1815688!4d74.3565322!16s%2Fg%2F11ckvg1dmb!3m7!1s0x3bc30706481c59f7:0x9f9fdd8c04c08cf6!8m2!3d18.1815688!4d74.3565322!9m1!1b1!16s%2Fg%2F11ckvg1dmb?entry=ttu",ChIJ91kcSAYHwzsR9ozABIzdn58,0x3bc30706481c59f7:0x9f9fdd8c04c08cf6,1.15021555667724E+019,/g/11sgsbh8k4,-6944588506937127690
"restaurant, 413110, Pune, Maharashtra, IN",AYUSH HURDA PARTY,Indian restaurant,restaurants,Indian restaurant,,"Jejuri - Morgaon - Baramati Rd, Nepat Valan, Maharashtra 413133",,Nepat Valan,413133,18.1934798,74.5171897,3.8,39,"https://search.google.com/local/reviews?placeid=ChIJYa25ABYKwzsR2hyPEKdFMkk&q=restaurant,+413110,+Pune,+Maharashtra,+IN&authuser=0&hl=en&gl=IN",8,2,2,6,21,,,CLOSED_TEMPORARILY,"{""Service options"": {""Dine-in"": true}}",,1,103717716561730370569,,,,"https://www.google.com/maps/place/AYUSH+HURDA+PARTY/@18.1934798,74.5171897,14z/data=!4m8!1m2!2m1!1sAYUSH+HURDA+PARTY!3m4!1s0x3bc30a1600b9ad61:0x493245a7108f1cda!8m2!3d18.1934798!4d74.5171897","https://www.google.com/maps/place/AYUSH+HURDA+PARTY/@18.1934798,74.5171897,13.99z/data=!4m16!1m7!3m6!1s0x3bc30a1600b9ad61:0x493245a7108f1cda!2sAYUSH+HURDA+PARTY!8m2!3d18.1934798!4d74.5171897!16s%2Fg%2F11ckvg1dmb!3m7!1s0x3bc30a1600b9ad61:0x493245a7108f1cda!8m2!3d18.1934798!4d74.5171897!9m1!1b1!16s%2Fg%2F11ckvg1dmb?entry=ttu",ChIJYa25ABYKwzsR2hyPEKdFMkk,0x3bc30a1600b9ad61:0x493245a7108f1cda,5.27435469744394E+018,/g/11f321j652,5274354697443941594
"restaurant, 410402, Pune, Maharashtra, IN",Konkan Park,Fish restaurant,restaurants,Fish restaurant,,"1, Old Mumbai - Pune Hwy, Khandala, Lonavala, Kune N.m., Maharashtra 410301",Khandala,"Lonavala, Kune N.m.",410301,18.7586693,73.3759789,4.8,61,"https://search.google.com/local/reviews?placeid=ChIJ89fi7KkB6DsRKXwmQq57D-A&q=restaurant,+410402,+Pune,+Maharashtra,+IN&authuser=0&hl=en&gl=IN",1,1,0,7,52,"{""Monday"": ""11am-4:30pm,7-9:30pm"", ""Tuesday"": ""11am-4:30pm,7-9:30pm"", ""Wednesday"": ""11am-4:30pm,7-9:30pm"", ""Thursday"": ""11am-4:30pm,7-9:30pm"", ""Friday"": ""11am-4:30pm,7-9:30pm"", ""Saturday"": ""11am-4:30pm,7-9:30pm"", ""Sunday"": ""11am-4:30pm,7-9:30pm""}",,OPERATIONAL,"{""Service options"": {""Takeaway"": true, ""Dine-in"": true}, ""Offerings"": {""Small plates"": true}, ""Dining options"": {""Lunch"": true, ""Dinner"": true}, ""Atmosphere"": {""Casual"": true}, ""Crowd"": {""Groups"": true}, ""Children"": {""Good for kids"": true}, ""Parking"": {""Free parking lot"": true, ""Parking"": true}}",,0,,,,,"https://www.google.com/maps/place/Konkan+Park/@18.758669299999998,73.37597889999999,14z/data=!4m8!1m2!2m1!1sKonkan+Park!3m4!1s0x3be801a9ece2d7f3:0xe00f7bae42267c29!8m2!3d18.758669299999998!4d73.37597889999999","https://www.google.com/maps/place/Konkan+Park/@18.758669299999998,73.37597889999999,13.99z/data=!4m16!1m7!3m6!1s0x3be801a9ece2d7f3:0xe00f7bae42267c29!2sKonkan+Park!8m2!3d18.758669299999998!4d73.37597889999999!16s%2Fg%2F11ckvg1dmb!3m7!1s0x3be801a9ece2d7f3:0xe00f7bae42267c29!8m2!3d18.758669299999998!4d73.37597889999999!9m1!1b1!16s%2Fg%2F11ckvg1dmb?entry=ttu",ChIJ89fi7KkB6DsRKXwmQq57D-A,0x3be801a9ece2d7f3:0xe00f7bae42267c29,1.61452591775109E+019,/g/11rhns06db,-2301484896198689751
"restaurant, 410402, Pune, Maharashtra, IN",Step In Family Restaurant Veg/Non veg,Family restaurant,restaurants,Family restaurant,,"near RPTS HP petrol pump, Khandala, Lonavala, Kune N.m., Maharashtra 410401",Khandala,"Lonavala, Kune N.m.",410401,18.760018,73.3871078,4.3,14,"https://search.google.com/local/reviews?placeid=ChIJJ4iWvpAB6DsRGD41Ux0q89w&q=restaurant,+410402,+Pune,+Maharashtra,+IN&authuser=0&hl=en&gl=IN",1,0,2,2,9,"{""Monday"": ""11am-11:30pm"", ""Tuesday"": ""11am-11:30pm"", ""Wednesday"": ""11am-11:30pm"", ""Thursday"": ""11am-11:30pm"", ""Friday"": ""11am-11:30pm"", ""Saturday"": ""11am-11:30pm"", ""Sunday"": ""11am-11:30pm""}",,OPERATIONAL,"{""Service options"": {""Kerbside pickup"": true, ""Delivery"": true, ""Takeaway"": true, ""Dine-in"": true}, ""Offerings"": {""Small plates"": true}, ""Atmosphere"": {""Casual"": true}, ""Crowd"": {""Groups"": true}, ""Children"": {""Good for kids"": true}, ""Parking"": {""Free street parking"": true, ""Parking"": true}}",,1,111524299967750039801,,,,"https://www.google.com/maps/place/Step+In+Family+Restaurant+Veg%2FNon+veg/@18.760018,73.3871078,14z/data=!4m8!1m2!2m1!1sStep+In+Family+Restaurant+Veg%2FNon+veg!3m4!1s0x3be80190be968827:0xdcf32a1d53353e18!8m2!3d18.760018!4d73.3871078","https://www.google.com/maps/place/Step+In+Family+Restaurant+Veg%2FNon+veg/@18.760018,73.3871078,13.99z/data=!4m16!1m7!3m6!1s0x3be80190be968827:0xdcf32a1d53353e18!2sStep+In+Family+Restaurant+Veg%2FNon+veg!8m2!3d18.760018!4d73.3871078!16s%2Fg%2F11ckvg1dmb!3m7!1s0x3be80190be968827:0xdcf32a1d53353e18!8m2!3d18.760018!4d73.3871078!9m1!1b1!16s%2Fg%2F11ckvg1dmb?entry=ttu",ChIJJ4iWvpAB6DsRGD41Ux0q89w,0x3be80190be968827:0xdcf32a1d53353e18,1.59211154131233E+019,/g/11wwx1_6rh,-2525628660586299880
"restaurant, 410402, Pune, Maharashtra, IN",Devansh chinese,Family restaurant,restaurants,Family restaurant,,"P9FP+7H9, Kurvande, Maharashtra 410402",,Kurvande,410402,18.7330543,73.3716584,4.9,14,"https://search.google.com/local/reviews?placeid=ChIJPUSCwp4B6DsRAf5Em-YJWXM&q=restaurant,+410402,+Pune,+Maharashtra,+IN&authuser=0&hl=en&gl=IN",0,0,0,1,13,"{""Monday"": ""11:30am-11pm"", ""Tuesday"": ""11:30am-11pm"", ""Wednesday"": ""11:30am-11pm"", ""Thursday"": ""11:30am-11pm"", ""Friday"": ""11:30am-11pm"", ""Saturday"": ""11:30am-11pm"", ""Sunday"": ""11:30am-11pm""}",,OPERATIONAL,"{""Service options"": {""Delivery"": true, ""Takeaway"": true, ""Dine-in"": true}, ""Offerings"": {""Small plates"": true}, ""Dining options"": {""Dinner"": true}, ""Atmosphere"": {""Casual"": true}, ""Crowd"": {""Groups"": true}, ""Children"": {""Good for kids"": true}, ""Parking"": {""Free street parking"": true}}",,1,104540898220677632148,,,,"https://www.google.com/maps/place/Devansh+chinese/@18.7330543,73.3716584,14z/data=!4m8!1m2!2m1!1sDevansh+chinese!3m4!1s0x3be8019ec282443d:0x735909e69b44fe01!8m2!3d18.7330543!4d73.3716584","https://www.google.com/maps/place/Devansh+chinese/@18.7330543,73.3716584,13.99z/data=!4m16!1m7!3m6!1s0x3be8019ec282443d:0x735909e69b44fe01!2sDevansh+chinese!8m2!3d18.7330543!4d73.3716584!16s%2Fg%2F11ckvg1dmb!3m7!1s0x3be8019ec282443d:0x735909e69b44fe01!8m2!3d18.7330543!4d73.3716584!9m1!1b1!16s%2Fg%2F11ckvg1dmb?entry=ttu",ChIJPUSCwp4B6DsRAf5Em-YJWXM,0x3be8019ec282443d:0x735909e69b44fe01,8.31168547334108E+018,/g/11tsqtvvt7,8311685473341079041
"restaurant, 410402, Pune, Maharashtra, IN",Mahi's Kitchen Family Restaurant,Family restaurant,restaurants,Family restaurant,,"Old Mumbai Pune Highway, Shivaji Chowk, opp. Rikshaw Stand, Khandala, Maharashtra 410301",Khandala,"Khandala, Kune N.m.",410301,18.7573917,73.373015,4.7,18,"https://search.google.com/local/reviews?placeid=ChIJHSs6Xh0B6DsRYK2DmvbxG_4&q=restaurant,+410402,+Pune,+Maharashtra,+IN&authuser=0&hl=en&gl=IN",0,0,0,5,13,"{""Monday"": ""10:30am-11:30pm"", ""Tuesday"": ""10:30am-11:30pm"", ""Wednesday"": ""10:30am-11:30pm"", ""Thursday"": ""10:30am-11:30pm"", ""Friday"": ""10:30am-11:30pm"", ""Saturday"": ""10:30am-11:30pm"", ""Sunday"": ""10:30am-11:30pm""}",,OPERATIONAL,"{""Service options"": {""Delivery"": true, ""Takeaway"": true, ""Dine-in"": true}, ""Offerings"": {""Small plates"": true}, ""Dining options"": {""Dinner"": true}, ""Atmosphere"": {""Casual"": true}, ""Crowd"": {""Family friendly"": true, ""Groups"": true}, ""Planning"": {""Accepts reservations"": false}, ""Payments"": {""Cash only"": true, ""Google Pay"": true, ""Mobile Wallets"": true}, ""Children"": {""Good for kids"": true}, ""Parking"": {""Free street parking"": true}}",,1,110164072476381591690,,,,"https://www.google.com/maps/place/Mahi%27s+Kitchen+Family+Restaurant/@18.7573917,73.373015,14z/data=!4m8!1m2!2m1!1sMahi%27s+Kitchen+Family+Restaurant!3m4!1s0x3be8011d5e3a2b1d:0xfe1bf1f69a83ad60!8m2!3d18.7573917!4d73.373015","https://www.google.com/maps/place/Mahi%27s+Kitchen+Family+Restaurant/@18.7573917,73.373015,13.99z/data=!4m16!1m7!3m6!1s0x3be8011d5e3a2b1d:0xfe1bf1f69a83ad60!2sMahi%27s+Kitchen+Family+Restaurant!8m2!3d18.7573917!4d73.373015!16s%2Fg%2F11ckvg1dmb!3m7!1s0x3be8011d5e3a2b1d:0xfe1bf1f69a83ad60!8m2!3d18.7573917!4d73.373015!9m1!1b1!16s%2Fg%2F11ckvg1dmb?entry=ttu",ChIJHSs6Xh0B6DsRYK2DmvbxG_4,0x3be8011d5e3a2b1d:0xfe1bf1f69a83ad60,1.83104947514615E+019,/g/11vz03gq6l,-136249322248098464
"restaurant, 410402, Pune, Maharashtra, IN",Dawat Restaurant,Restaurant,restaurants,Restaurant,+91 83295 30341,"Mumbai Pune Highway, Old Khandala Rd, Maharashtra 410301",Arsiwalla Villa,"Kune N.m., Lonavala",410301,18.7596826,73.3831593,3.7,255,"https://search.google.com/local/reviews?placeid=ChIJczIfuGEB6DsRzjyJ0-8oCoo&q=restaurant,+410402,+Pune,+Maharashtra,+IN&authuser=0&hl=en&gl=IN",44,15,24,72,100,"{""Monday"": ""11am-11:56pm"", ""Tuesday"": ""11am-11:56pm"", ""Wednesday"": ""11am-11:56pm"", ""Thursday"": ""11am-11:56pm"", ""Friday"": ""11am-11:56pm"", ""Saturday"": ""11am-11:56pm"", ""Sunday"": ""11am-11:59pm""}",,OPERATIONAL,"{""Service options"": {""Delivery"": true, ""Drive-through"": true, ""Takeaway"": true, ""Dine-in"": true}, ""Accessibility"": {""Wheelchair-accessible car park"": true, ""Wheelchair-accessible entrance"": true, ""Wheelchair-accessible seating"": true}, ""Offerings"": {""All you can eat"": true, ""Coffee"": true, ""Halal food"": true, ""Late-night food"": true, ""Small plates"": true}, ""Dining options"": {""Breakfast"": true, ""Brunch"": true, ""Lunch"": true, ""Dinner"": true, ""Catering"": true, ""Dessert"": true}, ""Amenities"": {""Toilets"": true}, ""Atmosphere"": {""Casual"": true}, ""Crowd"": {""Groups"": true}, ""Planning"": {""Accepts reservations"": true}, ""Payments"": {""Credit cards"": true, ""Mobile Wallets"": true}, ""Children"": {""Good for kids"": true, ""Kids' menu"": true}, ""Parking"": {""Free parking lot"": true, ""Free street parking"": true, ""Parking"": true}}",,1,106439988939959853557,,,,"https://www.google.com/maps/place/Dawat+Restaurant/@18.759682599999998,73.3831593,14z/data=!4m8!1m2!2m1!1sDawat+Restaurant!3m4!1s0x3be80161b81f3273:0x8a0a28efd3893cce!8m2!3d18.759682599999998!4d73.3831593","https://www.google.com/maps/place/Dawat+Restaurant/@18.759682599999998,73.3831593,13.99z/data=!4m16!1m7!3m6!1s0x3be80161b81f3273:0x8a0a28efd3893cce!2sDawat+Restaurant!8m2!3d18.759682599999998!4d73.3831593!16s%2Fg%2F11ckvg1dmb!3m7!1s0x3be80161b81f3273:0x8a0a28efd3893cce!8m2!3d18.759682599999998!4d73.3831593!9m1!1b1!16s%2Fg%2F11ckvg1dmb?entry=ttu",ChIJczIfuGEB6DsRzjyJ0-8oCoo,0x3be80161b81f3273:0x8a0a28efd3893cce,9.94680773751244E+018,/g/11s1ss89j1,-8499936336197108530
"restaurant, 410402, Pune, Maharashtra, IN",BBQ BoneZone,Restaurant,restaurants,Restaurant,+91 88992 73570,"Q95P+VF5 High way, BBQ BoneZone, Old Mumbai - Pune Hwy, next to Sathe Misal, Lonavala, Maharashtra 410301",Arsiwalla Villa,"Lonavala, Kune N.m.",410301,18.7596474,73.3862356,4.6,28,"https://search.google.com/local/reviews?placeid=ChIJpYGA_WUB6DsRTole_Nmmdhw&q=restaurant,+410402,+Pune,+Maharashtra,+IN&authuser=0&hl=en&gl=IN",2,1,0,1,24,"{""Monday"": ""10am-11:30pm"", ""Tuesday"": ""10am-11:30pm"", ""Wednesday"": ""10am-11:30pm"", ""Thursday"": ""10am-11:30pm"", ""Friday"": ""10am-11pm"", ""Saturday"": ""10am-11:30pm"", ""Sunday"": ""10am-11:30pm""}","[{""delivery"": {""Monday"": ""9 am-11 pm"", ""Tuesday"": ""9 am-11 pm"", ""Wednesday"": ""9 am-11 pm"", ""Thursday"": ""9 am-11 pm"", ""Friday"": ""9 am-11 pm"", ""Saturday"": ""9 am-11 pm"", ""Sunday"": ""9 am-11 pm""}}, {""breakfast"": {""Monday"": ""9 am-12 pm"", ""Tuesday"": ""9 am-12 pm"", ""Wednesday"": ""9 am-12 pm"", ""Thursday"": ""9 am-12 pm"", ""Friday"": ""9 am-12 pm"", ""Saturday"": ""9 am-12 pm"", ""Sunday"": ""9 am-12 pm""}}]",OPERATIONAL,"{""Service options"": {""Kerbside pickup"": true, ""Delivery"": true, ""Drive-through"": true, ""Takeaway"": true, ""Dine-in"": true}, ""Offerings"": {""Small plates"": true}, ""Dining options"": {""Lunch"": true, ""Dinner"": true, ""Dessert"": true}, ""Amenities"": {""Toilets"": true}, ""Atmosphere"": {""Casual"": true}, ""Crowd"": {""Groups"": true}, ""Planning"": {""Accepts reservations"": true}, ""Payments"": {""Credit cards"": true, ""Mobile Wallets"": true}, ""Children"": {""Good for kids"": true}, ""Parking"": {""Free street parking"": true}}",,0,,,,,"https://www.google.com/maps/place/BBQ+BoneZone/@18.7596474,73.38623559999999,14z/data=!4m8!1m2!2m1!1sBBQ+BoneZone!3m4!1s0x3be80165fd8081a5:0x1c76a6d9fc5e894e!8m2!3d18.7596474!4d73.38623559999999","https://www.google.com/maps/place/BBQ+BoneZone/@18.7596474,73.38623559999999,13.99z/data=!4m16!1m7!3m6!1s0x3be80165fd8081a5:0x1c76a6d9fc5e894e!2sBBQ+BoneZone!8m2!3d18.7596474!4d73.38623559999999!16s%2Fg%2F11ckvg1dmb!3m7!1s0x3be80165fd8081a5:0x1c76a6d9fc5e894e!8m2!3d18.7596474!4d73.38623559999999!9m1!1b1!16s%2Fg%2F11ckvg1dmb?entry=ttu",ChIJpYGA_WUB6DsRTole_Nmmdhw,0x3be80165fd8081a5:0x1c76a6d9fc5e894e,2.05101013548601E+018,/g/11pyc4jqf1,2051010135486007630
"restaurant, 410402, Pune, Maharashtra, IN",Best of Raj Family Restaurant,Dhaba,Dhaba,Dhaba,+91 99603 66466,"Q95R+Q8X, Old Mumbai - Pune Hwy, opp.to Fariyas, Arsiwalla Villa, Lonavala, Kune N.m., Maharashtra 410403",Arsiwalla Villa,"Lonavala, Kune N.m.",410403,18.7594877,73.3908666,3.9,338,"https://search.google.com/local/reviews?placeid=ChIJHTUYeyEB6DsRs-fdYMJWLMs&q=restaurant,+410402,+Pune,+Maharashtra,+IN&authuser=0&hl=en&gl=IN",39,13,51,78,157,"{""Monday"": ""11am-2am"", ""Tuesday"": ""11am-2am"", ""Wednesday"": ""11am-2am"", ""Thursday"": ""11am-2am"", ""Friday"": ""11am-2am"", ""Saturday"": ""11am-2am"", ""Sunday"": ""11am-2am""}",,OPERATIONAL,"{""Service options"": {""Outdoor seating"": true, ""Delivery"": true, ""Takeaway"": true, ""Dine-in"": true}, ""Accessibility"": {""Wheelchair-accessible car park"": true, ""Wheelchair-accessible entrance"": true}, ""Offerings"": {""Coffee"": true, ""Halal food"": true, ""Late-night food"": true, ""Small plates"": true, ""Cuisine"": true}, ""Dining options"": {""Lunch"": true, ""Dinner"": true, ""Dessert"": true, ""Seating"": true}, ""Amenities"": {""Toilets"": true}, ""Atmosphere"": {""Casual"": true}, ""Crowd"": {""Groups"": true}, ""Planning"": {""Accepts reservations"": true}, ""Payments"": {""Credit cards"": true, ""Mobile Wallets"": true}, ""Children"": {""Good for kids"": true, ""Kids' menu"": true}, ""Parking"": {""Free parking lot"": true, ""Free street parking"": true, ""Parking"": true}}",,0,,,https://www.swiggy.com/city/pune/raj-pure-veg-frichley-hills-road-lonavala-rest412025?utm_source=GooglePlaceOrder&utm_campaign=GoogleMap&is_retargeting=true&media_source=GooglePlaceOrder,https://www.swiggy.com/city/pune/raj-pure-veg-frichley-hills-road-lonavala-rest412025?utm_source=GooglePlaceOrder&utm_campaign=GoogleMap&is_retargeting=true&media_source=GooglePlaceOrder,"https://www.google.com/maps/place/Best+of+Raj+Family+Restaurant/@18.759487699999998,73.3908666,14z/data=!4m8!1m2!2m1!1sBest+of+Raj+Family+Restaurant!3m4!1s0x3be801217b18351d:0xcb2c56c260dde7b3!8m2!3d18.759487699999998!4d73.3908666","https://www.google.com/maps/place/Best+of+Raj+Family+Restaurant/@18.759487699999998,73.3908666,13.99z/data=!4m16!1m7!3m6!1s0x3be801217b18351d:0xcb2c56c260dde7b3!2sBest+of+Raj+Family+Restaurant!8m2!3d18.759487699999998!4d73.3908666!16s%2Fg%2F11ckvg1dmb!3m7!1s0x3be801217b18351d:0xcb2c56c260dde7b3!8m2!3d18.759487699999998!4d73.3908666!9m1!1b1!16s%2Fg%2F11ckvg1dmb?entry=ttu",ChIJHTUYeyEB6DsRs-fdYMJWLMs,0x3be801217b18351d:0xcb2c56c260dde7b3,1.46401718815234E+019,/g/11cmh4y8yk,-3806572192186112077
"restaurant, 410402, Pune, Maharashtra, IN",Urban Grill,Restaurant,restaurants,Restaurant,+91 98232 29923,"plot no 344,345,346, Old Mumbai - Pune Hwy, opp. ICICI learning Center, Khandala, khandala, Maharashtra 410301","Ambience Villa, Khandala","khandala, Kune N.m.",410301,18.7590424,73.379783,3.8,13,"https://search.google.com/local/reviews?placeid=ChIJU3NZwm8B6DsRgb3dhVc6qi8&q=restaurant,+410402,+Pune,+Maharashtra,+IN&authuser=0&hl=en&gl=IN",2,0,3,2,6,"{""Monday"": ""8am-11pm"", ""Tuesday"": ""8am-11pm"", ""Wednesday"": ""8am-11pm"", ""Thursday"": ""8am-11pm"", ""Friday"": ""8am-11pm"", ""Saturday"": ""8am-11:30pm"", ""Sunday"": ""8am-11pm""}",,OPERATIONAL,"{""Service options"": {""No-contact delivery"": true, ""Delivery"": true, ""Drive-through"": true, ""Takeaway"": true, ""Dine-in"": true}, ""Offerings"": {""Coffee"": true, ""Small plates"": true}, ""Dining options"": {""Lunch"": true, ""Dinner"": true, ""Dessert"": true}, ""Atmosphere"": {""Casual"": true}, ""Crowd"": {""Groups"": true}, ""Payments"": {""Mobile Wallets"": true}, ""Children"": {""Good for kids"": true}, ""Parking"": {""Free street parking"": true}}",,1,100703603715491809613,,,,"https://www.google.com/maps/place/Urban+Grill/@18.7590424,73.379783,14z/data=!4m8!1m2!2m1!1sUrban+Grill!3m4!1s0x3be8016fc2597353:0x2faa3a5785ddbd81!8m2!3d18.7590424!4d73.379783","https://www.google.com/maps/place/Urban+Grill/@18.7590424,73.379783,13.99z/data=!4m16!1m7!3m6!1s0x3be8016fc2597353:0x2faa3a5785ddbd81!2sUrban+Grill!8m2!3d18.7590424!4d73.379783!16s%2Fg%2F11ckvg1dmb!3m7!1s0x3be8016fc2597353:0x2faa3a5785ddbd81!8m2!3d18.7590424!4d73.379783!9m1!1b1!16s%2Fg%2F11ckvg1dmb?entry=ttu",ChIJU3NZwm8B6DsRgb3dhVc6qi8,0x3be8016fc2597353:0x2faa3a5785ddbd81,3.43462181340589E+018,/g/11ny0drklb,3434621813405891969
"restaurant, 410402, Pune, Maharashtra, IN",Fat Fish Lonavala,Restaurant,restaurants,Restaurant,+91 99216 68835,"Shilpakar Nagar, Kurvande, Lonavala, Maharashtra 410402",,"Kurvande, Lonavala",410402,18.7340851,73.3693413,5,24,"https://search.google.com/local/reviews?placeid=ChIJzZzs-U8H6DsRDPjBlE76S-w&q=restaurant,+410402,+Pune,+Maharashtra,+IN&authuser=0&hl=en&gl=IN",0,0,0,0,24,"{""Monday"": ""Open 24 hours"", ""Tuesday"": ""Open 24 hours"", ""Wednesday"": ""Open 24 hours"", ""Thursday"": ""Open 24 hours"", ""Friday"": ""Open 24 hours"", ""Saturday"": ""Open 24 hours"", ""Sunday"": ""Open 24 hours""}",,OPERATIONAL,"{""Service options"": {""Kerbside pickup"": true, ""No-contact delivery"": true, ""Delivery"": true, ""Drive-through"": true, ""Takeaway"": true, ""Dine-in"": false}, ""Atmosphere"": {""Casual"": true}, ""Crowd"": {""Groups"": true}, ""Children"": {""Good for kids"": true}, ""Parking"": {""Free street parking"": true}}",,1,106138436127908849395,,,,"https://www.google.com/maps/place/Fat+Fish+Lonavala/@18.734085099999998,73.3693413,14z/data=!4m8!1m2!2m1!1sFat+Fish+Lonavala!3m4!1s0x3be8074ff9ec9ccd:0xec4bfa4e94c1f80c!8m2!3d18.734085099999998!4d73.3693413","https://www.google.com/maps/place/Fat+Fish+Lonavala/@18.734085099999998,73.3693413,13.99z/data=!4m16!1m7!3m6!1s0x3be8074ff9ec9ccd:0xec4bfa4e94c1f80c!2sFat+Fish+Lonavala!8m2!3d18.734085099999998!4d73.3693413!16s%2Fg%2F11ckvg1dmb!3m7!1s0x3be8074ff9ec9ccd:0xec4bfa4e94c1f80c!8m2!3d18.734085099999998!4d73.3693413!9m1!1b1!16s%2Fg%2F11ckvg1dmb?entry=ttu",ChIJzZzs-U8H6DsRDPjBlE76S-w,0x3be8074ff9ec9ccd:0xec4bfa4e94c1f80c,1.70269780316144E+019,/g/11vz5_v3k_,-1419766042095126516
"restaurant, 410402, Pune, Maharashtra, IN",Jashn Restaurant,Restaurant,restaurants,Restaurant,,"Q95P+XQ8, Arsiwalla Villa, Lonavala, Kune N.m., Maharashtra 410301",Arsiwalla Villa,"Lonavala, Kune N.m.",410301,18.7600318,73.387258,4.2,5,"https://search.google.com/local/reviews?placeid=ChIJBfneaAAB6DsRQP5Xb7ATTDo&q=restaurant,+410402,+Pune,+Maharashtra,+IN&authuser=0&hl=en&gl=IN",1,0,0,0,4,"{""Monday"": ""11am-12am"", ""Tuesday"": ""11am-12am"", ""Wednesday"": ""11am-12am"", ""Thursday"": ""11am-12am"", ""Friday"": ""11am-12am"", ""Saturday"": ""Open 24 hours"", ""Sunday"": ""Open 24 hours""}",,OPERATIONAL,"{""Service options"": {""Takeaway"": true, ""Dine-in"": true}, ""Offerings"": {""Coffee"": true, ""Small plates"": true}, ""Dining options"": {""Lunch"": true, ""Dinner"": true, ""Dessert"": true}, ""Atmosphere"": {""Casual"": true}, ""Crowd"": {""Groups"": true}, ""Payments"": {""Mobile Wallets"": true}, ""Children"": {""Good for kids"": true}, ""Parking"": {""Free parking lot"": true, ""Free street parking"": true, ""Parking"": true}}",,0,,,,,"https://www.google.com/maps/place/Jashn+Restaurant/@18.7600318,73.387258,14z/data=!4m8!1m2!2m1!1sJashn+Restaurant!3m4!1s0x3be8010068def905:0x3a4c13b06f57fe40!8m2!3d18.7600318!4d73.387258","https://www.google.com/maps/place/Jashn+Restaurant/@18.7600318,73.387258,13.99z/data=!4m16!1m7!3m6!1s0x3be8010068def905:0x3a4c13b06f57fe40!2sJashn+Restaurant!8m2!3d18.7600318!4d73.387258!16s%2Fg%2F11ckvg1dmb!3m7!1s0x3be8010068def905:0x3a4c13b06f57fe40!8m2!3d18.7600318!4d73.387258!9m1!1b1!16s%2Fg%2F11ckvg1dmb?entry=ttu",ChIJBfneaAAB6DsRQP5Xb7ATTDo,0x3be8010068def905:0x3a4c13b06f57fe40,4.20075420093304E+018,/g/11vrdpz18b,4200754200933039680
"restaurant, 410402, Pune, Maharashtra, IN",Samarth krupa hotel,Restaurant,restaurants,Restaurant,+91 96897 51829,"Old Mumbai - Pune Hwy, Khandala, Lonavala, Kune N.m., Maharashtra 410301",Khandala,"Lonavala, Kune N.m.",410301,18.7591197,73.3709111,4.7,50,"https://search.google.com/local/reviews?placeid=ChIJiykrKuYB6DsRVCKtEqJ-p0I&q=restaurant,+410402,+Pune,+Maharashtra,+IN&authuser=0&hl=en&gl=IN",1,0,2,7,40,"{""Monday"": ""12am-11pm"", ""Tuesday"": ""7am-11pm"", ""Wednesday"": ""7am-11pm"", ""Thursday"": ""7am-11pm"", ""Friday"": ""7am-11pm"", ""Saturday"": ""7am-11pm"", ""Sunday"": ""7am-11pm""}","[{""lunch"": {""Monday"": ""7 am-11 pm"", ""Tuesday"": ""7 am-11 pm"", ""Wednesday"": ""7 am-11 pm"", ""Thursday"": ""7 am-11 pm"", ""Friday"": ""7 am-11 pm"", ""Saturday"": ""7 am-11 pm"", ""Sunday"": ""7 am-11 pm""}}]",OPERATIONAL,"{""From the business"": {""Identifies as women-owned"": true}, ""Service options"": {""Takeaway"": true, ""Dine-in"": true}, ""Offerings"": {""Coffee"": true, ""Small plates"": true}, ""Dining options"": {""Breakfast"": true, ""Brunch"": true, ""Lunch"": true, ""Dinner"": true, ""Seating"": true}, ""Atmosphere"": {""Casual"": true}, ""Crowd"": {""Groups"": true}, ""Children"": {""Good for kids"": true}, ""Parking"": {""Free street parking"": true}, ""Other"": {""Identifies as women-owned"": true}}",,1,109825134936372741104,,,,"https://www.google.com/maps/place/Samarth+krupa+hotel/@18.7591197,73.3709111,14z/data=!4m8!1m2!2m1!1sSamarth+krupa+hotel!3m4!1s0x3be801e62a2b298b:0x42a77ea212ad2254!8m2!3d18.7591197!4d73.3709111","https://www.google.com/maps/place/Samarth+krupa+hotel/@18.7591197,73.3709111,13.99z/data=!4m16!1m7!3m6!1s0x3be801e62a2b298b:0x42a77ea212ad2254!2sSamarth+krupa+hotel!8m2!3d18.7591197!4d73.3709111!16s%2Fg%2F11ckvg1dmb!3m7!1s0x3be801e62a2b298b:0x42a77ea212ad2254!8m2!3d18.7591197!4d73.3709111!9m1!1b1!16s%2Fg%2F11ckvg1dmb?entry=ttu",ChIJiykrKuYB6DsRVCKtEqJ-p0I,0x3be801e62a2b298b:0x42a77ea212ad2254,4.80294676217706E+018,/g/11txphq574,4802946762177061460
"restaurant, 410402, Pune, Maharashtra, IN",Ekveera khaanaval and chinese corner khandala,Restaurant,restaurants,Restaurant,+91 95112 32377,"Ekveera khanaval, near bhairavnath and shani mandir, Khandala, Lonavala, Kune N.m., Maharashtra 410301",Khandala,"Lonavala, Kune N.m.",410301,18.7576183,73.3728964,5,12,"https://search.google.com/local/reviews?placeid=ChIJ61V2W40B6DsRyQ2UxMh6VGo&q=restaurant,+410402,+Pune,+Maharashtra,+IN&authuser=0&hl=en&gl=IN",0,0,0,0,12,"{""Monday"": ""9:30am-10pm"", ""Tuesday"": ""9:30am-10pm"", ""Wednesday"": ""9:30am-10pm"", ""Thursday"": ""9:30am-10pm"", ""Friday"": ""9:30am-10pm"", ""Saturday"": ""9:30am-10pm"", ""Sunday"": ""9:30am-10pm""}","[{""breakfast"": {""Monday"": ""9 am-5 pm"", ""Tuesday"": ""9 am-5 pm"", ""Wednesday"": ""9 am-5 pm"", ""Thursday"": ""9 am-5 pm"", ""Friday"": ""9 am-5 pm"", ""Saturday"": ""9 am-5 pm"", ""Sunday"": ""9 am-5 pm""}}, {""dinner"": {""Monday"": ""9 am-7:30 pm"", ""Tuesday"": ""9 am-7:30 pm"", ""Wednesday"": ""9 am-7:30 pm"", ""Thursday"": ""9 am-7:30 pm"", ""Friday"": ""9 am-7:30 pm"", ""Saturday"": ""9 am-7:30 pm"", ""Sunday"": ""9 am-7:30 pm""}}]",OPERATIONAL,"{""Service options"": {""Takeaway"": true, ""Dine-in"": true}, ""Offerings"": {""Small plates"": true}, ""Atmosphere"": {""Casual"": true}, ""Crowd"": {""Groups"": true}, ""Children"": {""Good for kids"": true}, ""Parking"": {""Free street parking"": true}}",,1,109964393269508177582,,,,"https://www.google.com/maps/place/Ekveera+khaanaval+and+chinese+corner+khandala/@18.7576183,73.3728964,14z/data=!4m8!1m2!2m1!1sEkveera+khaanaval+and+chinese+corner+khandala!3m4!1s0x3be8018d5b7655eb:0x6a547ac8c4940dc9!8m2!3d18.7576183!4d73.3728964","https://www.google.com/maps/place/Ekveera+khaanaval+and+chinese+corner+khandala/@18.7576183,73.3728964,13.99z/data=!4m16!1m7!3m6!1s0x3be8018d5b7655eb:0x6a547ac8c4940dc9!2sEkveera+khaanaval+and+chinese+corner+khandala!8m2!3d18.7576183!4d73.3728964!16s%2Fg%2F11ckvg1dmb!3m7!1s0x3be8018d5b7655eb:0x6a547ac8c4940dc9!8m2!3d18.7576183!4d73.3728964!9m1!1b1!16s%2Fg%2F11ckvg1dmb?entry=ttu",ChIJ61V2W40B6DsRyQ2UxMh6VGo,0x3be8018d5b7655eb:0x6a547ac8c4940dc9,7.66188386877414E+018,/g/11nxpbg72m,7661883868774141385
"restaurant, 410402, Pune, Maharashtra, IN",OM SAI FOOD CORNER KHANDALA,Restaurant,restaurants,Restaurant,,"hilltop colony, Khandala, Lonavala, Kune N.m., Maharashtra 410301","hilltop colony, Khandala","Lonavala, Kune N.m.",410301,18.7598047,73.3678489,5,12,"https://search.google.com/local/reviews?placeid=ChIJobJBliYH6DsRzkheLH54i7c&q=restaurant,+410402,+Pune,+Maharashtra,+IN&authuser=0&hl=en&gl=IN",0,0,0,0,12,"{""Monday"": ""9am-7:30pm"", ""Tuesday"": ""9am-7:30pm"", ""Wednesday"": ""9am-5pm"", ""Thursday"": ""9am-7:30pm"", ""Friday"": ""9am-7:30pm"", ""Saturday"": ""9am-7:30pm"", ""Sunday"": ""9am-7:30pm""}","[{""kitchen"": {""Monday"": ""9 am-5 pm"", ""Tuesday"": ""9 am-5 pm"", ""Wednesday"": ""9 am-5 pm"", ""Thursday"": ""9 am-5 pm"", ""Friday"": ""9 am-5 pm"", ""Saturday"": ""Closed"", ""Sunday"": ""9 am-5 pm""}}, {""online_operating_hours"": {""Monday"": ""12-7:30 am,9 am-12 am"", ""Tuesday"": ""12-7:30 am,9 am-12 am"", ""Wednesday"": ""12-7:30 am,9 am-12 am"", ""Thursday"": ""12-7:30 am,9 am-12 am"", ""Friday"": ""12-7:30 am,9 am-12 am"", ""Saturday"": ""12-7:30 am,9 am-12 am"", ""Sunday"": ""12-7:30 am,9 am-12 am""}}]",OPERATIONAL,"{""From the business"": {""Identifies as women-owned"": true}, ""Service options"": {""Kerbside pickup"": true, ""No-contact delivery"": true, ""Delivery"": true, ""Dine-in"": true}, ""Accessibility"": {""Wheelchair-accessible seating"": true, ""Wheelchair-accessible toilet"": false}, ""Offerings"": {""Small plates"": true}, ""Atmosphere"": {""Casual"": true}, ""Crowd"": {""Groups"": true}, ""Children"": {""Good for kids"": true}, ""Parking"": {""Free street parking"": true}, ""Other"": {""Identifies as women-owned"": true}}",,1,105561373404210377890,,,,"https://www.google.com/maps/place/OM+SAI+FOOD+CORNER+KHANDALA/@18.7598047,73.3678489,14z/data=!4m8!1m2!2m1!1sOM+SAI+FOOD+CORNER+KHANDALA!3m4!1s0x3be807269641b2a1:0xb78b787e2c5e48ce!8m2!3d18.7598047!4d73.3678489","https://www.google.com/maps/place/OM+SAI+FOOD+CORNER+KHANDALA/@18.7598047,73.3678489,13.99z/data=!4m16!1m7!3m6!1s0x3be807269641b2a1:0xb78b787e2c5e48ce!2sOM+SAI+FOOD+CORNER+KHANDALA!8m2!3d18.7598047!4d73.3678489!16s%2Fg%2F11ckvg1dmb!3m7!1s0x3be807269641b2a1:0xb78b787e2c5e48ce!8m2!3d18.7598047!4d73.3678489!9m1!1b1!16s%2Fg%2F11ckvg1dmb?entry=ttu",ChIJobJBliYH6DsRzkheLH54i7c,0x3be807269641b2a1:0xb78b787e2c5e48ce,1.32257972140092E+019,/g/11vb7m6jxw,-5220946859700369202
"restaurant, 410402, Pune, Maharashtra, IN",Famous sigdi,North Indian restaurant,North Indian restaurant,North Indian restaurant,+91 98923 55137,"no.76, hotel pichlihill, Taj cottage, New Tungarli Rd, behind FARIYAS RESORT LONAVALA, Lonavala, Maharashtra 410401",Parshwapuram,"Lonavala, Kune N.m.",410401,18.762555,73.3930851,4,28,"https://search.google.com/local/reviews?placeid=ChIJ1chaD8sB6DsRxKVvtDw78QE&q=restaurant,+410402,+Pune,+Maharashtra,+IN&authuser=0&hl=en&gl=IN",4,0,3,7,14,"{""Monday"": ""11am-12am"", ""Tuesday"": ""11am-12am"", ""Wednesday"": ""11am-12am"", ""Thursday"": ""11am-12am"", ""Friday"": ""11am-12am"", ""Saturday"": ""11am-12am"", ""Sunday"": ""11am-12am""}",,OPERATIONAL,"{""Service options"": {""Takeaway"": true, ""Dine-in"": true}, ""Offerings"": {""Small plates"": true, ""Cuisine"": true, ""Dishes"": true}, ""Dining options"": {""Lunch"": true, ""Dinner"": true}, ""Atmosphere"": {""Casual"": true}, ""Crowd"": {""Groups"": true}, ""Children"": {""Good for kids"": true}, ""Parking"": {""Free parking lot"": true, ""Free street parking"": true}}",,0,,,,,"https://www.google.com/maps/place/Famous+sigdi/@18.762555,73.3930851,14z/data=!4m8!1m2!2m1!1sFamous+sigdi!3m4!1s0x3be801cb0f5ac8d5:0x1f13b3cb46fa5c4!8m2!3d18.762555!4d73.3930851","https://www.google.com/maps/place/Famous+sigdi/@18.762555,73.3930851,13.99z/data=!4m16!1m7!3m6!1s0x3be801cb0f5ac8d5:0x1f13b3cb46fa5c4!2sFamous+sigdi!8m2!3d18.762555!4d73.3930851!16s%2Fg%2F11ckvg1dmb!3m7!1s0x3be801cb0f5ac8d5:0x1f13b3cb46fa5c4!8m2!3d18.762555!4d73.3930851!9m1!1b1!16s%2Fg%2F11ckvg1dmb?entry=ttu",ChIJ1chaD8sB6DsRxKVvtDw78QE,0x3be801cb0f5ac8d5:0x1f13b3cb46fa5c4,1.39958195336488E+017,/g/11thkdsm7m,139958195336488388
"restaurant, 410402, Pune, Maharashtra, IN",The Jungle Dhaba,Dhaba,Dhaba,Dhaba,+91 98223 22332,"Lonavala Aamby Valley Rd, near Lion's Point, Atvan, Maharashtra 410401",,Atvan,410401,18.6872797,73.3935817,4.1,407,"https://search.google.com/local/reviews?placeid=ChIJRbeN5PwD6DsRpUrOISDcslQ&q=restaurant,+410402,+Pune,+Maharashtra,+IN&authuser=0&hl=en&gl=IN",42,14,44,85,222,"{""Monday"": ""8am-11pm"", ""Tuesday"": ""8am-11pm"", ""Wednesday"": ""8am-11pm"", ""Thursday"": ""8am-11pm"", ""Friday"": ""8am-11pm"", ""Saturday"": ""8am-11pm"", ""Sunday"": ""8am-11pm""}",,OPERATIONAL,"{""Service options"": {""Outdoor seating"": true, ""Takeaway"": true, ""Dine-in"": true}, ""Accessibility"": {""Wheelchair-accessible seating"": true}, ""Offerings"": {""All you can eat"": true, ""Coffee"": true, ""Halal food"": true, ""Late-night food"": true, ""Small plates"": true, ""Vegan options"": true, ""Vegetarian options"": true}, ""Dining options"": {""Breakfast"": true, ""Brunch"": true, ""Lunch"": true, ""Dinner"": true, ""Seating"": true}, ""Amenities"": {""Toilets"": true}, ""Atmosphere"": {""Casual"": true}, ""Crowd"": {""Groups"": true}, ""Planning"": {""Reservations required"": true, ""Accepts reservations"": true}, ""Payments"": {""Credit cards"": true, ""Google Pay"": true, ""Mobile Wallets"": true}, ""Children"": {""Good for kids"": true}, ""Parking"": {""Free parking lot"": true, ""Free street parking"": true}}",,1,110354546742346487125,,,,"https://www.google.com/maps/place/The+Jungle+Dhaba/@18.687279699999998,73.3935817,14z/data=!4m8!1m2!2m1!1sThe+Jungle+Dhaba!3m4!1s0x3be803fce48db745:0x54b2dc2021ce4aa5!8m2!3d18.687279699999998!4d73.3935817","https://www.google.com/maps/place/The+Jungle+Dhaba/@18.687279699999998,73.3935817,13.99z/data=!4m16!1m7!3m6!1s0x3be803fce48db745:0x54b2dc2021ce4aa5!2sThe+Jungle+Dhaba!8m2!3d18.687279699999998!4d73.3935817!16s%2Fg%2F11ckvg1dmb!3m7!1s0x3be803fce48db745:0x54b2dc2021ce4aa5!8m2!3d18.687279699999998!4d73.3935817!9m1!1b1!16s%2Fg%2F11ckvg1dmb?entry=ttu",ChIJRbeN5PwD6DsRpUrOISDcslQ,0x3be803fce48db745:0x54b2dc2021ce4aa5,6.10318247560468E+018,/g/11j4cll68j,6103182475604675237
"restaurant, 410402, Pune, Maharashtra, IN",Raju Corner,"Fast food restaurant, Takeout restaurant",restaurants,Fast food restaurant,,"Q97R+5J2, Arsiwalla Villa, Lonavala, Kune N.m., Maharashtra 410403",Arsiwalla Villa,"Lonavala, Kune N.m.",410403,18.7628854,73.3915239,5,11,"https://search.google.com/local/reviews?placeid=ChIJMZO4WCAB6DsRkcElvHsIZPs&q=restaurant,+410402,+Pune,+Maharashtra,+IN&authuser=0&hl=en&gl=IN",0,0,0,0,11,"{""Monday"": ""7am-9:30pm"", ""Tuesday"": ""7am-9:30pm"", ""Wednesday"": ""7am-9:30pm"", ""Thursday"": ""7am-9:30pm"", ""Friday"": ""7am-9:30pm"", ""Saturday"": ""7am-9:30pm"", ""Sunday"": ""7am-9:30pm""}",,OPERATIONAL,"{""Service options"": {""Takeaway"": true, ""Dine-in"": true}, ""Offerings"": {""Dishes"": true}, ""Atmosphere"": {""Casual"": true}, ""Crowd"": {""Groups"": true}, ""Children"": {""Good for kids"": true}, ""Parking"": {""Free street parking"": true}}",,0,,,,,"https://www.google.com/maps/place/Raju+Corner/@18.7628854,73.3915239,14z/data=!4m8!1m2!2m1!1sRaju+Corner!3m4!1s0x3be8012058b89331:0xfb64087bbc25c191!8m2!3d18.7628854!4d73.3915239","https://www.google.com/maps/place/Raju+Corner/@18.7628854,73.3915239,13.99z/data=!4m16!1m7!3m6!1s0x3be8012058b89331:0xfb64087bbc25c191!2sRaju+Corner!8m2!3d18.7628854!4d73.3915239!16s%2Fg%2F11ckvg1dmb!3m7!1s0x3be8012058b89331:0xfb64087bbc25c191!8m2!3d18.7628854!4d73.3915239!9m1!1b1!16s%2Fg%2F11ckvg1dmb?entry=ttu",ChIJMZO4WCAB6DsRkcElvHsIZPs,0x3be8012058b89331:0xfb64087bbc25c191,1.81146129287216E+019,/g/11fy_4b7s5,-332131144987983471
"restaurant, 410402, Pune, Maharashtra, IN",The cantonese Chinese khandala,Chinese restaurant,restaurants,Chinese restaurant,+91 91450 62776,"lake, near khandala, Bazarpeth, Khandala, Lonavala, Kune N.m., Maharashtra 410301","Bazarpeth, Khandala","Lonavala, Kune N.m.",410301,18.7573876,73.3731721,4.8,36,"https://search.google.com/local/reviews?placeid=ChIJDRmCP4oB6DsRjRZ0dI254CU&q=restaurant,+410402,+Pune,+Maharashtra,+IN&authuser=0&hl=en&gl=IN",0,0,3,1,32,"{""Monday"": ""11am-12am"", ""Tuesday"": ""11am-12am"", ""Wednesday"": ""11am-12am"", ""Thursday"": ""11am-12am"", ""Friday"": ""11am-12am"", ""Saturday"": ""11am-12am"", ""Sunday"": ""11am-12am""}",,OPERATIONAL,"{""Service options"": {""Kerbside pickup"": true, ""No-contact delivery"": true, ""Delivery"": true, ""Drive-through"": true, ""Takeaway"": true, ""Dine-in"": true}, ""Offerings"": {""Small plates"": true, ""Cuisine"": true}, ""Dining options"": {""Lunch"": true, ""Dinner"": true}, ""Atmosphere"": {""Casual"": true}, ""Crowd"": {""Groups"": true}, ""Payments"": {""Credit cards"": true, ""Mobile Wallets"": true}, ""Children"": {""Good for kids"": true}, ""Parking"": {""Free street parking"": true}}",,1,112883622349319003120,,,,"https://www.google.com/maps/place/The+cantonese+Chinese+khandala/@18.757387599999998,73.37317209999999,14z/data=!4m8!1m2!2m1!1sThe+cantonese+Chinese+khandala!3m4!1s0x3be8018a3f82190d:0x25e0b98d7474168d!8m2!3d18.757387599999998!4d73.37317209999999","https://www.google.com/maps/place/The+cantonese+Chinese+khandala/@18.757387599999998,73.37317209999999,13.99z/data=!4m16!1m7!3m6!1s0x3be8018a3f82190d:0x25e0b98d7474168d!2sThe+cantonese+Chinese+khandala!8m2!3d18.757387599999998!4d73.37317209999999!16s%2Fg%2F11ckvg1dmb!3m7!1s0x3be8018a3f82190d:0x25e0b98d7474168d!8m2!3d18.757387599999998!4d73.37317209999999!9m1!1b1!16s%2Fg%2F11ckvg1dmb?entry=ttu",ChIJDRmCP4oB6DsRjRZ0dI254CU,0x3be8018a3f82190d:0x25e0b98d7474168d,2.72938539138181E+018,/g/11sjgbzk3b,2729385391381812877
"restaurant, 410402, Pune, Maharashtra, IN",Hotel Asswad (Uncle’s Special Misal),Fast food restaurant,restaurants,Fast food restaurant,+91 72766 67511,"Shop No. 2, Khandala Bajar, Shankarrao gaikwad shankul, Sr.No 95, Old Mumbai - Pune Hwy, Khandala, Lonavala, Maharashtra 410301",Khandala,"Lonavala, Kune N.m.",410301,18.7579744,73.3745676,4.6,37,"https://search.google.com/local/reviews?placeid=ChIJTcHz7JQB6DsRv0Ct-gY9tRU&q=restaurant,+410402,+Pune,+Maharashtra,+IN&authuser=0&hl=en&gl=IN",0,1,2,8,26,"{""Monday"": ""7:30am-7:30pm"", ""Tuesday"": ""7:30am-7:30pm"", ""Wednesday"": ""7:30am-7:30pm"", ""Thursday"": ""7:30am-7:30pm"", ""Friday"": ""7:30am-7:30pm"", ""Saturday"": ""7:30am-7:30pm"", ""Sunday"": ""7:30am-7:30pm""}",,OPERATIONAL,"{""Service options"": {""Drive-through"": true, ""Takeaway"": true, ""Dine-in"": true}, ""Offerings"": {""Vegetarian options only"": true, ""Dishes"": true}, ""Dining options"": {""Breakfast"": true}, ""Atmosphere"": {""Casual"": true}, ""Crowd"": {""Groups"": true}, ""Payments"": {""Mobile Wallets"": true}, ""Children"": {""Good for kids"": true}, ""Parking"": {""Free street parking"": true}}",,1,103307394224926937341,,,,"https://www.google.com/maps/place/Hotel+Asswad+%28Uncle%E2%80%99s+Special+Misal%29/@18.7579744,73.37456759999999,14z/data=!4m8!1m2!2m1!1sHotel+Asswad+%28Uncle%E2%80%99s+Special+Misal%29!3m4!1s0x3be80194ecf3c14d:0x15b53d06faad40bf!8m2!3d18.7579744!4d73.37456759999999","https://www.google.com/maps/place/Hotel+Asswad+%28Uncle%E2%80%99s+Special+Misal%29/@18.7579744,73.37456759999999,13.99z/data=!4m16!1m7!3m6!1s0x3be80194ecf3c14d:0x15b53d06faad40bf!2sHotel+Asswad+%28Uncle%E2%80%99s+Special+Misal%29!8m2!3d18.7579744!4d73.37456759999999!16s%2Fg%2F11ckvg1dmb!3m7!1s0x3be80194ecf3c14d:0x15b53d06faad40bf!8m2!3d18.7579744!4d73.37456759999999!9m1!1b1!16s%2Fg%2F11ckvg1dmb?entry=ttu",ChIJTcHz7JQB6DsRv0Ct-gY9tRU,0x3be80194ecf3c14d:0x15b53d06faad40bf,1.56422354576587E+018,/g/11lrgf4_cr,1564223545765871807
"restaurant, 410402, Pune, Maharashtra, IN",Mishkas Kitchen,Indian restaurant,restaurants,Indian restaurant,,"Q95P+WG6, Old Mumbai - Pune Hwy, Khandala, Kune N.m., Maharashtra 410301",Khandala,Kune N.m.,410301,18.7597892,73.3862798,5,1,"https://search.google.com/local/reviews?placeid=ChIJLQ64O1kB6DsRFYzeTKShdS4&q=restaurant,+410402,+Pune,+Maharashtra,+IN&authuser=0&hl=en&gl=IN",0,0,0,0,1,"{""Monday"": ""10:30am-11pm"", ""Tuesday"": ""10:30am-11pm"", ""Wednesday"": ""10:30am-11pm"", ""Thursday"": ""10:30am-11pm"", ""Friday"": ""10:30am-11pm"", ""Saturday"": ""10:30am-11pm"", ""Sunday"": ""10:30am-11pm""}",,OPERATIONAL,"{""Service options"": {""Takeaway"": true, ""Dine-in"": true}, ""Offerings"": {""Small plates"": true}, ""Dining options"": {""Dinner"": true}, ""Atmosphere"": {""Casual"": true}, ""Crowd"": {""Groups"": true}, ""Children"": {""Good for kids"": true}, ""Parking"": {""Free street parking"": true}}",,0,,,,,"https://www.google.com/maps/place/Mishkas+Kitchen/@18.7597892,73.3862798,14z/data=!4m8!1m2!2m1!1sMishkas+Kitchen!3m4!1s0x3be801593bb80e2d:0x2e75a1a44cde8c15!8m2!3d18.7597892!4d73.3862798","https://www.google.com/maps/place/Mishkas+Kitchen/@18.7597892,73.3862798,13.99z/data=!4m16!1m7!3m6!1s0x3be801593bb80e2d:0x2e75a1a44cde8c15!2sMishkas+Kitchen!8m2!3d18.7597892!4d73.3862798!16s%2Fg%2F11ckvg1dmb!3m7!1s0x3be801593bb80e2d:0x2e75a1a44cde8c15!8m2!3d18.7597892!4d73.3862798!9m1!1b1!16s%2Fg%2F11ckvg1dmb?entry=ttu",ChIJLQ64O1kB6DsRFYzeTKShdS4,0x3be801593bb80e2d:0x2e75a1a44cde8c15,3.34775962505619E+018,/g/11svj3y_nq,3347759625056193557
"restaurant, 410402, Pune, Maharashtra, IN",Advait Food Corner,Chinese restaurant,restaurants,Chinese restaurant,,"P9WR+QR Neeraj T Sharma, Thombrewadi, Lonavala, Kune N.m., Maharashtra 410401",Thombrewadi,"Lonavala, Kune N.m.",410401,18.7468739,73.3914716,5,1,"https://search.google.com/local/reviews?placeid=ChIJtbh8Y24B6DsR1jfPKKiSSR4&q=restaurant,+410402,+Pune,+Maharashtra,+IN&authuser=0&hl=en&gl=IN",0,0,0,0,1,"{""Monday"": ""12-11pm"", ""Tuesday"": ""12-11pm"", ""Wednesday"": ""12-11pm"", ""Thursday"": ""12-11pm"", ""Friday"": ""12-11pm"", ""Saturday"": ""12-11pm"", ""Sunday"": ""12-11pm""}",,OPERATIONAL,"{""Service options"": {""Takeaway"": true, ""Dine-in"": true}, ""Offerings"": {""Small plates"": true, ""Cuisine"": true}, ""Atmosphere"": {""Casual"": true}, ""Crowd"": {""Groups"": true}, ""Children"": {""Good for kids"": true}, ""Parking"": {""Free street parking"": true}}",,0,,,,,"https://www.google.com/maps/place/Advait+Food+Corner/@18.7468739,73.3914716,14z/data=!4m8!1m2!2m1!1sAdvait+Food+Corner!3m4!1s0x3be8016e637cb8b5:0x1e4992a828cf37d6!8m2!3d18.7468739!4d73.3914716","https://www.google.com/maps/place/Advait+Food+Corner/@18.7468739,73.3914716,13.99z/data=!4m16!1m7!3m6!1s0x3be8016e637cb8b5:0x1e4992a828cf37d6!2sAdvait+Food+Corner!8m2!3d18.7468739!4d73.3914716!16s%2Fg%2F11ckvg1dmb!3m7!1s0x3be8016e637cb8b5:0x1e4992a828cf37d6!8m2!3d18.7468739!4d73.3914716!9m1!1b1!16s%2Fg%2F11ckvg1dmb?entry=ttu",ChIJtbh8Y24B6DsR1jfPKKiSSR4,0x3be8016e637cb8b5:0x1e4992a828cf37d6,2.18243674537455E+018,/g/11v07klh9c,2182436745374545878
"restaurant, 410402, Pune, Maharashtra, IN",Tailgaters Café& Multicuisine Restaurant,"Restaurant, Cafe",cafés,Restaurant,+91 98202 94988,"Q95P+XQ8, Arsiwalla Villa, Lonavala, Kune N.m., Maharashtra 410301",Arsiwalla Villa,"Lonavala, Kune N.m.",410301,18.7600695,73.3872539,3.9,47,"https://search.google.com/local/reviews?placeid=ChIJoboCKzoB6DsR4wyMzriBiPs&q=restaurant,+410402,+Pune,+Maharashtra,+IN&authuser=0&hl=en&gl=IN",9,3,1,6,28,"{""Monday"": ""10am-11:59pm"", ""Tuesday"": ""10am-11:59pm"", ""Wednesday"": ""10am-11:59pm"", ""Thursday"": ""10am-11:59pm"", ""Friday"": ""10am-11:59pm"", ""Saturday"": ""Open 24 hours"", ""Sunday"": ""Open 24 hours""}",,OPERATIONAL,"{""Service options"": {""Outdoor seating"": true, ""Delivery"": true, ""Takeaway"": true, ""Dine-in"": true}, ""Offerings"": {""Coffee"": true, ""Small plates"": true, ""Vegetarian options only"": true}, ""Dining options"": {""Breakfast"": true, ""Lunch"": true, ""Dinner"": true, ""Dessert"": true, ""Seating"": true}, ""Amenities"": {""Toilets"": true}, ""Atmosphere"": {""Casual"": true}, ""Crowd"": {""Groups"": true}, ""Payments"": {""Credit cards"": true, ""Mobile Wallets"": true}, ""Children"": {""Good for kids"": true}, ""Parking"": {""Free parking lot"": true, ""Free street parking"": true, ""Parking"": true}}",,0,,,https://www.swiggy.com/city/pune/tailgaters-cafe-&-multicuisine-restaurant-rpts-h.p.-petrol-pump-lonavala-rest789493?utm_source=GooglePlaceOrder&utm_campaign=GoogleMap&is_retargeting=true&media_source=GooglePlaceOrder,https://www.swiggy.com/city/pune/tailgaters-cafe-&-multicuisine-restaurant-rpts-h.p.-petrol-pump-lonavala-rest789493?utm_source=GooglePlaceOrder&utm_campaign=GoogleMap&is_retargeting=true&media_source=GooglePlaceOrder,"https://www.google.com/maps/place/Tailgaters+Caf%C3%A9%26+Multicuisine+Restaurant/@18.7600695,73.38725389999999,14z/data=!4m8!1m2!2m1!1sTailgaters+Caf%C3%A9%26+Multicuisine+Restaurant!3m4!1s0x3be8013a2b02baa1:0xfb8881b8ce8c0ce3!8m2!3d18.7600695!4d73.38725389999999","https://www.google.com/maps/place/Tailgaters+Caf%C3%A9%26+Multicuisine+Restaurant/@18.7600695,73.38725389999999,13.99z/data=!4m16!1m7!3m6!1s0x3be8013a2b02baa1:0xfb8881b8ce8c0ce3!2sTailgaters+Caf%C3%A9%26+Multicuisine+Restaurant!8m2!3d18.7600695!4d73.38725389999999!16s%2Fg%2F11ckvg1dmb!3m7!1s0x3be8013a2b02baa1:0xfb8881b8ce8c0ce3!8m2!3d18.7600695!4d73.38725389999999!9m1!1b1!16s%2Fg%2F11ckvg1dmb?entry=ttu",ChIJoboCKzoB6DsR4wyMzriBiPs,0x3be8013a2b02baa1:0xfb8881b8ce8c0ce3,1.81248793310918E+019,/g/11kk5vy7jn,-321864742617740061
"restaurant, 410402, Pune, Maharashtra, IN",Amruta Pure Veg Restaurant,Vegetarian restaurant,restaurants,Vegetarian restaurant,,"Khandala, Lonavala, Kune N.m., Maharashtra 410301",Khandala,"Lonavala, Kune N.m.",410301,18.7597308,73.3857154,4.2,80,"https://search.google.com/local/reviews?placeid=ChIJ9RrDH8QB6DsR40FU8Da9xoE&q=restaurant,+410402,+Pune,+Maharashtra,+IN&authuser=0&hl=en&gl=IN",3,3,12,17,45,"{""Monday"": ""9am-8pm"", ""Tuesday"": ""9am-8pm"", ""Wednesday"": ""9am-8pm"", ""Thursday"": ""9am-8pm"", ""Friday"": ""9am-8pm"", ""Saturday"": ""9am-8pm"", ""Sunday"": ""9am-8pm""}",,OPERATIONAL,"{""Service options"": {""Takeaway"": true, ""Dine-in"": true}, ""Offerings"": {""All you can eat"": true, ""Coffee"": true, ""Small plates"": true, ""Vegan options"": true, ""Vegetarian options"": true, ""Vegetarian options only"": true}, ""Dining options"": {""Breakfast"": true, ""Lunch"": true, ""Dinner"": true}, ""Atmosphere"": {""Casual"": true}, ""Crowd"": {""Groups"": true}, ""Payments"": {""Mobile Wallets"": true}, ""Children"": {""Good for kids"": true}, ""Parking"": {""Free street parking"": true}}",,1,102303462458329810660,,,,"https://www.google.com/maps/place/Amruta+Pure+Veg+Restaurant/@18.7597308,73.3857154,14z/data=!4m8!1m2!2m1!1sAmruta+Pure+Veg+Restaurant!3m4!1s0x3be801c41fc31af5:0x81c6bd36f05441e3!8m2!3d18.7597308!4d73.3857154","https://www.google.com/maps/place/Amruta+Pure+Veg+Restaurant/@18.7597308,73.3857154,13.99z/data=!4m16!1m7!3m6!1s0x3be801c41fc31af5:0x81c6bd36f05441e3!2sAmruta+Pure+Veg+Restaurant!8m2!3d18.7597308!4d73.3857154!16s%2Fg%2F11ckvg1dmb!3m7!1s0x3be801c41fc31af5:0x81c6bd36f05441e3!8m2!3d18.7597308!4d73.3857154!9m1!1b1!16s%2Fg%2F11ckvg1dmb?entry=ttu",ChIJ9RrDH8QB6DsR40FU8Da9xoE,0x3be801c41fc31af5:0x81c6bd36f05441e3,9.35136971993935E+018,/g/11fmw9vp96,-9095374353770200605
"restaurant, 410402, Pune, Maharashtra, IN",Royal Shetkari Misal,Food court,Food court,Food court,,"Khau Galli, Jangali Maharaj Rd, Gaothan, Shivajinagar, Pune, Maharashtra 411005","Gaothan, Shivajinagar",Pune,411005,18.5261377,73.8508482,5,37,"https://search.google.com/local/reviews?placeid=ChIJY6uPFafBwjsR0s_qavnzVpc&q=restaurant,+410402,+Pune,+Maharashtra,+IN&authuser=0&hl=en&gl=IN",0,0,0,0,37,"{""Monday"": ""8:30am-10:30pm"", ""Tuesday"": ""8:30am-10:30pm"", ""Wednesday"": ""8:30am-10:30pm"", ""Thursday"": ""8:30am-10:30pm"", ""Friday"": ""8:30am-10:30pm"", ""Saturday"": ""8:30am-10:30pm"", ""Sunday"": ""8:30am-10:30pm""}",,OPERATIONAL,"{""Service options"": {""Takeaway"": true, ""Dine-in"": true}}",,1,113517098175238626630,,,,"https://www.google.com/maps/place/Royal+Shetkari+Misal/@18.5261377,73.8508482,14z/data=!4m8!1m2!2m1!1sRoyal+Shetkari+Misal!3m4!1s0x3bc2c1a7158fab63:0x9756f3f96aeacfd2!8m2!3d18.5261377!4d73.8508482","https://www.google.com/maps/place/Royal+Shetkari+Misal/@18.5261377,73.8508482,13.99z/data=!4m16!1m7!3m6!1s0x3bc2c1a7158fab63:0x9756f3f96aeacfd2!2sRoyal+Shetkari+Misal!8m2!3d18.5261377!4d73.8508482!16s%2Fg%2F11ckvg1dmb!3m7!1s0x3bc2c1a7158fab63:0x9756f3f96aeacfd2!8m2!3d18.5261377!4d73.8508482!9m1!1b1!16s%2Fg%2F11ckvg1dmb?entry=ttu",ChIJY6uPFafBwjsR0s_qavnzVpc,0x3bc2c1a7158fab63:0x9756f3f96aeacfd2,1.09051718002904E+019,/g/11y3w0vz_1,-7541572273419137070
"restaurant, 410402, Pune, Maharashtra, IN",Sri Swami Samarth Snacks centre,Restaurant,restaurants,Restaurant,,"opp. to basilica hotel, Thombrewadi, Lonavala, Kune N.m., Maharashtra 410401",Thombrewadi,"Lonavala, Kune N.m.",410401,18.7492021,73.3922466,4,2,"https://search.google.com/local/reviews?placeid=ChIJxUpIZkcB6DsRtpq1piXM0_U&q=restaurant,+410402,+Pune,+Maharashtra,+IN&authuser=0&hl=en&gl=IN",0,0,1,0,1,"{""Monday"": ""Open 24 hours"", ""Tuesday"": ""Open 24 hours"", ""Wednesday"": ""Open 24 hours"", ""Thursday"": ""Open 24 hours"", ""Friday"": ""Open 24 hours"", ""Saturday"": ""Open 24 hours"", ""Sunday"": ""Open 24 hours""}",,OPERATIONAL,"{""Service options"": {""Delivery"": true, ""Takeaway"": true, ""Dine-in"": true}, ""Offerings"": {""Small plates"": true}, ""Atmosphere"": {""Casual"": true}, ""Crowd"": {""Groups"": true}, ""Children"": {""Good for kids"": true}, ""Parking"": {""Free street parking"": true}}",,1,102468122138057552878,,,,"https://www.google.com/maps/place/Sri+Swami+Samarth+Snacks+centre/@18.749202099999998,73.3922466,14z/data=!4m8!1m2!2m1!1sSri+Swami+Samarth+Snacks+centre!3m4!1s0x3be8014766484ac5:0xf5d3cc25a6b59ab6!8m2!3d18.749202099999998!4d73.3922466","https://www.google.com/maps/place/Sri+Swami+Samarth+Snacks+centre/@18.749202099999998,73.3922466,13.99z/data=!4m16!1m7!3m6!1s0x3be8014766484ac5:0xf5d3cc25a6b59ab6!2sSri+Swami+Samarth+Snacks+centre!8m2!3d18.749202099999998!4d73.3922466!16s%2Fg%2F11ckvg1dmb!3m7!1s0x3be8014766484ac5:0xf5d3cc25a6b59ab6!8m2!3d18.749202099999998!4d73.3922466!9m1!1b1!16s%2Fg%2F11ckvg1dmb?entry=ttu",ChIJxUpIZkcB6DsRtpq1piXM0_U,0x3be8014766484ac5:0xf5d3cc25a6b59ab6,1.77137262214611E+019,/g/11s5l_71k4,-733017852248483146
"restaurant, 410402, Pune, Maharashtra, IN",Roll Zone Biryani's | Best Restaurants & Catering Services In Lonavala | Food Home Delivery,"Fast food restaurant, Catering equipment rental service, Catering food and drink supplier, Meal delivery, Restaurant, Restaurant supply store, Seafood farm",restaurants,Fast food restaurant,+91 788 788 0991,"Shop no. 04, Tungarli square, New Tungarli Rd, indiranagar, Maharashtra 410401",indiranagar,Lonavala,410401,18.7600211,73.4042492,4.9,31,"https://search.google.com/local/reviews?placeid=ChIJAby7SNEB6DsRTsIeLCFvn_0&q=restaurant,+410402,+Pune,+Maharashtra,+IN&authuser=0&hl=en&gl=IN",0,0,0,2,29,"{""Monday"": ""11am-11pm"", ""Tuesday"": ""11am-11pm"", ""Wednesday"": ""11am-11pm"", ""Thursday"": ""11am-11pm"", ""Friday"": ""11am-11pm"", ""Saturday"": ""11am-11pm"", ""Sunday"": ""11am-11pm""}",,OPERATIONAL,"{""Service options"": {""Kerbside pickup"": true, ""No-contact delivery"": true, ""Delivery"": true, ""Drive-through"": true, ""Takeaway"": true, ""Dine-in"": true}, ""Offerings"": {""Dishes"": true}, ""Dining options"": {""Lunch"": true, ""Dinner"": true}, ""Atmosphere"": {""Casual"": true}, ""Crowd"": {""Groups"": true}, ""Payments"": {""Mobile Wallets"": true}, ""Children"": {""Good for kids"": true}, ""Parking"": {""Free street parking"": true}}",,1,108799082769785597782,https://link.zomato.com/xqzv/rshare?id=60362278418b9849,https://link.zomato.com/xqzv/rshare?id=60362278418b9849,https://link.zomato.com/xqzv/rshare?id=60362278418b9849,"https://www.google.com/maps/place/Roll+Zone+Biryani%27s+%7C+Best+Restaurants+%26+Catering+Services+In+Lonavala+%7C+Food+Home+Delivery/@18.7600211,73.4042492,14z/data=!4m8!1m2!2m1!1sRoll+Zone+Biryani%27s+%7C+Best+Restaurants+%26+Catering+Services+In+Lonavala+%7C+Food+Home+Delivery!3m4!1s0x3be801d148bbbc01:0xfd9f6f212c1ec24e!8m2!3d18.7600211!4d73.4042492","https://www.google.com/maps/place/Roll+Zone+Biryani%27s+%7C+Best+Restaurants+%26+Catering+Services+In+Lonavala+%7C+Food+Home+Delivery/@18.7600211,73.4042492,13.99z/data=!4m16!1m7!3m6!1s0x3be801d148bbbc01:0xfd9f6f212c1ec24e!2sRoll+Zone+Biryani%27s+%7C+Best+Restaurants+%26+Catering+Services+In+Lonavala+%7C+Food+Home+Delivery!8m2!3d18.7600211!4d73.4042492!16s%2Fg%2F11ckvg1dmb!3m7!1s0x3be801d148bbbc01:0xfd9f6f212c1ec24e!8m2!3d18.7600211!4d73.4042492!9m1!1b1!16s%2Fg%2F11ckvg1dmb?entry=ttu",ChIJAby7SNEB6DsRTsIeLCFvn_0,0x3be801d148bbbc01:0xfd9f6f212c1ec24e,1.82754480011576E+019,/g/11kjlj5p11,-171296072551972274
"restaurant, 410402, Pune, Maharashtra, IN",Bombay Gourmet Multi Cuisine Restaurant - Lonavala,Restaurant,restaurants,Restaurant,,"Meritas Crystal Resort, 36, Frichly Hill, Old Mumbai - Pune Hwy, Lonavala, Maharashtra 410401",Arsiwalla Villa,"Lonavala, Kune N.m.",410401,18.7587537,73.3938915,3.5,11,"https://search.google.com/local/reviews?placeid=ChIJQzzFIq4B6DsRS3iH4t2Bu9U&q=restaurant,+410402,+Pune,+Maharashtra,+IN&authuser=0&hl=en&gl=IN",4,0,0,1,6,"{""Monday"": ""8am-11pm"", ""Tuesday"": ""8am-11pm"", ""Wednesday"": ""8am-11pm"", ""Thursday"": ""8am-11pm"", ""Friday"": ""8am-11pm"", ""Saturday"": ""8am-11pm"", ""Sunday"": ""8am-11pm""}",,OPERATIONAL,"{""Service options"": {""Kerbside pickup"": true, ""No-contact delivery"": true, ""Delivery"": true, ""Drive-through"": true, ""Takeaway"": true, ""Dine-in"": true}, ""Offerings"": {""Alcohol"": true, ""Beer"": true, ""Cocktails"": true, ""Coffee"": true, ""Small plates"": true, ""Vegetarian options"": true, ""Wine"": true}, ""Dining options"": {""Breakfast"": true, ""Lunch"": true, ""Dinner"": true, ""Dessert"": true, ""Seating"": true}, ""Amenities"": {""Toilets"": true}, ""Atmosphere"": {""Casual"": true, ""Cozy"": true}, ""Crowd"": {""Groups"": true}, ""Planning"": {""Accepts reservations"": true}, ""Payments"": {""Credit cards"": true, ""Debit cards"": true, ""Google Pay"": true, ""Mobile Wallets"": true}, ""Children"": {""Good for kids"": true, ""Kids' menu"": true}, ""Parking"": {""Free parking lot"": true, ""Free street parking"": true}}",,1,111088504381325521423,,,,"https://www.google.com/maps/place/Bombay+Gourmet+Multi+Cuisine+Restaurant+-+Lonavala/@18.7587537,73.3938915,14z/data=!4m8!1m2!2m1!1sBombay+Gourmet+Multi+Cuisine+Restaurant+-+Lonavala!3m4!1s0x3be801ae22c53c43:0xd5bb81dde287784b!8m2!3d18.7587537!4d73.3938915","https://www.google.com/maps/place/Bombay+Gourmet+Multi+Cuisine+Restaurant+-+Lonavala/@18.7587537,73.3938915,13.99z/data=!4m16!1m7!3m6!1s0x3be801ae22c53c43:0xd5bb81dde287784b!2sBombay+Gourmet+Multi+Cuisine+Restaurant+-+Lonavala!8m2!3d18.7587537!4d73.3938915!16s%2Fg%2F11ckvg1dmb!3m7!1s0x3be801ae22c53c43:0xd5bb81dde287784b!8m2!3d18.7587537!4d73.3938915!9m1!1b1!16s%2Fg%2F11ckvg1dmb?entry=ttu",ChIJQzzFIq4B6DsRS3iH4t2Bu9U,0x3be801ae22c53c43:0xd5bb81dde287784b,1.54010461407118E+019,/g/11rq9j0d3x,-3045697932997724085
"restaurant, 410402, Pune, Maharashtra, IN",Coffee shop,Restaurant,restaurants,Restaurant,,"M9PQ+95M, Kurvande, Maharashtra 412108",,Kurvande,412108,18.6859655,73.387919,3.3,3,"https://search.google.com/local/reviews?placeid=ChIJ_wFpAhED6DsRmjLSiTaRqvg&q=restaurant,+410402,+Pune,+Maharashtra,+IN&authuser=0&hl=en&gl=IN",1,0,0,1,1,"{""Monday"": ""Open 24 hours"", ""Tuesday"": ""Open 24 hours"", ""Wednesday"": ""Open 24 hours"", ""Thursday"": ""Open 24 hours"", ""Friday"": ""Open 24 hours"", ""Saturday"": ""Open 24 hours"", ""Sunday"": ""Open 24 hours""}",,OPERATIONAL,"{""Service options"": {""Takeaway"": true, ""Dine-in"": true}, ""Offerings"": {""Coffee"": true, ""Small plates"": true}, ""Dining options"": {""Breakfast"": true}, ""Atmosphere"": {""Casual"": true}, ""Payments"": {""Mobile Wallets"": true}, ""Children"": {""Good for kids"": true}}",,0,,,,,"https://www.google.com/maps/place/Coffee+shop/@18.6859655,73.387919,14z/data=!4m8!1m2!2m1!1sCoffee+shop!3m4!1s0x3be80311026901ff:0xf8aa913689d2329a!8m2!3d18.6859655!4d73.387919","https://www.google.com/maps/place/Coffee+shop/@18.6859655,73.387919,13.99z/data=!4m16!1m7!3m6!1s0x3be80311026901ff:0xf8aa913689d2329a!2sCoffee+shop!8m2!3d18.6859655!4d73.387919!16s%2Fg%2F11ckvg1dmb!3m7!1s0x3be80311026901ff:0xf8aa913689d2329a!8m2!3d18.6859655!4d73.387919!9m1!1b1!16s%2Fg%2F11ckvg1dmb?entry=ttu",ChIJ_wFpAhED6DsRmjLSiTaRqvg,0x3be80311026901ff:0xf8aa913689d2329a,1.79182937308735E+019,/g/11rm6gdsj_,-528450342836096358
"restaurant, 410402, Pune, Maharashtra, IN",HOTEL SWADISHTAM,Restaurant,restaurants,Restaurant,+91 94053 41077,"Shop No 1 Khandala Road Opp Central bank Jaigad, road, Ratnagiri, Maharashtra 415613","St.Stanislaus Villa, Khandala","Ratnagiri, Kune N.m.",415613,18.7568547,73.3867301,4,1,"https://search.google.com/local/reviews?placeid=ChIJ_WLllvAB6DsRb7Ul1y9o3_o&q=restaurant,+410402,+Pune,+Maharashtra,+IN&authuser=0&hl=en&gl=IN",0,0,0,1,0,"{""Monday"": ""8am-8pm"", ""Tuesday"": ""8am-8pm"", ""Wednesday"": ""8am-8pm"", ""Thursday"": ""8am-8pm"", ""Friday"": ""8am-8pm"", ""Saturday"": ""8am-8pm"", ""Sunday"": ""8am-8pm""}",,OPERATIONAL,"{""Service options"": {""Takeaway"": true, ""Dine-in"": true}, ""Offerings"": {""Vegetarian options only"": true}, ""Dining options"": {""Breakfast"": true, ""Lunch"": true}, ""Children"": {""Good for kids"": true}, ""Parking"": {""Free street parking"": true}}",,1,113482978919414963744,,,,"https://www.google.com/maps/place/HOTEL+SWADISHTAM/@18.756854699999998,73.3867301,14z/data=!4m8!1m2!2m1!1sHOTEL+SWADISHTAM!3m4!1s0x3be801f096e562fd:0xfadf682fd725b56f!8m2!3d18.756854699999998!4d73.3867301","https://www.google.com/maps/place/HOTEL+SWADISHTAM/@18.756854699999998,73.3867301,13.99z/data=!4m16!1m7!3m6!1s0x3be801f096e562fd:0xfadf682fd725b56f!2sHOTEL+SWADISHTAM!8m2!3d18.756854699999998!4d73.3867301!16s%2Fg%2F11ckvg1dmb!3m7!1s0x3be801f096e562fd:0xfadf682fd725b56f!8m2!3d18.756854699999998!4d73.3867301!9m1!1b1!16s%2Fg%2F11ckvg1dmb?entry=ttu",ChIJ_WLllvAB6DsRb7Ul1y9o3_o,0x3be801f096e562fd:0xfadf682fd725b56f,1.80772819839708E+019,/g/11s0xxwk3h,-369462089738766993
"restaurant, 410402, Pune, Maharashtra, IN",Junifer,"Restaurant, Biryani restaurant, Brunch restaurant, Family restaurant, Indian restaurant, Lunch restaurant, Non Vegetarian Restaurant, North Eastern Indian restaurant, North Indian restaurant, South Indian restaurant",restaurants,Restaurant,+91 77670 72982,"Near Manshakti Kendra,Opp. Valvan Dam,, Opp. Valvan Dam, Old Mumbai-Pune Road, Shirdi - Sai Wada, Maharashtra 410401",Khatri Park Housing Society,"Shirdi - Sai Wada, Lonavala",410401,18.7572233,73.4300468,4.5,2,"https://search.google.com/local/reviews?placeid=ChIJF306ArAB6DsRL_YIsroIs8E&q=restaurant,+410402,+Pune,+Maharashtra,+IN&authuser=0&hl=en&gl=IN",0,0,0,1,1,"{""Monday"": ""7:30am-10:30pm"", ""Tuesday"": ""7:30am-10:30pm"", ""Wednesday"": ""7:30am-10:30pm"", ""Thursday"": ""7:30am-10:30pm"", ""Friday"": ""7:30am-10:30pm"", ""Saturday"": ""7:30am-10:30pm"", ""Sunday"": ""7:30am-10:30pm""}",,OPERATIONAL,"{""Service options"": {""On-site services"": true, ""Takeaway"": true, ""Dine-in"": true}, ""Offerings"": {""Alcohol"": true, ""Coffee"": true, ""Small plates"": true, ""Wine"": true, ""Cuisine"": true, ""Dishes"": true}, ""Dining options"": {""Breakfast"": true, ""Lunch"": true, ""Dinner"": true, ""Catering"": true, ""Seating"": true}, ""Atmosphere"": {""Casual"": true}, ""Crowd"": {""Groups"": true}, ""Planning"": {""Accepts reservations"": true}, ""Payments"": {""Debit cards"": true}, ""Children"": {""Good for kids"": true}, ""Parking"": {""Free street parking"": true}}",,1,110391695112473274409,,,,"https://www.google.com/maps/place/Junifer/@18.7572233,73.4300468,14z/data=!4m8!1m2!2m1!1sJunifer!3m4!1s0x3be801b0023a7d17:0xc1b308bab208f62f!8m2!3d18.7572233!4d73.4300468","https://www.google.com/maps/place/Junifer/@18.7572233,73.4300468,13.99z/data=!4m16!1m7!3m6!1s0x3be801b0023a7d17:0xc1b308bab208f62f!2sJunifer!8m2!3d18.7572233!4d73.4300468!16s%2Fg%2F11ckvg1dmb!3m7!1s0x3be801b0023a7d17:0xc1b308bab208f62f!8m2!3d18.7572233!4d73.4300468!9m1!1b1!16s%2Fg%2F11ckvg1dmb?entry=ttu",ChIJF306ArAB6DsRL_YIsroIs8E,0x3be801b0023a7d17:0xc1b308bab208f62f,1.39575092680952E+019,/g/11gdqtkrhb,-4489234805614381521
"restaurant, 410402, Pune, Maharashtra, IN",HOTEL MALHAR FAMILY RESTAURANT,Family restaurant,restaurants,Family restaurant,,"Q93V+J4X, Old Khandala Rd, St.Stanislaus Villa, Khandala, Lonavala, Kune N.m., Maharashtra 410401","St.Stanislaus Villa, Khandala","Lonavala, Kune N.m.",410401,18.7541361,73.3929329,4.4,18,"https://search.google.com/local/reviews?placeid=ChIJeYflOtgB6DsR9i_e0tTsOdc&q=restaurant,+410402,+Pune,+Maharashtra,+IN&authuser=0&hl=en&gl=IN",1,0,1,5,11,,,OPERATIONAL,"{""Service options"": {""Takeaway"": true, ""Dine-in"": true}, ""Offerings"": {""Small plates"": true}, ""Dining options"": {""Lunch"": true, ""Dinner"": true}, ""Atmosphere"": {""Casual"": true}, ""Crowd"": {""Groups"": true}, ""Children"": {""Good for kids"": true}, ""Parking"": {""Free street parking"": true}}",,0,,,,,"https://www.google.com/maps/place/HOTEL+MALHAR+FAMILY+RESTAURANT/@18.7541361,73.39293289999999,14z/data=!4m8!1m2!2m1!1sHOTEL+MALHAR+FAMILY+RESTAURANT!3m4!1s0x3be801d83ae58779:0xd739ecd4d2de2ff6!8m2!3d18.7541361!4d73.39293289999999","https://www.google.com/maps/place/HOTEL+MALHAR+FAMILY+RESTAURANT/@18.7541361,73.39293289999999,13.99z/data=!4m16!1m7!3m6!1s0x3be801d83ae58779:0xd739ecd4d2de2ff6!2sHOTEL+MALHAR+FAMILY+RESTAURANT!8m2!3d18.7541361!4d73.39293289999999!16s%2Fg%2F11ckvg1dmb!3m7!1s0x3be801d83ae58779:0xd739ecd4d2de2ff6!8m2!3d18.7541361!4d73.39293289999999!9m1!1b1!16s%2Fg%2F11ckvg1dmb?entry=ttu",ChIJeYflOtgB6DsR9i_e0tTsOdc,0x3be801d83ae58779:0xd739ecd4d2de2ff6,1.5508687190642E+019,/g/11t4cbvswl,-2938056883067539466
"restaurant, 410402, Pune, Maharashtra, IN",Vharadi Misal,Restaurant,restaurants,Restaurant,,"Arsiwalla Villa, Lonavala, Kune N.m., Maharashtra 410403",Arsiwalla Villa,"Lonavala, Kune N.m.",410403,18.7594155,73.3904464,3.2,33,"https://search.google.com/local/reviews?placeid=ChIJk_EWRLMB6DsRAnI2NzAvU1I&q=restaurant,+410402,+Pune,+Maharashtra,+IN&authuser=0&hl=en&gl=IN",11,2,3,3,14,"{""Monday"": ""7:30am-11:30pm"", ""Tuesday"": ""7:30am-11:30pm"", ""Wednesday"": ""7:30am-11:30pm"", ""Thursday"": ""7:30am-11:30pm"", ""Friday"": ""7:30am-11:30pm"", ""Saturday"": ""7:30am-11:30pm"", ""Sunday"": ""7:30am-11:30pm""}",,OPERATIONAL,"{""Service options"": {""Takeaway"": true, ""Dine-in"": true}, ""Offerings"": {""Coffee"": true, ""Small plates"": true, ""Vegetarian options only"": true}, ""Dining options"": {""Breakfast"": true}, ""Atmosphere"": {""Casual"": true}, ""Crowd"": {""Groups"": true}, ""Payments"": {""Mobile Wallets"": true}, ""Children"": {""Good for kids"": true}, ""Parking"": {""Free street parking"": true}}",,1,102803922078243017338,,,,"https://www.google.com/maps/place/Vharadi+Misal/@18.7594155,73.3904464,14z/data=!4m8!1m2!2m1!1sVharadi+Misal!3m4!1s0x3be801b34416f193:0x52532f3037367202!8m2!3d18.7594155!4d73.3904464","https://www.google.com/maps/place/Vharadi+Misal/@18.7594155,73.3904464,13.99z/data=!4m16!1m7!3m6!1s0x3be801b34416f193:0x52532f3037367202!2sVharadi+Misal!8m2!3d18.7594155!4d73.3904464!16s%2Fg%2F11ckvg1dmb!3m7!1s0x3be801b34416f193:0x52532f3037367202!8m2!3d18.7594155!4d73.3904464!9m1!1b1!16s%2Fg%2F11ckvg1dmb?entry=ttu",ChIJk_EWRLMB6DsRAnI2NzAvU1I,0x3be801b34416f193:0x52532f3037367202,5.93213701830833E+018,/g/11pkbw4h5z,5932137018308325890
"restaurant, 410402, Pune, Maharashtra, IN",Maval Samrat (Sanskruti),Restaurant,restaurants,Restaurant,,"Q95R+Q6M, restraunt, Maval, Lonavala, Maharashtra 410403",Maval,"Lonavala, Kune N.m.",410403,18.7594508,73.3905367,3.9,67,"https://search.google.com/local/reviews?placeid=ChIJf6EE8wUB6DsRJ4B61x0_uAQ&q=restaurant,+410402,+Pune,+Maharashtra,+IN&authuser=0&hl=en&gl=IN",6,2,13,20,26,"{""Monday"": ""9:30am-11pm"", ""Tuesday"": ""9:30am-11pm"", ""Wednesday"": ""9:30am-11pm"", ""Thursday"": ""9:30am-11pm"", ""Friday"": ""9:30am-11pm"", ""Saturday"": ""9:30am-11pm"", ""Sunday"": ""9:30am-11pm""}",,OPERATIONAL,"{""Service options"": {""Takeaway"": true, ""Dine-in"": true}, ""Offerings"": {""Small plates"": true}, ""Atmosphere"": {""Casual"": true}, ""Crowd"": {""Groups"": true}, ""Payments"": {""Mobile Wallets"": true}, ""Children"": {""Good for kids"": true}, ""Parking"": {""Free street parking"": true}}",,0,,,,,"https://www.google.com/maps/place/Maval+Samrat+%28Sanskruti%29/@18.7594508,73.3905367,14z/data=!4m8!1m2!2m1!1sMaval+Samrat+%28Sanskruti%29!3m4!1s0x3be80105f304a17f:0x4b83f1dd77a8027!8m2!3d18.7594508!4d73.3905367","https://www.google.com/maps/place/Maval+Samrat+%28Sanskruti%29/@18.7594508,73.3905367,13.99z/data=!4m16!1m7!3m6!1s0x3be80105f304a17f:0x4b83f1dd77a8027!2sMaval+Samrat+%28Sanskruti%29!8m2!3d18.7594508!4d73.3905367!16s%2Fg%2F11ckvg1dmb!3m7!1s0x3be80105f304a17f:0x4b83f1dd77a8027!8m2!3d18.7594508!4d73.3905367!9m1!1b1!16s%2Fg%2F11ckvg1dmb?entry=ttu",ChIJf6EE8wUB6DsRJ4B61x0_uAQ,0x3be80105f304a17f:0x4b83f1dd77a8027,3.40091169268204E+017,/g/11f7p47kg1,340091169268203559
"restaurant, 410402, Pune, Maharashtra, IN",hotel malhar,Restaurant,restaurants,Restaurant,,"Nane Rd, Kamshet, Maharashtra 410405",,Kamshet,410405,18.7713102,73.5577038,4.7,42,"https://search.google.com/local/reviews?placeid=ChIJR2jVrJirwjsR0ZOY9SufJbQ&q=restaurant,+410402,+Pune,+Maharashtra,+IN&authuser=0&hl=en&gl=IN",1,0,2,6,33,"{""Monday"": ""9am-5pm"", ""Tuesday"": ""9am-5pm"", ""Wednesday"": ""9am-5pm"", ""Thursday"": ""9am-5pm"", ""Friday"": ""9am-5pm"", ""Saturday"": ""9am-5pm"", ""Sunday"": ""9am-5pm""}",,OPERATIONAL,"{""Service options"": {""Takeaway"": true, ""Dine-in"": true}, ""Offerings"": {""Coffee"": true, ""Small plates"": true}, ""Dining options"": {""Breakfast"": true, ""Lunch"": true, ""Dinner"": true, ""Catering"": true}, ""Atmosphere"": {""Casual"": true}, ""Crowd"": {""Groups"": true}, ""Payments"": {""Mobile Wallets"": true}, ""Children"": {""Good for kids"": true}, ""Parking"": {""Free street parking"": true}}",,1,113772584158362645833,,,,"https://www.google.com/maps/place/hotel+malhar/@18.7713102,73.5577038,14z/data=!4m8!1m2!2m1!1shotel+malhar!3m4!1s0x3bc2ab98acd56847:0xb4259f2bf59893d1!8m2!3d18.7713102!4d73.5577038","https://www.google.com/maps/place/hotel+malhar/@18.7713102,73.5577038,13.99z/data=!4m16!1m7!3m6!1s0x3bc2ab98acd56847:0xb4259f2bf59893d1!2shotel+malhar!8m2!3d18.7713102!4d73.5577038!16s%2Fg%2F11ckvg1dmb!3m7!1s0x3bc2ab98acd56847:0xb4259f2bf59893d1!8m2!3d18.7713102!4d73.5577038!9m1!1b1!16s%2Fg%2F11ckvg1dmb?entry=ttu",ChIJR2jVrJirwjsR0ZOY9SufJbQ,0x3bc2ab98acd56847:0xb4259f2bf59893d1,1.29809565121182E+019,/g/11jwl7ycn7,-5465787561591401519
"restaurant, 410402, Pune, Maharashtra, IN",Garden Cafe By Garden Vada Pav,Food court,Food court,Food court,+91 91450 32502,"Venus Point, F C Road, Lane, behind Roopali Hotel, near Venus Traders, Pune, Maharashtra 411004","Ganeshwadi, Shivajinagar",Pune,411004,18.5195637,73.8417917,3.5,83,"https://search.google.com/local/reviews?placeid=ChIJwxNeRXe_wjsRjmtzXR5NSkM&q=restaurant,+410402,+Pune,+Maharashtra,+IN&authuser=0&hl=en&gl=IN",17,5,8,23,30,"{""Monday"": ""10am-10pm"", ""Tuesday"": ""10am-10pm"", ""Wednesday"": ""10am-10pm"", ""Thursday"": ""10am-10pm"", ""Friday"": ""10am-10pm"", ""Saturday"": ""10am-10pm"", ""Sunday"": ""10am-10pm""}",,OPERATIONAL,"{""Service options"": {""Delivery"": true, ""Takeaway"": true}}",,1,111006458012645034061,,https://www.swiggy.com/city/pune/garden-cafe-by-garden-vadapav-shivaji-nagar-prabhat-road-rest690909?utm_source=GooglePlaceOrder&utm_campaign=GoogleMap&is_retargeting=true&media_source=GooglePlaceOrder,https://www.swiggy.com/city/pune/garden-cafe-by-garden-vadapav-shivaji-nagar-prabhat-road-rest690909?utm_source=GooglePlaceOrder&utm_campaign=GoogleMap&is_retargeting=true&media_source=GooglePlaceOrder,"https://www.google.com/maps/place/Garden+Cafe+By+Garden+Vada+Pav/@18.5195637,73.8417917,14z/data=!4m8!1m2!2m1!1sGarden+Cafe+By+Garden+Vada+Pav!3m4!1s0x3bc2bf77455e13c3:0x434a4d1e5d736b8e!8m2!3d18.5195637!4d73.8417917","https://www.google.com/maps/place/Garden+Cafe+By+Garden+Vada+Pav/@18.5195637,73.8417917,13.99z/data=!4m16!1m7!3m6!1s0x3bc2bf77455e13c3:0x434a4d1e5d736b8e!2sGarden+Cafe+By+Garden+Vada+Pav!8m2!3d18.5195637!4d73.8417917!16s%2Fg%2F11ckvg1dmb!3m7!1s0x3bc2bf77455e13c3:0x434a4d1e5d736b8e!8m2!3d18.5195637!4d73.8417917!9m1!1b1!16s%2Fg%2F11ckvg1dmb?entry=ttu",ChIJwxNeRXe_wjsRjmtzXR5NSkM,0x3bc2bf77455e13c3:0x434a4d1e5d736b8e,4.84877274162996E+018,/g/11kb574hbn,4848772741629963150
"restaurant, 410402, Pune, Maharashtra, IN",Aapulki Dhaba,"North Indian restaurant, Dhaba",North Indian restaurant,North Indian restaurant,+91 98907 30843,"QF8R+5WP, Shilatne, Maharashtra 410405",,Shilatne,410405,18.7654507,73.4923281,4.1,178,"https://search.google.com/local/reviews?placeid=ChIJVVVV0V6qwjsRCLqFExtSmJI&q=restaurant,+410402,+Pune,+Maharashtra,+IN&authuser=0&hl=en&gl=IN",7,15,24,46,86,"{""Monday"": ""8am-11pm"", ""Tuesday"": ""8am-11pm"", ""Wednesday"": ""8am-11pm"", ""Thursday"": ""8am-11pm"", ""Friday"": ""8am-11pm"", ""Saturday"": ""8am-11pm"", ""Sunday"": ""8am-11pm""}",,OPERATIONAL,"{""Service options"": {""Outdoor seating"": true, ""Drive-through"": true, ""Takeaway"": true, ""Dine-in"": true}, ""Offerings"": {""Alcohol"": true, ""Late-night food"": true, ""Small plates"": true, ""Wine"": true, ""Cuisine"": true}, ""Dining options"": {""Breakfast"": true, ""Lunch"": true, ""Dinner"": true, ""Seating"": true}, ""Atmosphere"": {""Casual"": true}, ""Crowd"": {""Groups"": true}, ""Planning"": {""Accepts reservations"": false}, ""Children"": {""Good for kids"": true}, ""Parking"": {""Free parking lot"": true, ""Free street parking"": true}}",,0,,,,,"https://www.google.com/maps/place/Aapulki+Dhaba/@18.7654507,73.4923281,14z/data=!4m8!1m2!2m1!1sAapulki+Dhaba!3m4!1s0x3bc2aa5ed1555555:0x9298521b1385ba08!8m2!3d18.7654507!4d73.4923281","https://www.google.com/maps/place/Aapulki+Dhaba/@18.7654507,73.4923281,13.99z/data=!4m16!1m7!3m6!1s0x3bc2aa5ed1555555:0x9298521b1385ba08!2sAapulki+Dhaba!8m2!3d18.7654507!4d73.4923281!16s%2Fg%2F11ckvg1dmb!3m7!1s0x3bc2aa5ed1555555:0x9298521b1385ba08!8m2!3d18.7654507!4d73.4923281!9m1!1b1!16s%2Fg%2F11ckvg1dmb?entry=ttu",ChIJVVVV0V6qwjsRCLqFExtSmJI,0x3bc2aa5ed1555555:0x9298521b1385ba08,1.05632832022426E+019,/g/11b6gb135r,-7883460871466927608
"restaurant, 410402, Pune, Maharashtra, IN",Cafe Bliss (Cafe & Resto @ Bliss Nirvana Resort),"Restaurant, Cafe",cafés,Restaurant,+91 93098 01199,"Near balgram Bushi Dam, Lonavala, Maharashtra 410402",,Lonavala,410402,18.7254556,73.3917291,4.5,395,"https://search.google.com/local/reviews?placeid=ChIJgbm3kHkB6DsRHzRAMD-YCFc&q=restaurant,+410402,+Pune,+Maharashtra,+IN&authuser=0&hl=en&gl=IN",14,7,24,69,281,"{""Monday"": ""10am-9pm"", ""Tuesday"": ""10am-9pm"", ""Wednesday"": ""10am-9pm"", ""Thursday"": ""10am-9pm"", ""Friday"": ""10am-9pm"", ""Saturday"": ""9am-9pm"", ""Sunday"": ""10am-9pm""}","[{""takeout"": {""Monday"": ""9 am-5 pm"", ""Tuesday"": ""9 am-5 pm"", ""Wednesday"": ""9 am-5 pm"", ""Thursday"": ""9 am-5 pm"", ""Friday"": ""9 am-5 pm"", ""Saturday"": ""9 am-5 pm"", ""Sunday"": ""9 am-5 pm""}}, {""breakfast"": {""Monday"": ""9-10:30 am"", ""Tuesday"": ""9-10:30 am"", ""Wednesday"": ""9-10:30 am"", ""Thursday"": ""9-10:30 am"", ""Friday"": ""9-10:30 am"", ""Saturday"": ""9-10:30 am"", ""Sunday"": ""9-10:30 am""}}, {""brunch"": {""Monday"": ""11 am-8 pm"", ""Tuesday"": ""11 am-8 pm"", ""Wednesday"": ""11 am-8 pm"", ""Thursday"": ""11 am-8 pm"", ""Friday"": ""11 am-8 pm"", ""Saturday"": ""11 am-8 pm"", ""Sunday"": ""11 am-8 pm""}}, {""kitchen"": {""Monday"": ""9 am-10 pm"", ""Tuesday"": ""9 am-10 pm"", ""Wednesday"": ""9 am-10 pm"", ""Thursday"": ""9 am-10 pm"", ""Friday"": ""9 am-10 pm"", ""Saturday"": ""9 am-10 pm"", ""Sunday"": ""9 am-10 pm""}}, {""lunch"": {""Monday"": ""1-3 pm"", ""Tuesday"": ""1-3 pm"", ""Wednesday"": ""1-3 pm"", ""Thursday"": ""1-3 pm"", ""Friday"": ""1-3 pm"", ""Saturday"": ""1-3 pm"", ""Sunday"": ""1-3 pm""}}, {""dinner"": {""Monday"": ""7:30-10 pm"", ""Tuesday"": ""7:30-10 pm"", ""Wednesday"": ""7:30-10 pm"", ""Thursday"": ""7:30-10 pm"", ""Friday"": ""7:30-10 pm"", ""Saturday"": ""7:30-10 pm"", ""Sunday"": ""7:30-10 pm""}}]",OPERATIONAL,"{""From the business"": {""Identifies as women-owned"": true}, ""Service options"": {""Outdoor seating"": true, ""No-contact delivery"": true, ""Delivery"": true, ""Takeaway"": true, ""Dine-in"": true}, ""Highlights"": {""Live performances"": true}, ""Offerings"": {""Coffee"": true, ""Small plates"": true, ""Vegetarian options"": true}, ""Dining options"": {""Breakfast"": true, ""Brunch"": true, ""Lunch"": true, ""Dinner"": true, ""Catering"": true, ""Dessert"": true, ""Seating"": true}, ""Amenities"": {""Gender-neutral toilets"": true, ""Toilets"": true}, ""Atmosphere"": {""Casual"": true, ""Cozy"": true, ""Romantic"": true}, ""Crowd"": {""Family friendly"": true, ""Groups"": true, ""LGBTQ+ friendly"": true}, ""Payments"": {""Credit cards"": true, ""Debit cards"": true, ""Google Pay"": true, ""Mobile Wallets"": true}, ""Children"": {""Good for kids"": true, ""Kids' menu"": true}, ""Parking"": {""Free parking lot"": true, ""Free street parking"": true, ""Parking"": true}, ""Other"": {""LGBTQ+ friendly"": true, ""Identifies as women-owned"": true}}",,1,108748677163540930358,,,,"https://www.google.com/maps/place/Cafe+Bliss+%28Cafe+%26+Resto+%40+Bliss+Nirvana+Resort%29/@18.7254556,73.39172909999999,14z/data=!4m8!1m2!2m1!1sCafe+Bliss+%28Cafe+%26+Resto+%40+Bliss+Nirvana+Resort%29!3m4!1s0x3be8017990b7b981:0x5708983f3040341f!8m2!3d18.7254556!4d73.39172909999999","https://www.google.com/maps/place/Cafe+Bliss+%28Cafe+%26+Resto+%40+Bliss+Nirvana+Resort%29/@18.7254556,73.39172909999999,13.99z/data=!4m16!1m7!3m6!1s0x3be8017990b7b981:0x5708983f3040341f!2sCafe+Bliss+%28Cafe+%26+Resto+%40+Bliss+Nirvana+Resort%29!8m2!3d18.7254556!4d73.39172909999999!16s%2Fg%2F11ckvg1dmb!3m7!1s0x3be8017990b7b981:0x5708983f3040341f!8m2!3d18.7254556!4d73.39172909999999!9m1!1b1!16s%2Fg%2F11ckvg1dmb?entry=ttu",ChIJgbm3kHkB6DsRHzRAMD-YCFc,0x3be8017990b7b981:0x5708983f3040341f,6.27142987827329E+018,/g/11hdy2khqg,6271429878273291295
"restaurant, 410402, Pune, Maharashtra, IN",Rainbow Food Park,"Restaurant, Outlet store, Wax museum",restaurants,Restaurant,,"Arsiwalla Villa Old Khandala Road Near Railway Gate No 30, Lonavala, Maharashtra 410403",Arsiwalla Villa,"Lonavala, Kune N.m.",410403,18.7594448,73.3836719,4.8,2291,"https://search.google.com/local/reviews?placeid=ChIJP-re_uAB6DsRbmlc7GnUOO4&q=restaurant,+410402,+Pune,+Maharashtra,+IN&authuser=0&hl=en&gl=IN",46,28,73,155,1989,"{""Monday"": ""9am-10pm"", ""Tuesday"": ""9am-10pm"", ""Wednesday"": ""9am-10pm"", ""Thursday"": ""9am-10pm"", ""Friday"": ""9am-10pm"", ""Saturday"": ""9am-10pm"", ""Sunday"": ""9am-10pm""}",,OPERATIONAL,"{""Service options"": {""Takeaway"": true, ""Dine-in"": true}, ""Accessibility"": {""Wheelchair-accessible car park"": true, ""Wheelchair-accessible entrance"": true}, ""Offerings"": {""Coffee"": true, ""Small plates"": true, ""Vegan options"": true, ""Vegetarian options"": true}, ""Dining options"": {""Breakfast"": true, ""Lunch"": true, ""Dinner"": true, ""Dessert"": true}, ""Amenities"": {""Toilets"": true}, ""Atmosphere"": {""Casual"": true}, ""Crowd"": {""Groups"": true}, ""Payments"": {""Credit cards"": true, ""Mobile Wallets"": true}, ""Children"": {""Good for kids"": true}, ""Parking"": {""Free parking lot"": true, ""Free street parking"": true, ""Parking"": true}}",,1,106753615189732243239,,,,"https://www.google.com/maps/place/Rainbow+Food+Park/@18.7594448,73.3836719,14z/data=!4m8!1m2!2m1!1sRainbow+Food+Park!3m4!1s0x3be801e0fedeea3f:0xee38d469ec5c696e!8m2!3d18.7594448!4d73.3836719","https://www.google.com/maps/place/Rainbow+Food+Park/@18.7594448,73.3836719,13.99z/data=!4m16!1m7!3m6!1s0x3be801e0fedeea3f:0xee38d469ec5c696e!2sRainbow+Food+Park!8m2!3d18.7594448!4d73.3836719!16s%2Fg%2F11ckvg1dmb!3m7!1s0x3be801e0fedeea3f:0xee38d469ec5c696e!8m2!3d18.7594448!4d73.3836719!9m1!1b1!16s%2Fg%2F11ckvg1dmb?entry=ttu",ChIJP-re_uAB6DsRbmlc7GnUOO4,0x3be801e0fedeea3f:0xee38d469ec5c696e,1.71657035311248E+019,/g/11g047_vq4,-1281040542584772242
"restaurant, 410402, Pune, Maharashtra, IN",Sathe Misal,Indian restaurant,restaurants,Indian restaurant,,"NH 48, Arsiwalla Villa, Kune N.m., Maharashtra 410301",Arsiwalla Villa,Kune N.m.,410301,18.7597246,73.3863914,4.1,1655,"https://search.google.com/local/reviews?placeid=ChIJM8wHjD8B6DsRy1PPwbjJIm4&q=restaurant,+410402,+Pune,+Maharashtra,+IN&authuser=0&hl=en&gl=IN",86,67,249,451,802,"{""Monday"": ""8am-8pm"", ""Tuesday"": ""8am-8pm"", ""Wednesday"": ""8am-8pm"", ""Thursday"": ""8am-8pm"", ""Friday"": ""8am-8pm"", ""Saturday"": ""8am-8pm"", ""Sunday"": ""8am-8pm""}",,OPERATIONAL,"{""Service options"": {""Delivery"": true, ""Drive-through"": true, ""Takeaway"": true, ""Dine-in"": true}, ""Accessibility"": {""Wheelchair-accessible toilet"": true, ""Wheelchair-accessible seating"": false}, ""Offerings"": {""Coffee"": true, ""Small plates"": true, ""Vegan options"": true, ""Vegetarian options"": true, ""Vegetarian options only"": true, ""Cuisine"": true}, ""Dining options"": {""Breakfast"": true, ""Brunch"": true, ""Lunch"": true, ""Dessert"": true}, ""Amenities"": {""Toilets"": true}, ""Atmosphere"": {""Casual"": true}, ""Crowd"": {""Groups"": true}, ""Planning"": {""Accepts reservations"": false}, ""Payments"": {""Mobile Wallets"": true}, ""Children"": {""Good for kids"": true}, ""Parking"": {""Free parking lot"": true, ""Free street parking"": true, ""Parking"": true}}",,1,114527283805432892399,,https://www.swiggy.com/city/pune/sathe-misal-samor-khandala-lonavala-rest785508?utm_source=GooglePlaceOrder&utm_campaign=GoogleMap&is_retargeting=true&media_source=GooglePlaceOrder,https://www.swiggy.com/city/pune/sathe-misal-samor-khandala-lonavala-rest785508?utm_source=GooglePlaceOrder&utm_campaign=GoogleMap&is_retargeting=true&media_source=GooglePlaceOrder,"https://www.google.com/maps/place/Sathe+Misal/@18.7597246,73.3863914,14z/data=!4m8!1m2!2m1!1sSathe+Misal!3m4!1s0x3be8013f8c07cc33:0x6e22c9b8c1cf53cb!8m2!3d18.7597246!4d73.3863914","https://www.google.com/maps/place/Sathe+Misal/@18.7597246,73.3863914,13.99z/data=!4m16!1m7!3m6!1s0x3be8013f8c07cc33:0x6e22c9b8c1cf53cb!2sSathe+Misal!8m2!3d18.7597246!4d73.3863914!16s%2Fg%2F11ckvg1dmb!3m7!1s0x3be8013f8c07cc33:0x6e22c9b8c1cf53cb!8m2!3d18.7597246!4d73.3863914!9m1!1b1!16s%2Fg%2F11ckvg1dmb?entry=ttu",ChIJM8wHjD8B6DsRy1PPwbjJIm4,0x3be8013f8c07cc33:0x6e22c9b8c1cf53cb,7.93612728874299E+018,/g/11ndys86d7,7936127288742990795
"restaurant, 410402, Pune, Maharashtra, IN",SRI Outdoor Catering Services,"Restaurant, Caterer, Catering food and drink supplier",Catering food and drink supplier,Restaurant,+91 95930 77313,"JD Villa, Hotel, Old Mumbai - Pune Hwy, opp. Kamat Restaurant, Ambience Villa, Khandala, Lonavala, Kune N.m., Maharashtra 410301","Ambience Villa, Khandala","Lonavala, Kune N.m.",410301,18.7568845,73.3774014,5,2,"https://search.google.com/local/reviews?placeid=ChIJWxUSTCgB6DsRnsRc39s_yLY&q=restaurant,+410402,+Pune,+Maharashtra,+IN&authuser=0&hl=en&gl=IN",0,0,0,0,2,"{""Monday"": ""8am-11pm"", ""Tuesday"": ""8am-11pm"", ""Wednesday"": ""8am-11pm"", ""Thursday"": ""8am-11pm"", ""Friday"": ""8am-11pm"", ""Saturday"": ""8am-11pm"", ""Sunday"": ""8am-11pm""}",,OPERATIONAL,"{""Service options"": {""No-contact delivery"": true, ""Delivery"": true, ""Takeaway"": true, ""Dine-in"": true}, ""Accessibility"": {""Wheelchair-accessible car park"": true}, ""Parking"": {""Free parking lot"": true, ""Free street parking"": true}}",,1,106941210719511953252,,,,"https://www.google.com/maps/place/SRI+Outdoor+Catering+Services/@18.756884499999998,73.3774014,14z/data=!4m8!1m2!2m1!1sSRI+Outdoor+Catering+Services!3m4!1s0x3be801284c12155b:0xb6c83fdbdf5cc49e!8m2!3d18.756884499999998!4d73.3774014","https://www.google.com/maps/place/SRI+Outdoor+Catering+Services/@18.756884499999998,73.3774014,13.99z/data=!4m16!1m7!3m6!1s0x3be801284c12155b:0xb6c83fdbdf5cc49e!2sSRI+Outdoor+Catering+Services!8m2!3d18.756884499999998!4d73.3774014!16s%2Fg%2F11ckvg1dmb!3m7!1s0x3be801284c12155b:0xb6c83fdbdf5cc49e!8m2!3d18.756884499999998!4d73.3774014!9m1!1b1!16s%2Fg%2F11ckvg1dmb?entry=ttu",ChIJWxUSTCgB6DsRnsRc39s_yLY,0x3be801284c12155b:0xb6c83fdbdf5cc49e,1.31708473238228E+019,/g/11p67733xj,-5275896749886749538
"restaurant, 410402, Pune, Maharashtra, IN",Vishal Snacks Center,Breakfast restaurant,restaurants,Breakfast restaurant,,"Khandala Bazar peth, Old Mumbai - Pune Hwy, Khandala, Maharashtra 410301",Khandala,"Kune N.m., Lonavala",410301,18.7574087,73.3733882,4,29,"https://search.google.com/local/reviews?placeid=ChIJ8TaysN8B6DsRXpVI-DQhmsQ&q=restaurant,+410402,+Pune,+Maharashtra,+IN&authuser=0&hl=en&gl=IN",1,2,7,5,14,"{""Monday"": ""7:30am-8:30pm"", ""Tuesday"": ""7:30am-8:30pm"", ""Wednesday"": ""7:30am-8:30pm"", ""Thursday"": ""7:30am-8:30pm"", ""Friday"": ""7:30am-8:30pm"", ""Saturday"": ""7:30am-8:30pm"", ""Sunday"": ""7:30am-8:30pm""}",,OPERATIONAL,"{""Service options"": {""Takeaway"": true, ""Dine-in"": true}, ""Offerings"": {""Small plates"": true}, ""Dining options"": {""Breakfast"": true}, ""Atmosphere"": {""Casual"": true}, ""Crowd"": {""Groups"": true}, ""Planning"": {""Accepts reservations"": false}, ""Children"": {""Good for kids"": true}, ""Parking"": {""Free street parking"": true}}",,1,107668129279178981427,,,,"https://www.google.com/maps/place/Vishal+Snacks+Center/@18.7574087,73.3733882,14z/data=!4m8!1m2!2m1!1sVishal+Snacks+Center!3m4!1s0x3be801dfb0b236f1:0xc49a2134f848955e!8m2!3d18.7574087!4d73.3733882","https://www.google.com/maps/place/Vishal+Snacks+Center/@18.7574087,73.3733882,13.99z/data=!4m16!1m7!3m6!1s0x3be801dfb0b236f1:0xc49a2134f848955e!2sVishal+Snacks+Center!8m2!3d18.7574087!4d73.3733882!16s%2Fg%2F11ckvg1dmb!3m7!1s0x3be801dfb0b236f1:0xc49a2134f848955e!8m2!3d18.7574087!4d73.3733882!9m1!1b1!16s%2Fg%2F11ckvg1dmb?entry=ttu",ChIJ8TaysN8B6DsRXpVI-DQhmsQ,0x3be801dfb0b236f1:0xc49a2134f848955e,1.41666720892348E+019,/g/11g4dhb26x,-4280071984474712738
"restaurant, 410402, Pune, Maharashtra, IN",Village Resto,"Biryani restaurant, Chinese restaurant, North Indian restaurant",Biryani restaurant,Biryani restaurant,+91 91586 65151,"S.No. 100, Village Resto, 4, Mumbai-Banglore Service Road, opp. Swami Narayan Temple, Mokarwadi, Pune, Maharashtra 411046",Mokarwadi,Pune,411046,18.4451746,73.8365481,3.7,784,"https://search.google.com/local/reviews?placeid=ChIJl9T8zC2VwjsRSk7ECIuyb7M&q=restaurant,+410402,+Pune,+Maharashtra,+IN&authuser=0&hl=en&gl=IN",119,55,122,172,316,"{""Monday"": ""12pm-3am"", ""Tuesday"": ""12pm-3am"", ""Wednesday"": ""12pm-3am"", ""Thursday"": ""12pm-3am"", ""Friday"": ""12pm-3am"", ""Saturday"": ""12pm-3am"", ""Sunday"": ""12pm-3am""}",,OPERATIONAL,"{""Service options"": {""Outdoor seating"": true, ""Delivery"": true, ""Takeaway"": true, ""Dine-in"": true}, ""Accessibility"": {""Wheelchair-accessible entrance"": false, ""Wheelchair-accessible seating"": false}, ""Offerings"": {""Alcohol"": true, ""All you can eat"": true, ""Beer"": true, ""Cocktails"": true, ""Late-night food"": true, ""Small plates"": true, ""Spirits"": true, ""Vegan options"": true, ""Vegetarian options"": true, ""Wine"": true, ""Cuisine"": true, ""Dishes"": true}, ""Dining options"": {""Lunch"": true, ""Dinner"": true, ""Dessert"": true, ""Seating"": true}, ""Amenities"": {""Bar on site"": true, ""Toilets"": true}, ""Atmosphere"": {""Casual"": true, ""Cozy"": true}, ""Crowd"": {""Groups"": true}, ""Payments"": {""Credit cards"": true, ""Mobile Wallets"": true}, ""Children"": {""Good for kids"": true}, ""Parking"": {""Free parking lot"": true, ""Free street parking"": true, ""Parking"": true}}",,1,106425236273034153277,,,,"https://www.google.com/maps/place/Village+Resto/@18.445174599999998,73.8365481,14z/data=!4m8!1m2!2m1!1sVillage+Resto!3m4!1s0x3bc2952dccfcd497:0xb36fb28b08c44e4a!8m2!3d18.445174599999998!4d73.8365481","https://www.google.com/maps/place/Village+Resto/@18.445174599999998,73.8365481,13.99z/data=!4m16!1m7!3m6!1s0x3bc2952dccfcd497:0xb36fb28b08c44e4a!2sVillage+Resto!8m2!3d18.445174599999998!4d73.8365481!16s%2Fg%2F11ckvg1dmb!3m7!1s0x3bc2952dccfcd497:0xb36fb28b08c44e4a!8m2!3d18.445174599999998!4d73.8365481!9m1!1b1!16s%2Fg%2F11ckvg1dmb?entry=ttu",ChIJl9T8zC2VwjsRSk7ECIuyb7M,0x3bc2952dccfcd497:0xb36fb28b08c44e4a,1.29297493654213E+019,/g/11c6s58vqt,-5516994708288287158
"restaurant, 410402, Pune, Maharashtra, IN",Hotel Gurudatta Vihar,Vegetarian restaurant,restaurants,Vegetarian restaurant,+91 98222 76642,"Jalvaayu Marg, Maharashtra 410401",,IN,410401,18.7246604,73.3936071,3.7,227,"https://search.google.com/local/reviews?placeid=ChIJz0S44l0B6DsRBF3tnV5xXp4&q=restaurant,+410402,+Pune,+Maharashtra,+IN&authuser=0&hl=en&gl=IN",21,17,54,59,76,"{""Monday"": ""Open 24 hours"", ""Tuesday"": ""Open 24 hours"", ""Wednesday"": ""Open 24 hours"", ""Thursday"": ""Open 24 hours"", ""Friday"": ""Open 24 hours"", ""Saturday"": ""Open 24 hours"", ""Sunday"": ""Open 24 hours""}",,OPERATIONAL,"{""Service options"": {""Drive-through"": true, ""Takeaway"": true, ""Dine-in"": true, ""Delivery"": false}, ""Offerings"": {""All you can eat"": true, ""Coffee"": true, ""Late-night food"": true, ""Small plates"": true, ""Vegan options"": true, ""Vegetarian options"": true, ""Vegetarian options only"": true}, ""Dining options"": {""Breakfast"": true, ""Brunch"": true, ""Lunch"": true, ""Dinner"": true}, ""Amenities"": {""Toilets"": true}, ""Atmosphere"": {""Casual"": true}, ""Crowd"": {""Groups"": true}, ""Planning"": {""Accepts reservations"": true}, ""Payments"": {""Cash only"": true}, ""Children"": {""Good for kids"": true}, ""Parking"": {""Free parking lot"": true, ""Free street parking"": true, ""Paid parking lot"": true}}",,1,114281951056063955247,,,,"https://www.google.com/maps/place/Hotel+Gurudatta+Vihar/@18.724660399999998,73.3936071,14z/data=!4m8!1m2!2m1!1sHotel+Gurudatta+Vihar!3m4!1s0x3be8015de2b844cf:0x9e5e715e9ded5d04!8m2!3d18.724660399999998!4d73.3936071","https://www.google.com/maps/place/Hotel+Gurudatta+Vihar/@18.724660399999998,73.3936071,13.99z/data=!4m16!1m7!3m6!1s0x3be8015de2b844cf:0x9e5e715e9ded5d04!2sHotel+Gurudatta+Vihar!8m2!3d18.724660399999998!4d73.3936071!16s%2Fg%2F11ckvg1dmb!3m7!1s0x3be8015de2b844cf:0x9e5e715e9ded5d04!8m2!3d18.724660399999998!4d73.3936071!9m1!1b1!16s%2Fg%2F11ckvg1dmb?entry=ttu",ChIJz0S44l0B6DsRBF3tnV5xXp4,0x3be8015de2b844cf:0x9e5e715e9ded5d04,1.14116831569939E+019,/g/11css6svj_,-7035060916715692796
"restaurant, 410402, Pune, Maharashtra, IN",Khandala Lonand Road,Cafe,cafés,Cafe,,"Shirur - Satara Rd, Khandala, LonandRoad, Kune N.m., Maharashtra 410301",Khandala,"LonandRoad, Kune N.m.",410301,18.7598052,73.3678492,4.7,6,"https://search.google.com/local/reviews?placeid=ChIJy_TIEZ8B6DsRdzP2Uy69F_s&q=restaurant,+410402,+Pune,+Maharashtra,+IN&authuser=0&hl=en&gl=IN",0,0,1,0,5,"{""Monday"": ""Open 24 hours"", ""Tuesday"": ""Open 24 hours"", ""Wednesday"": ""Open 24 hours"", ""Thursday"": ""Open 24 hours"", ""Friday"": ""Open 24 hours"", ""Saturday"": ""Open 24 hours"", ""Sunday"": ""Open 24 hours""}",,OPERATIONAL,"{""Service options"": {""Takeaway"": true, ""Dine-in"": true}, ""Offerings"": {""Coffee"": true}, ""Atmosphere"": {""Casual"": true}, ""Crowd"": {""Groups"": true}, ""Children"": {""Good for kids"": true}, ""Parking"": {""Free street parking"": true}}",,1,112004385093394419258,,,,"https://www.google.com/maps/place/Khandala+Lonand+Road/@18.7598052,73.3678492,14z/data=!4m8!1m2!2m1!1sKhandala+Lonand+Road!3m4!1s0x3be8019f11c8f4cb:0xfb17bd2e53f63377!8m2!3d18.7598052!4d73.3678492","https://www.google.com/maps/place/Khandala+Lonand+Road/@18.7598052,73.3678492,13.99z/data=!4m16!1m7!3m6!1s0x3be8019f11c8f4cb:0xfb17bd2e53f63377!2sKhandala+Lonand+Road!8m2!3d18.7598052!4d73.3678492!16s%2Fg%2F11ckvg1dmb!3m7!1s0x3be8019f11c8f4cb:0xfb17bd2e53f63377!8m2!3d18.7598052!4d73.3678492!9m1!1b1!16s%2Fg%2F11ckvg1dmb?entry=ttu",ChIJy_TIEZ8B6DsRdzP2Uy69F_s,0x3be8019f11c8f4cb:0xfb17bd2e53f63377,1.80931380346591E+019,/g/11fkthmlhr,-353606039050505353
"restaurant, 410402, Pune, Maharashtra, IN",Koji,Asian restaurant,restaurants,Asian restaurant,+91 20 6745 6745,"Lobby Level, 7, Mangaldas Rd, Sangamvadi, Pune, Maharashtra 411001",Sangamvadi,Pune,411001,18.5350077,73.8832383,4.8,1324,"https://search.google.com/local/reviews?placeid=ChIJP7hb1P7AwjsRcVrUEz0HRFI&q=restaurant,+410402,+Pune,+Maharashtra,+IN&authuser=0&hl=en&gl=IN",33,7,18,124,1142,"{""Monday"": ""12:30-3:30pm,7-11:30pm"", ""Tuesday"": ""12:30-3:30pm,7-11:30pm"", ""Wednesday"": ""12:30-3:30pm,7-11:30pm"", ""Thursday"": ""12:30-3:30pm,7-11:30pm"", ""Friday"": ""12:30-3:30pm,7-11:30pm"", ""Saturday"": ""12:30-3:30pm,7-11:30pm"", ""Sunday"": ""12:30-3:30pm,7-11:30pm""}","[{""lunch"": {""Monday"": ""12:30-3:30 pm"", ""Tuesday"": ""12:30-3:30 pm"", ""Wednesday"": ""12:30-3:30 pm"", ""Thursday"": ""12:30-3:30 pm"", ""Friday"": ""12:30-3:30 pm"", ""Saturday"": ""12:30-3:30 pm"", ""Sunday"": ""12:30-3:30 pm""}}, {""dinner"": {""Monday"": ""7-11:30 pm"", ""Tuesday"": ""7-11:30 pm"", ""Wednesday"": ""7-11:30 pm"", ""Thursday"": ""7-11:30 pm"", ""Friday"": ""7-11:30 pm"", ""Saturday"": ""7-11:30 pm"", ""Sunday"": ""7-11:30 pm""}}]",OPERATIONAL,"{""Service options"": {""Outdoor seating"": true, ""No-contact delivery"": true, ""Delivery"": true, ""Takeaway"": true, ""Dine-in"": true}, ""Accessibility"": {""Wheelchair-accessible car park"": true, ""Wheelchair-accessible entrance"": true, ""Wheelchair-accessible seating"": true, ""Wheelchair-accessible toilet"": true}, ""Offerings"": {""Alcohol"": true, ""Beer"": true, ""Cocktails"": true, ""Coffee"": true, ""Halal food"": true, ""Organic dishes"": true, ""Small plates"": true, ""Spirits"": true, ""Vegan options"": true, ""Vegetarian options"": true, ""Wine"": true, ""Cuisine"": true}, ""Dining options"": {""Breakfast"": true, ""Brunch"": true, ""Lunch"": true, ""Dinner"": true, ""Catering"": true, ""Dessert"": true, ""Seating"": true}, ""Amenities"": {""Bar on site"": true, ""Toilets"": true}, ""Atmosphere"": {""Casual"": true, ""Cozy"": true, ""Romantic"": true}, ""Crowd"": {""Groups"": true}, ""Planning"": {""Reservations required"": true, ""Accepts reservations"": true}, ""Payments"": {""Credit cards"": true, ""Mobile Wallets"": true}, ""Children"": {""Good for kids"": true, ""Good for kids birthday"": true, ""High chairs"": true}, ""Parking"": {""Free parking lot"": true, ""Free street parking"": true, ""Parking"": true, ""Valet parking"": true}}","Elegant restaurant offering elevated Japanese cuisine, including handmade sushi & soups.",1,110059874060600011939,"https://www.eazydiner.com/pune/koji-conrad-pune-bund-garden-road-613779, https://www.zomato.com/pune/koji-conrad-pune-bund-garden/book?utm_source=rwg",https://www.eazydiner.com/pune/koji-conrad-pune-bund-garden-road-613779,"https://www.eazydiner.com/pune/koji-conrad-pune-bund-garden-road-613779, https://www.zomato.com/pune/koji-conrad-pune-bund-garden/book?utm_source=rwg","https://www.google.com/maps/place/Koji/@18.535007699999998,73.8832383,14z/data=!4m8!1m2!2m1!1sKoji!3m4!1s0x3bc2c0fed45bb83f:0x5244073d13d45a71!8m2!3d18.535007699999998!4d73.8832383","https://www.google.com/maps/place/Koji/@18.535007699999998,73.8832383,13.99z/data=!4m16!1m7!3m6!1s0x3bc2c0fed45bb83f:0x5244073d13d45a71!2sKoji!8m2!3d18.535007699999998!4d73.8832383!16s%2Fg%2F11ckvg1dmb!3m7!1s0x3bc2c0fed45bb83f:0x5244073d13d45a71!8m2!3d18.535007699999998!4d73.8832383!9m1!1b1!16s%2Fg%2F11ckvg1dmb?entry=ttu",ChIJP7hb1P7AwjsRcVrUEz0HRFI,0x3bc2c0fed45bb83f:0x5244073d13d45a71,5.9278709684335E+018,/g/11c2jkkvr9,5927870968433498737
"restaurant, 410402, Pune, Maharashtra, IN",Elite Family Restaurants & Bar,Family restaurant,restaurants,Family restaurant,,"No 1. 72, Shop, 1, Old Mumbai - Pune Hwy, Ambience Villa, Khandala, Lonavala, Kune N.m., Maharashtra 410401","Ambience Villa, Khandala","Lonavala, Kune N.m.",410401,18.7595187,73.3753136,4.6,11,"https://search.google.com/local/reviews?placeid=ChIJR1VHxTYB6DsRWhZmgGe18ug&q=restaurant,+410402,+Pune,+Maharashtra,+IN&authuser=0&hl=en&gl=IN",1,0,0,0,10,,,OPERATIONAL,"{""Service options"": {""No-contact delivery"": true, ""Delivery"": true, ""Takeaway"": true, ""Dine-in"": true}, ""Offerings"": {""Coffee"": true, ""Small plates"": true}, ""Dining options"": {""Lunch"": true, ""Dinner"": true, ""Dessert"": true}, ""Amenities"": {""Toilets"": true}, ""Atmosphere"": {""Casual"": true}, ""Crowd"": {""Groups"": true}, ""Payments"": {""Credit cards"": true, ""Mobile Wallets"": true}, ""Children"": {""Good for kids"": true}, ""Parking"": {""Free parking lot"": true, ""Free street parking"": true}}",,1,108055505077771211390,,,,"https://www.google.com/maps/place/Elite+Family+Restaurants+%26+Bar/@18.759518699999997,73.3753136,14z/data=!4m8!1m2!2m1!1sElite+Family+Restaurants+%26+Bar!3m4!1s0x3be80136c5475547:0xe8f2b5678066165a!8m2!3d18.759518699999997!4d73.3753136","https://www.google.com/maps/place/Elite+Family+Restaurants+%26+Bar/@18.759518699999997,73.3753136,13.99z/data=!4m16!1m7!3m6!1s0x3be80136c5475547:0xe8f2b5678066165a!2sElite+Family+Restaurants+%26+Bar!8m2!3d18.759518699999997!4d73.3753136!16s%2Fg%2F11ckvg1dmb!3m7!1s0x3be80136c5475547:0xe8f2b5678066165a!8m2!3d18.759518699999997!4d73.3753136!9m1!1b1!16s%2Fg%2F11ckvg1dmb?entry=ttu",ChIJR1VHxTYB6DsRWhZmgGe18ug,0x3be80136c5475547:0xe8f2b5678066165a,1.67856782173037E+019,/g/11l1fhr6zd,-1661065856405858726
"restaurant, 410402, Pune, Maharashtra, IN",Hotel Delight Inn,Restaurant,restaurants,Restaurant,+91 87935 42441,"Plot No.44/4, 44/5, near Wheels India Limited, Ranjangaon MIDC, MIDC, Ranjangaon, Maharashtra 412220","Ranjangaon MIDC, MIDC",Ranjangaon,412220,18.7921069,74.2883791,4.3,27,"https://search.google.com/local/reviews?placeid=ChIJy03MCgApwzsRB8JErTngbjA&q=restaurant,+410402,+Pune,+Maharashtra,+IN&authuser=0&hl=en&gl=IN",2,2,0,4,19,"{""Monday"": ""Open 24 hours"", ""Tuesday"": ""Open 24 hours"", ""Wednesday"": ""Open 24 hours"", ""Thursday"": ""Open 24 hours"", ""Friday"": ""Open 24 hours"", ""Saturday"": ""Open 24 hours"", ""Sunday"": ""Open 24 hours""}",,OPERATIONAL,"{""Service options"": {""Outdoor seating"": true, ""Kerbside pickup"": true, ""Delivery"": true, ""Takeaway"": true, ""Dine-in"": true}, ""Accessibility"": {""Wheelchair-accessible car park"": true}, ""Offerings"": {""Coffee"": true, ""Small plates"": true}, ""Dining options"": {""Lunch"": true, ""Dinner"": true, ""Seating"": true}, ""Amenities"": {""Toilets"": true}, ""Atmosphere"": {""Casual"": true}, ""Crowd"": {""Groups"": true}, ""Payments"": {""Mobile Wallets"": true}, ""Children"": {""Good for kids"": true}, ""Parking"": {""Free parking lot"": true, ""Free street parking"": true}}",,1,101186921641499670018,,,,"https://www.google.com/maps/place/Hotel+Delight+Inn/@18.7921069,74.2883791,14z/data=!4m8!1m2!2m1!1sHotel+Delight+Inn!3m4!1s0x3bc329000acc4dcb:0x306ee039ad44c207!8m2!3d18.7921069!4d74.2883791","https://www.google.com/maps/place/Hotel+Delight+Inn/@18.7921069,74.2883791,13.99z/data=!4m16!1m7!3m6!1s0x3bc329000acc4dcb:0x306ee039ad44c207!2sHotel+Delight+Inn!8m2!3d18.7921069!4d74.2883791!16s%2Fg%2F11ckvg1dmb!3m7!1s0x3bc329000acc4dcb:0x306ee039ad44c207!8m2!3d18.7921069!4d74.2883791!9m1!1b1!16s%2Fg%2F11ckvg1dmb?entry=ttu",ChIJy03MCgApwzsRB8JErTngbjA,0x3bc329000acc4dcb:0x306ee039ad44c207,3.48997329958344E+018,/g/11vk13c9hb,3489973299583435271
"restaurant, 410402, Pune, Maharashtra, IN",Tiranga Thali Family Restaurant,Restaurant,restaurants,Restaurant,,"Pune - Satara Rd, Katrajnagar, Katraj, Mangadewadi, Pune, Maharashtra 411046","Katrajnagar, Katraj","Mangadewadi, Pune",411046,18.435144,73.8602124,4.2,129,"https://search.google.com/local/reviews?placeid=ChIJOwl6N9TrwjsRYpqa2GE14BQ&q=restaurant,+410402,+Pune,+Maharashtra,+IN&authuser=0&hl=en&gl=IN",16,2,10,15,86,"{""Monday"": ""11am-11pm"", ""Tuesday"": ""11am-11pm"", ""Wednesday"": ""11am-11pm"", ""Thursday"": ""11am-11pm"", ""Friday"": ""11am-11pm"", ""Saturday"": ""11am-11pm"", ""Sunday"": ""11am-11pm""}",,OPERATIONAL,"{""Service options"": {""No-contact delivery"": true, ""Delivery"": true, ""Takeaway"": true, ""Dine-in"": true}, ""Dining options"": {""Lunch"": true, ""Dinner"": true}, ""Amenities"": {""Gender-neutral toilets"": true, ""Toilets"": true, ""Wi-Fi"": true}, ""Atmosphere"": {""Casual"": true}, ""Crowd"": {""Family friendly"": true, ""Groups"": true}, ""Payments"": {""Credit cards"": true, ""Debit cards"": true, ""Mobile Wallets"": true}, ""Children"": {""Good for kids"": true}, ""Parking"": {""Free parking lot"": true, ""Parking"": true}}",,0,,,https://magicpin.in/Pune/Katraj/Food/Tiranga-Thali/store/1665718/delivery/?utm_source=reserve_google&utm_campaign=starter_integration&utm_medium=delivery&rwg_token=AAiGsoa0ayiXlCXz18dYr3UMqEqDXErYzUHNHZ-xeB9VoG3-UDA03x8HN0rPrU47dHgqhXVxb1hZA0ny-S5MzS-2Dq_msUVXAoMbsGABQsYHI1XWvxmha4M%3D,https://magicpin.in/Pune/Katraj/Food/Tiranga-Thali/store/1665718/delivery/?utm_source=reserve_google&utm_campaign=starter_integration&utm_medium=delivery&rwg_token=AAiGsoa0ayiXlCXz18dYr3UMqEqDXErYzUHNHZ-xeB9VoG3-UDA03x8HN0rPrU47dHgqhXVxb1hZA0ny-S5MzS-2Dq_msUVXAoMbsGABQsYHI1XWvxmha4M%3D,"https://www.google.com/maps/place/Tiranga+Thali+Family+Restaurant/@18.435143999999998,73.8602124,14z/data=!4m8!1m2!2m1!1sTiranga+Thali+Family+Restaurant!3m4!1s0x3bc2ebd4377a093b:0x14e03561d89a9a62!8m2!3d18.435143999999998!4d73.8602124","https://www.google.com/maps/place/Tiranga+Thali+Family+Restaurant/@18.435143999999998,73.8602124,13.99z/data=!4m16!1m7!3m6!1s0x3bc2ebd4377a093b:0x14e03561d89a9a62!2sTiranga+Thali+Family+Restaurant!8m2!3d18.435143999999998!4d73.8602124!16s%2Fg%2F11ckvg1dmb!3m7!1s0x3bc2ebd4377a093b:0x14e03561d89a9a62!8m2!3d18.435143999999998!4d73.8602124!9m1!1b1!16s%2Fg%2F11ckvg1dmb?entry=ttu",ChIJOwl6N9TrwjsRYpqa2GE14BQ,0x3bc2ebd4377a093b:0x14e03561d89a9a62,1.50426096990386E+018,/g/11flc01h4w,1504260969903856226
"restaurant, 410402, Pune, Maharashtra, IN",BISMILLAH ZAIKA DHABA,Family restaurant,restaurants,Family restaurant,+91 788 820 5795,"NH 48, Maval, Khandala, Kune N.m., Maharashtra 410301",Khandala,Kune N.m.,410301,18.7597394,73.3857778,3.7,14,"https://search.google.com/local/reviews?placeid=ChIJ_4l6UgAB6DsRypSSkl2F7zU&q=restaurant,+410402,+Pune,+Maharashtra,+IN&authuser=0&hl=en&gl=IN",4,0,1,0,9,,,OPERATIONAL,"{""Service options"": {""Delivery"": true, ""Dine-in"": true}, ""Offerings"": {""Small plates"": true, ""Cuisine"": true, ""Dishes"": true}, ""Dining options"": {""Lunch"": true, ""Dinner"": true}, ""Atmosphere"": {""Casual"": true}, ""Crowd"": {""Groups"": true}, ""Children"": {""Good for kids"": true}, ""Parking"": {""Free parking lot"": true, ""Free street parking"": true}}",,1,109272674913250935844,,https://www.swiggy.com/city/pune/bismillah-zaika-dhaba-arsiwalla-villa-lonavala-rest869960?utm_source=GooglePlaceOrder&utm_campaign=GoogleMap&is_retargeting=true&media_source=GooglePlaceOrder,https://www.swiggy.com/city/pune/bismillah-zaika-dhaba-arsiwalla-villa-lonavala-rest869960?utm_source=GooglePlaceOrder&utm_campaign=GoogleMap&is_retargeting=true&media_source=GooglePlaceOrder,"https://www.google.com/maps/place/BISMILLAH+ZAIKA+DHABA/@18.7597394,73.3857778,14z/data=!4m8!1m2!2m1!1sBISMILLAH+ZAIKA+DHABA!3m4!1s0x3be80100527a89ff:0x35ef855d929294ca!8m2!3d18.7597394!4d73.3857778","https://www.google.com/maps/place/BISMILLAH+ZAIKA+DHABA/@18.7597394,73.3857778,13.99z/data=!4m16!1m7!3m6!1s0x3be80100527a89ff:0x35ef855d929294ca!2sBISMILLAH+ZAIKA+DHABA!8m2!3d18.7597394!4d73.3857778!16s%2Fg%2F11ckvg1dmb!3m7!1s0x3be80100527a89ff:0x35ef855d929294ca!8m2!3d18.7597394!4d73.3857778!9m1!1b1!16s%2Fg%2F11ckvg1dmb?entry=ttu",ChIJ_4l6UgAB6DsRypSSkl2F7zU,0x3be80100527a89ff:0x35ef855d929294ca,3.88647164038156E+018,/g/11ldknxrrs,3886471640381560010
"restaurant, 410402, Pune, Maharashtra, IN",Santosh Snacks 03,"Restaurant, Cafeteria",Cafeteria,Restaurant,+91 97630 50046,"Lonavala Aamby Valley Rd, Kurvande, Maharashtra 410401",,Kurvande,410401,18.6987247,73.3862336,4.9,15,"https://search.google.com/local/reviews?placeid=ChIJm8yB2PYD6DsRdYqRT5dhtKA&q=restaurant,+410402,+Pune,+Maharashtra,+IN&authuser=0&hl=en&gl=IN",0,0,1,0,14,,,OPERATIONAL,"{""Service options"": {""Takeaway"": true, ""Dine-in"": true}, ""Offerings"": {""Vegetarian options only"": true}, ""Parking"": {""Free street parking"": true}}",,1,102766307524704237326,,,,"https://www.google.com/maps/place/Santosh+Snacks+03/@18.6987247,73.3862336,14z/data=!4m8!1m2!2m1!1sSantosh+Snacks+03!3m4!1s0x3be803f6d881cc9b:0xa0b461974f918a75!8m2!3d18.6987247!4d73.3862336","https://www.google.com/maps/place/Santosh+Snacks+03/@18.6987247,73.3862336,13.99z/data=!4m16!1m7!3m6!1s0x3be803f6d881cc9b:0xa0b461974f918a75!2sSantosh+Snacks+03!8m2!3d18.6987247!4d73.3862336!16s%2Fg%2F11ckvg1dmb!3m7!1s0x3be803f6d881cc9b:0xa0b461974f918a75!8m2!3d18.6987247!4d73.3862336!9m1!1b1!16s%2Fg%2F11ckvg1dmb?entry=ttu",ChIJm8yB2PYD6DsRdYqRT5dhtKA,0x3be803f6d881cc9b:0xa0b461974f918a75,1.15799878443793E+019,/g/11q951g634,-6866756229330269579
"restaurant, 410402, Pune, Maharashtra, IN",Panorama Cafe,"South Indian restaurant, Chinese restaurant",South Indian restaurant,South Indian restaurant,+91 2114 269 201,"Q96C+G8J, The Dukes Retreat, Pune Mumbai Road Lonavala, Pune, Maharashtra 410301",Khandala,"Pune, Kune N.m.",410301,18.7613305,73.3707766,4.2,73,"https://search.google.com/local/reviews?placeid=ChIJUbCqNdUG6DsRH0hjeq8rN6c&q=restaurant,+410402,+Pune,+Maharashtra,+IN&authuser=0&hl=en&gl=IN",3,1,12,19,38,"{""Monday"": ""7-10am,12:30-3:30pm,8-10:30pm"", ""Tuesday"": ""7-10am,12:30-3:30pm,8-10:30pm"", ""Wednesday"": ""7-10am,12:30-3:30pm,8-10:30pm"", ""Thursday"": ""7-10am,12:30-3:30pm,8-10:30pm"", ""Friday"": ""7-10am,12:30-3:30pm,8-10:30pm"", ""Saturday"": ""7-10am,12:30-3:30pm,8-10:30pm"", ""Sunday"": ""7-10am,12:30-3:30pm,8-10:30pm""}",,OPERATIONAL,"{""Service options"": {""Outdoor seating"": true, ""Takeaway"": true, ""Dine-in"": true}, ""Accessibility"": {""Wheelchair-accessible car park"": true}, ""Offerings"": {""All you can eat"": true, ""Coffee"": true, ""Small plates"": true, ""Cuisine"": true}, ""Dining options"": {""Breakfast"": true, ""Brunch"": true, ""Lunch"": true, ""Dinner"": true, ""Dessert"": true, ""Seating"": true}, ""Amenities"": {""Toilets"": true}, ""Atmosphere"": {""Casual"": true, ""Cozy"": true}, ""Crowd"": {""Groups"": true}, ""Planning"": {""Accepts reservations"": true}, ""Payments"": {""Credit cards"": true, ""Mobile Wallets"": true}, ""Children"": {""Good for kids"": true}, ""Parking"": {""Free street parking"": true}}",,0,,,,,"https://www.google.com/maps/place/Panorama+Cafe/@18.7613305,73.3707766,14z/data=!4m8!1m2!2m1!1sPanorama+Cafe!3m4!1s0x3be806d535aab051:0xa7372baf7a63481f!8m2!3d18.7613305!4d73.3707766","https://www.google.com/maps/place/Panorama+Cafe/@18.7613305,73.3707766,13.99z/data=!4m16!1m7!3m6!1s0x3be806d535aab051:0xa7372baf7a63481f!2sPanorama+Cafe!8m2!3d18.7613305!4d73.3707766!16s%2Fg%2F11ckvg1dmb!3m7!1s0x3be806d535aab051:0xa7372baf7a63481f!8m2!3d18.7613305!4d73.3707766!9m1!1b1!16s%2Fg%2F11ckvg1dmb?entry=ttu",ChIJUbCqNdUG6DsRH0hjeq8rN6c,0x3be806d535aab051:0xa7372baf7a63481f,1.20491473607257E+019,/g/11dxdb2rdl,-6397596712983902177
"restaurant, 410402, Pune, Maharashtra, IN",Tandoor & Grill,North Indian restaurant,North Indian restaurant,North Indian restaurant,+91 93562 10253,"Shop No 4/1, B32, opposite Ababil Plaza, next to Nyati Exotica, Nyati County, Mohammed Wadi, Pune, Maharashtra 411060","Nyati County, Mohammed Wadi",Pune,411060,18.4641516,73.9230584,4.9,36,"https://search.google.com/local/reviews?placeid=ChIJKzFL-YfrwjsRx3zh_evTOcU&q=restaurant,+410402,+Pune,+Maharashtra,+IN&authuser=0&hl=en&gl=IN",0,0,0,2,34,"{""Monday"": ""6-11pm"", ""Tuesday"": ""11am-3:30pm,6-11pm"", ""Wednesday"": ""11am-3:30pm,6-11pm"", ""Thursday"": ""6-11pm"", ""Friday"": ""11am-3:30pm,6-11pm"", ""Saturday"": ""11am-3:30pm,6-11pm"", ""Sunday"": ""11am-3:30pm,6-11pm""}",,OPERATIONAL,"{""From the business"": {""Identifies as women-owned"": true}, ""Service options"": {""Kerbside pickup"": true, ""No-contact delivery"": true, ""Delivery"": true, ""Drive-through"": true, ""Takeaway"": true, ""Dine-in"": true}, ""Offerings"": {""Halal food"": true, ""Small plates"": true, ""Vegetarian options"": true, ""Cuisine"": true, ""Dishes"": true}, ""Dining options"": {""Lunch"": true, ""Dinner"": true, ""Counter service"": true, ""Seating"": true}, ""Atmosphere"": {""Casual"": true}, ""Crowd"": {""Family friendly"": true, ""Groups"": true}, ""Payments"": {""Google Pay"": true, ""Mobile Wallets"": true}, ""Children"": {""Good for kids"": true}, ""Parking"": {""Free street parking"": true}, ""Other"": {""Identifies as women-owned"": true}}",,1,101871641101152328203,,https://www.swiggy.com/city/pune/tandoor-&-grill-road-mohammadwadi-undri-rest756071?utm_source=GooglePlaceOrder&utm_campaign=GoogleMap&is_retargeting=true&media_source=GooglePlaceOrder,https://www.swiggy.com/city/pune/tandoor-&-grill-road-mohammadwadi-undri-rest756071?utm_source=GooglePlaceOrder&utm_campaign=GoogleMap&is_retargeting=true&media_source=GooglePlaceOrder,"https://www.google.com/maps/place/Tandoor+%26+Grill/@18.464151599999997,73.9230584,14z/data=!4m8!1m2!2m1!1sTandoor+%26+Grill!3m4!1s0x3bc2eb87f94b312b:0xc539d3ebfde17cc7!8m2!3d18.464151599999997!4d73.9230584","https://www.google.com/maps/place/Tandoor+%26+Grill/@18.464151599999997,73.9230584,13.99z/data=!4m16!1m7!3m6!1s0x3bc2eb87f94b312b:0xc539d3ebfde17cc7!2sTandoor+%26+Grill!8m2!3d18.464151599999997!4d73.9230584!16s%2Fg%2F11ckvg1dmb!3m7!1s0x3bc2eb87f94b312b:0xc539d3ebfde17cc7!8m2!3d18.464151599999997!4d73.9230584!9m1!1b1!16s%2Fg%2F11ckvg1dmb?entry=ttu",ChIJKzFL-YfrwjsRx3zh_evTOcU,0x3bc2eb87f94b312b:0xc539d3ebfde17cc7,1.42116231096745E+019,/g/11krkwl69t,-4235120964035052345
"restaurant, 410402, Pune, Maharashtra, IN",Amritsari Tadka,"Punjabi restaurant, Grill, Chinese noodle restaurant, Chinese restaurant, Meal delivery, Non Vegetarian Restaurant, North Indian restaurant, Vegetarian restaurant",Punjabi restaurant,Punjabi restaurant,+91 81493 11511,"Shop No, A & B, La Foyer Society, Kad Nagar, Undri, Pune, Maharashtra 411060","Kad Nagar, Undri",Pune,411060,18.4592466,73.908641,3.9,407,"https://search.google.com/local/reviews?placeid=ChIJj6kLk37rwjsRRjrdxyQoE6E&q=restaurant,+410402,+Pune,+Maharashtra,+IN&authuser=0&hl=en&gl=IN",72,10,32,86,207,"{""Monday"": ""12-11pm"", ""Tuesday"": ""12-11pm"", ""Wednesday"": ""12-11pm"", ""Thursday"": ""12-11pm"", ""Friday"": ""12-11pm"", ""Saturday"": ""12-11pm"", ""Sunday"": ""12-11pm""}","[{""lunch"": {""Monday"": ""12:30-3:30 pm"", ""Tuesday"": ""12:30-3:30 pm"", ""Wednesday"": ""12:30-3:30 pm"", ""Thursday"": ""12:30-3:30 pm"", ""Friday"": ""12:30-3:30 pm"", ""Saturday"": ""12:30-3:30 pm"", ""Sunday"": ""12:30-3:30 pm""}}, {""dinner"": {""Monday"": ""7-11 pm"", ""Tuesday"": ""7-11 pm"", ""Wednesday"": ""7-11 pm"", ""Thursday"": ""7-11 pm"", ""Friday"": ""7-11 pm"", ""Saturday"": ""7-11 pm"", ""Sunday"": ""7-11 pm""}}]",OPERATIONAL,"{""From the business"": {""Identifies as women-owned"": true}, ""Service options"": {""Kerbside pickup"": true, ""No-contact delivery"": true, ""Delivery"": true, ""Takeaway"": true, ""Dine-in"": true}, ""Highlights"": {""Sport"": true}, ""Accessibility"": {""Wheelchair-accessible entrance"": false, ""Wheelchair-accessible seating"": false}, ""Offerings"": {""All you can eat"": true, ""Small plates"": true, ""Cuisine"": true, ""Dishes"": true}, ""Dining options"": {""Brunch"": true, ""Lunch"": true, ""Dinner"": true, ""Catering"": true, ""Counter service"": true, ""Dessert"": true, ""Seating"": true}, ""Amenities"": {""Toilets"": true}, ""Atmosphere"": {""Casual"": true}, ""Crowd"": {""Family friendly"": true, ""Groups"": true}, ""Payments"": {""Credit cards"": true, ""Debit cards"": true, ""Google Pay"": true, ""Meal coupons"": true, ""Mobile Wallets"": true, ""Pluxee"": true}, ""Children"": {""Good for kids"": true}, ""Parking"": {""Free street parking"": true, ""Parking"": true}, ""Other"": {""Identifies as women-owned"": true}}",,1,100619161382270906974,,https://amritsaritadka.petpooja.com/orders/menu,"https://amritsaritadka.petpooja.com/orders/menu, https://magicpin.in/Pune/Undri/Food/Amritsari-Tadka/store/920424/delivery/?utm_source=reserve_google&utm_campaign=starter_integration&utm_medium=delivery&rwg_token=AAiGsobVIpwKTovh0By53WCHSJo2y0Ej1iZAV6SFwQxInDmXEif6EYgL35ktEVxG5dZdmfoniliLmfbLNe88B-6PjeMZGein_vRUncgNP8KDDbhsl56326k%3D, https://www.swiggy.com/city/pune/amritsari-tadka-near-union-bank-undri-rest481443?utm_source=GooglePlaceOrder&utm_campaign=GoogleMap&is_retargeting=true&media_source=GooglePlaceOrder","https://www.google.com/maps/place/Amritsari+Tadka/@18.4592466,73.908641,14z/data=!4m8!1m2!2m1!1sAmritsari+Tadka!3m4!1s0x3bc2eb7e930ba98f:0xa1132824c7dd3a46!8m2!3d18.4592466!4d73.908641","https://www.google.com/maps/place/Amritsari+Tadka/@18.4592466,73.908641,13.99z/data=!4m16!1m7!3m6!1s0x3bc2eb7e930ba98f:0xa1132824c7dd3a46!2sAmritsari+Tadka!8m2!3d18.4592466!4d73.908641!16s%2Fg%2F11ckvg1dmb!3m7!1s0x3bc2eb7e930ba98f:0xa1132824c7dd3a46!8m2!3d18.4592466!4d73.908641!9m1!1b1!16s%2Fg%2F11ckvg1dmb?entry=ttu",ChIJj6kLk37rwjsRRjrdxyQoE6E,0x3bc2eb7e930ba98f:0xa1132824c7dd3a46,1.1606664803101E+019,/g/11pvgb2b78,-6840079270608553402
"restaurant, 410402, Pune, Maharashtra, IN",Rudra Garden-Family Restaurant,Family restaurant,restaurants,Family restaurant,,"FMW9+XR4, Temghar-Lavasa Rd, Pirangut, Maharashtra 412115",,Pirangut,412115,18.4973884,73.6695739,3.9,711,"https://search.google.com/local/reviews?placeid=ChIJu_j-wTu9wjsRrfmXwE13IZE&q=restaurant,+410402,+Pune,+Maharashtra,+IN&authuser=0&hl=en&gl=IN",61,44,129,183,294,"{""Monday"": ""10am-12am"", ""Tuesday"": ""10am-12am"", ""Wednesday"": ""10am-12am"", ""Thursday"": ""10am-12am"", ""Friday"": ""10am-12am"", ""Saturday"": ""10am-12am"", ""Sunday"": ""10am-12am""}",,OPERATIONAL,"{""Service options"": {""Outdoor seating"": true, ""Takeaway"": true, ""Dine-in"": true}, ""Accessibility"": {""Wheelchair-accessible seating"": false}, ""Offerings"": {""Alcohol"": true, ""All you can eat"": true, ""Beer"": true, ""Cocktails"": true, ""Coffee"": true, ""Halal food"": true, ""Late-night food"": true, ""Small plates"": true, ""Spirits"": true, ""Wine"": true}, ""Dining options"": {""Breakfast"": true, ""Lunch"": true, ""Dinner"": true, ""Catering"": true, ""Dessert"": true, ""Seating"": true}, ""Amenities"": {""Bar on site"": true, ""Toilets"": true}, ""Atmosphere"": {""Casual"": true, ""Cozy"": true}, ""Crowd"": {""Groups"": true}, ""Planning"": {""Accepts reservations"": true}, ""Payments"": {""Credit cards"": true, ""Mobile Wallets"": true}, ""Children"": {""Good for kids"": true, ""Kids' menu"": true}, ""Parking"": {""Free parking lot"": true, ""Free street parking"": true, ""Parking"": true}}",,0,,,,,"https://www.google.com/maps/place/Rudra+Garden-Family+Restaurant/@18.4973884,73.6695739,14z/data=!4m8!1m2!2m1!1sRudra+Garden-Family+Restaurant!3m4!1s0x3bc2bd3bc1fef8bb:0x9121774dc097f9ad!8m2!3d18.4973884!4d73.6695739","https://www.google.com/maps/place/Rudra+Garden-Family+Restaurant/@18.4973884,73.6695739,13.99z/data=!4m16!1m7!3m6!1s0x3bc2bd3bc1fef8bb:0x9121774dc097f9ad!2sRudra+Garden-Family+Restaurant!8m2!3d18.4973884!4d73.6695739!16s%2Fg%2F11ckvg1dmb!3m7!1s0x3bc2bd3bc1fef8bb:0x9121774dc097f9ad!8m2!3d18.4973884!4d73.6695739!9m1!1b1!16s%2Fg%2F11ckvg1dmb?entry=ttu",ChIJu_j-wTu9wjsRrfmXwE13IZE,0x3bc2bd3bc1fef8bb:0x9121774dc097f9ad,1.04577709855584E+019,/g/11cjpb6r3s,-7988973088151176787
"restaurant, 410402, Pune, Maharashtra, IN",Hotel Mauli Vadapav,Fast food restaurant,restaurants,Fast food restaurant,,"Q95Q+WCF police training, Old Mumbai - Pune Highway, Khandala, near Maharashtra, Arsiwalla Villa, Lonavala, Maharashtra 410403",Arsiwalla Villa,"Lonavala, Kune N.m.",410403,18.7598061,73.3885616,4.3,21,"https://search.google.com/local/reviews?placeid=ChIJww7sh-sB6DsR-AaoKS_5SDE&q=restaurant,+410402,+Pune,+Maharashtra,+IN&authuser=0&hl=en&gl=IN",1,1,2,3,14,"{""Monday"": ""6am-11pm"", ""Tuesday"": ""6am-11pm"", ""Wednesday"": ""6am-11pm"", ""Thursday"": ""6am-11pm"", ""Friday"": ""6am-11pm"", ""Saturday"": ""6am-11pm"", ""Sunday"": ""6am-11pm""}",,OPERATIONAL,"{""Service options"": {""Outdoor seating"": true, ""Drive-through"": true, ""Takeaway"": true, ""Dine-in"": true}, ""Offerings"": {""Coffee"": true, ""Dishes"": true}, ""Dining options"": {""Breakfast"": true, ""Seating"": true}, ""Atmosphere"": {""Casual"": true}, ""Crowd"": {""Groups"": true}, ""Children"": {""Good for kids"": true}, ""Parking"": {""Free street parking"": true}}",,0,,,,,"https://www.google.com/maps/place/Hotel+Mauli+Vadapav/@18.7598061,73.3885616,14z/data=!4m8!1m2!2m1!1sHotel+Mauli+Vadapav!3m4!1s0x3be801eb87ec0ec3:0x3148f92f29a806f8!8m2!3d18.7598061!4d73.3885616","https://www.google.com/maps/place/Hotel+Mauli+Vadapav/@18.7598061,73.3885616,13.99z/data=!4m16!1m7!3m6!1s0x3be801eb87ec0ec3:0x3148f92f29a806f8!2sHotel+Mauli+Vadapav!8m2!3d18.7598061!4d73.3885616!16s%2Fg%2F11ckvg1dmb!3m7!1s0x3be801eb87ec0ec3:0x3148f92f29a806f8!8m2!3d18.7598061!4d73.3885616!9m1!1b1!16s%2Fg%2F11ckvg1dmb?entry=ttu",ChIJww7sh-sB6DsR-AaoKS_5SDE,0x3be801eb87ec0ec3:0x3148f92f29a806f8,3.55136228713929E+018,/g/11fjtm18y4,3551362287139292920
"restaurant, 410402, Pune, Maharashtra, IN",Citrus Cafe by Lemon Tree,"Pan-Asian restaurant, Grill, Cafe, Family restaurant, Indian restaurant, Restaurant",restaurants,Pan-Asian restaurant,+91 86576 78825,"LEMON TREE HOTEL, Hinjewadi Phase 1 Rd, Phase 1, Hinjawadi Rajiv Gandhi Infotech Park, Hinjawadi, Pimpri-Chinchwad, Pune, Maharashtra 411057","Phase 1, Hinjawadi Rajiv Gandhi Infotech Park, Hinjawadi","Pimpri-Chinchwad, Pune",411057,18.5856528,73.7343987,4.1,279,"https://search.google.com/local/reviews?placeid=ChIJL0vBXui7wjsROTe_W9wsaFY&q=restaurant,+410402,+Pune,+Maharashtra,+IN&authuser=0&hl=en&gl=IN",14,10,41,88,126,"{""Monday"": ""7am-10pm"", ""Tuesday"": ""7am-10pm"", ""Wednesday"": ""7am-10pm"", ""Thursday"": ""7am-10pm"", ""Friday"": ""7am-10pm"", ""Saturday"": ""7am-10pm"", ""Sunday"": ""7am-10pm""}",,OPERATIONAL,"{""Service options"": {""Outdoor seating"": true, ""No-contact delivery"": true, ""Delivery"": true, ""On-site services"": true, ""Takeaway"": true, ""Dine-in"": true}, ""Accessibility"": {""Wheelchair-accessible car park"": true, ""Wheelchair-accessible entrance"": true, ""Wheelchair-accessible seating"": true, ""Wheelchair-accessible toilet"": true}, ""Offerings"": {""Alcohol"": true, ""All you can eat"": true, ""Beer"": true, ""Cocktails"": true, ""Coffee"": true, ""Small plates"": true, ""Spirits"": true, ""Vegan options"": true, ""Vegetarian options"": true, ""Wine"": true, ""Cuisine"": true, ""Dishes"": true}, ""Dining options"": {""Breakfast"": true, ""Brunch"": true, ""Lunch"": true, ""Dinner"": true, ""Catering"": true, ""Dessert"": true, ""Seating"": true}, ""Amenities"": {""Bar on site"": true, ""Toilets"": true}, ""Atmosphere"": {""Casual"": true, ""Cozy"": true}, ""Crowd"": {""Groups"": true}, ""Planning"": {""Accepts reservations"": true}, ""Payments"": {""Credit cards"": true, ""Mobile Wallets"": true}, ""Children"": {""Good for kids"": true}}",,1,112870694706567367873,https://www.zomato.com/pune/citrus-cafe-lemon-tree-hotel-hinjawadi/book?utm_source=rwg,https://www.zomato.com/pune/citrus-cafe-lemon-tree-hotel-hinjawadi/book?utm_source=rwg,https://www.zomato.com/pune/citrus-cafe-lemon-tree-hotel-hinjawadi/book?utm_source=rwg,"https://www.google.com/maps/place/Citrus+Cafe+by+Lemon+Tree/@18.5856528,73.7343987,14z/data=!4m8!1m2!2m1!1sCitrus+Cafe+by+Lemon+Tree!3m4!1s0x3bc2bbe85ec14b2f:0x56682cdc5bbf3739!8m2!3d18.5856528!4d73.7343987","https://www.google.com/maps/place/Citrus+Cafe+by+Lemon+Tree/@18.5856528,73.7343987,13.99z/data=!4m16!1m7!3m6!1s0x3bc2bbe85ec14b2f:0x56682cdc5bbf3739!2sCitrus+Cafe+by+Lemon+Tree!8m2!3d18.5856528!4d73.7343987!16s%2Fg%2F11ckvg1dmb!3m7!1s0x3bc2bbe85ec14b2f:0x56682cdc5bbf3739!8m2!3d18.5856528!4d73.7343987!9m1!1b1!16s%2Fg%2F11ckvg1dmb?entry=ttu",ChIJL0vBXui7wjsROTe_W9wsaFY,0x3bc2bbe85ec14b2f:0x56682cdc5bbf3739,6.2262758097834E+018,/g/1tkp3f8y,6226275809783396153
"restaurant, 410402, Pune, Maharashtra, IN",Hotel Pragati Family Restaurant,"Indian restaurant, Breakfast restaurant, Family restaurant, Hotel, Lunch restaurant, Maharashtrian Restaurant, Restaurant",restaurants,Indian restaurant,+91 99239 39722,"QH5V+22G, Old Mumbai -Pune Highway, Kanhe Phata,Tal, Dist, Maval, Pune, Maharashtra 412106",Maval,"Pune, Kanhe",412106,18.7575521,73.5925716,3.5,81,"https://search.google.com/local/reviews?placeid=ChIJ9aMkTjiswjsRx1TPcz20_Dk&q=restaurant,+410402,+Pune,+Maharashtra,+IN&authuser=0&hl=en&gl=IN",16,1,18,16,30,,,OPERATIONAL,"{""Service options"": {""Delivery"": true, ""Takeaway"": true, ""Dine-in"": true}, ""Offerings"": {""All you can eat"": true, ""Coffee"": true, ""Small plates"": true, ""Cuisine"": true}, ""Dining options"": {""Breakfast"": true, ""Lunch"": true, ""Dinner"": true}, ""Amenities"": {""Toilets"": true}, ""Atmosphere"": {""Casual"": true}, ""Crowd"": {""Groups"": true}, ""Children"": {""Good for kids"": true}, ""Parking"": {""Free parking lot"": true, ""Free street parking"": true}}",,0,,,,,"https://www.google.com/maps/place/Hotel+Pragati+Family+Restaurant/@18.757552099999998,73.5925716,14z/data=!4m8!1m2!2m1!1sHotel+Pragati+Family+Restaurant!3m4!1s0x3bc2ac384e24a3f5:0x39fcb43d73cf54c7!8m2!3d18.757552099999998!4d73.5925716","https://www.google.com/maps/place/Hotel+Pragati+Family+Restaurant/@18.757552099999998,73.5925716,13.99z/data=!4m16!1m7!3m6!1s0x3bc2ac384e24a3f5:0x39fcb43d73cf54c7!2sHotel+Pragati+Family+Restaurant!8m2!3d18.757552099999998!4d73.5925716!16s%2Fg%2F11ckvg1dmb!3m7!1s0x3bc2ac384e24a3f5:0x39fcb43d73cf54c7!8m2!3d18.757552099999998!4d73.5925716!9m1!1b1!16s%2Fg%2F11ckvg1dmb?entry=ttu",ChIJ9aMkTjiswjsRx1TPcz20_Dk,0x3bc2ac384e24a3f5:0x39fcb43d73cf54c7,4.17841273032195E+018,/g/11c6ld0d7j,4178412730321949895
"restaurant, 410402, Pune, Maharashtra, IN",Broccoli - Vegetarian Restaurant Lonavala,"Vegetarian restaurant, Breakfast restaurant, Restaurant",restaurants,Vegetarian restaurant,+91 96895 21111,"Meritas Picaddle Resort, 137 A, Old Mumbai - Pune Hwy, opp. Tata Power Plant, Lonavala, Maharashtra 410401","St.Stanislaus Villa, Khandala","Lonavala, Kune N.m.",410401,18.7497369,73.370317,4,497,"https://search.google.com/local/reviews?placeid=ChIJfQU7ghoB6DsRS8-HRMhkBBo&q=restaurant,+410402,+Pune,+Maharashtra,+IN&authuser=0&hl=en&gl=IN",39,17,72,156,213,"{""Monday"": ""8am-5pm,7-11:30pm"", ""Tuesday"": ""8am-5pm,7-11:30pm"", ""Wednesday"": ""8am-5pm,7-11:30pm"", ""Thursday"": ""8am-5pm,7-11:30pm"", ""Friday"": ""8am-5pm,7-11:30pm"", ""Saturday"": ""8am-5pm,7-11:30pm"", ""Sunday"": ""8am-5pm,7-11:30pm""}",,OPERATIONAL,"{""Service options"": {""No-contact delivery"": true, ""Delivery"": true, ""Takeaway"": true, ""Dine-in"": true}, ""Accessibility"": {""Wheelchair-accessible car park"": true, ""Wheelchair-accessible entrance"": true, ""Wheelchair-accessible seating"": true, ""Wheelchair-accessible toilet"": true}, ""Offerings"": {""Alcohol"": true, ""Coffee"": true, ""Small plates"": true, ""Vegan options"": true, ""Vegetarian options"": true, ""Vegetarian options only"": true, ""Cuisine"": true}, ""Dining options"": {""Breakfast"": true, ""Brunch"": true, ""Lunch"": true, ""Dinner"": true, ""Dessert"": true, ""Seating"": true}, ""Amenities"": {""Bar on site"": true, ""Toilets"": true}, ""Atmosphere"": {""Casual"": true, ""Cozy"": true}, ""Crowd"": {""Groups"": true}, ""Planning"": {""Accepts reservations"": true}, ""Payments"": {""Credit cards"": true, ""Debit cards"": true, ""Google Pay"": true, ""Mobile Wallets"": true}, ""Children"": {""Good for kids"": true, ""High chairs"": true}, ""Parking"": {""Free street parking"": true, ""Parking"": true, ""Valet parking"": true}}",Mixed fare eatery in the plush environs of a resort overlooking hills.,1,110464047782793190939,,,,"https://www.google.com/maps/place/Broccoli+-+Vegetarian+Restaurant+Lonavala/@18.7497369,73.370317,14z/data=!4m8!1m2!2m1!1sBroccoli+-+Vegetarian+Restaurant+Lonavala!3m4!1s0x3be8011a823b057d:0x1a0464c84487cf4b!8m2!3d18.7497369!4d73.370317","https://www.google.com/maps/place/Broccoli+-+Vegetarian+Restaurant+Lonavala/@18.7497369,73.370317,13.99z/data=!4m16!1m7!3m6!1s0x3be8011a823b057d:0x1a0464c84487cf4b!2sBroccoli+-+Vegetarian+Restaurant+Lonavala!8m2!3d18.7497369!4d73.370317!16s%2Fg%2F11ckvg1dmb!3m7!1s0x3be8011a823b057d:0x1a0464c84487cf4b!8m2!3d18.7497369!4d73.370317!9m1!1b1!16s%2Fg%2F11ckvg1dmb?entry=ttu",ChIJfQU7ghoB6DsRS8-HRMhkBBo,0x3be8011a823b057d:0x1a0464c84487cf4b,1.87473415619896E+018,/g/11c6vjf47j,1874734156198956875
"restaurant, 410402, Pune, Maharashtra, IN",Puran Da Dhaba,"Punjabi restaurant, Dhaba",Punjabi restaurant,Punjabi restaurant,+91 20 6647 1471,"The Pride Hotel, 5, University Rd, Narveer Tanaji Wadi, Shivajinagar, Pune, Maharashtra 411005","Narveer Tanaji Wadi, Shivajinagar",Pune,411005,18.5313392,73.8473082,3.9,196,"https://search.google.com/local/reviews?placeid=ChIJOVih0YDAwjsRAh3baAsD3PM&q=restaurant,+410402,+Pune,+Maharashtra,+IN&authuser=0&hl=en&gl=IN",24,13,25,38,96,"{""Monday"": ""7:30-10:30pm"", ""Tuesday"": ""7:30-10:30pm"", ""Wednesday"": ""7:30-10:30pm"", ""Thursday"": ""7:30-10:30pm"", ""Friday"": ""7:30-10:30pm"", ""Saturday"": ""7:30-10:30pm"", ""Sunday"": ""7:30-10:30pm""}",,OPERATIONAL,"{""Service options"": {""Outdoor seating"": true, ""No-contact delivery"": true, ""Delivery"": true, ""On-site services"": true, ""Takeaway"": true, ""Dine-in"": true}, ""Accessibility"": {""Wheelchair-accessible car park"": true, ""Wheelchair-accessible seating"": true}, ""Offerings"": {""Alcohol"": true, ""All you can eat"": true, ""Beer"": true, ""Cocktails"": true, ""Coffee"": true, ""Late-night food"": true, ""Small plates"": true, ""Spirits"": true, ""Vegan options"": true, ""Vegetarian options"": true, ""Wine"": true, ""Cuisine"": true, ""Dishes"": true}, ""Dining options"": {""Breakfast"": true, ""Lunch"": true, ""Dinner"": true, ""Dessert"": true, ""Seating"": true}, ""Amenities"": {""Toilets"": true}, ""Atmosphere"": {""Casual"": true, ""Cozy"": true}, ""Crowd"": {""Groups"": true}, ""Planning"": {""Accepts reservations"": true}, ""Payments"": {""Credit cards"": true, ""Mobile Wallets"": true}, ""Children"": {""Good for kids"": true, ""Good for kids birthday"": true}, ""Parking"": {""Free parking lot"": true}}","Traditional delicacies are served in this spacious, casual locale with a warm vibe.",1,116569535989628603302,"https://www.eazydiner.com/pune/puran-da-dhaba-the-pride-hotel-shivaji-nagar-501512, https://www.zomato.com/pune/puran-da-dhaba-pride-hotel-shivaji-nagar/book?utm_source=rwg",https://www.eazydiner.com/pune/puran-da-dhaba-the-pride-hotel-shivaji-nagar-501512,"https://www.eazydiner.com/pune/puran-da-dhaba-the-pride-hotel-shivaji-nagar-501512, https://www.zomato.com/pune/puran-da-dhaba-pride-hotel-shivaji-nagar/book?utm_source=rwg","https://www.google.com/maps/place/Puran+Da+Dhaba/@18.531339199999998,73.8473082,14z/data=!4m8!1m2!2m1!1sPuran+Da+Dhaba!3m4!1s0x3bc2c080d1a15839:0xf3dc030b68db1d02!8m2!3d18.531339199999998!4d73.8473082","https://www.google.com/maps/place/Puran+Da+Dhaba/@18.531339199999998,73.8473082,13.99z/data=!4m16!1m7!3m6!1s0x3bc2c080d1a15839:0xf3dc030b68db1d02!2sPuran+Da+Dhaba!8m2!3d18.531339199999998!4d73.8473082!16s%2Fg%2F11ckvg1dmb!3m7!1s0x3bc2c080d1a15839:0xf3dc030b68db1d02!8m2!3d18.531339199999998!4d73.8473082!9m1!1b1!16s%2Fg%2F11ckvg1dmb?entry=ttu",ChIJOVih0YDAwjsRAh3baAsD3PM,0x3bc2c080d1a15839:0xf3dc030b68db1d02,1.75719231936316E+019,/g/1ptx2zpx1,-874820880078004990
"restaurant, 410402, Pune, Maharashtra, IN",Navnath Tea Stall,Coffee shop,coffee shops,Coffee shop,,"Q95H+JH9, Old Mumbai - Pune Hwy, Khandala, Kune N.m., Maharashtra 410301",Khandala,Kune N.m.,410301,18.7590623,73.3789574,5,3,"https://search.google.com/local/reviews?placeid=ChIJaV653ckB6DsRHruNqfLT2YI&q=restaurant,+410402,+Pune,+Maharashtra,+IN&authuser=0&hl=en&gl=IN",0,0,0,0,3,,,OPERATIONAL,"{""Service options"": {""Takeaway"": true, ""Dine-in"": true}, ""Offerings"": {""Coffee"": true}, ""Atmosphere"": {""Casual"": true}, ""Crowd"": {""Groups"": true}, ""Children"": {""Good for kids"": true}, ""Parking"": {""Free street parking"": true}}",,0,,,,,"https://www.google.com/maps/place/Navnath+Tea+Stall/@18.7590623,73.37895739999999,14z/data=!4m8!1m2!2m1!1sNavnath+Tea+Stall!3m4!1s0x3be801c9ddb95e69:0x82d9d3f2a98dbb1e!8m2!3d18.7590623!4d73.37895739999999","https://www.google.com/maps/place/Navnath+Tea+Stall/@18.7590623,73.37895739999999,13.99z/data=!4m16!1m7!3m6!1s0x3be801c9ddb95e69:0x82d9d3f2a98dbb1e!2sNavnath+Tea+Stall!8m2!3d18.7590623!4d73.37895739999999!16s%2Fg%2F11ckvg1dmb!3m7!1s0x3be801c9ddb95e69:0x82d9d3f2a98dbb1e!8m2!3d18.7590623!4d73.37895739999999!9m1!1b1!16s%2Fg%2F11ckvg1dmb?entry=ttu",ChIJaV653ckB6DsRHruNqfLT2YI,0x3be801c9ddb95e69:0x82d9d3f2a98dbb1e,9.42880033405703E+018,/g/11t_k73tgh,-9017943739652523234
"restaurant, 410402, Pune, Maharashtra, IN",Kamats Hotel,"North Indian restaurant, Breakfast restaurant, Indian restaurant, South Indian restaurant, Vegetarian restaurant",North Indian restaurant,North Indian restaurant,,"Q95G+9J7, Khandala, Pune, Kune N.m., Maharashtra 410301",Khandala,"Pune, Kune N.m.",410301,18.758326,73.376544,3.4,6022,"https://search.google.com/local/reviews?placeid=ChIJm6cl4ysB6DsRtUHgjJb5tDA&q=restaurant,+410402,+Pune,+Maharashtra,+IN&authuser=0&hl=en&gl=IN",971,481,1312,1627,1631,"{""Monday"": ""7am-10pm"", ""Tuesday"": ""7am-10pm"", ""Wednesday"": ""7am-10pm"", ""Thursday"": ""7am-10pm"", ""Friday"": ""7am-10pm"", ""Saturday"": ""7am-10pm"", ""Sunday"": ""7am-10pm""}",,OPERATIONAL,"{""Service options"": {""Delivery"": true, ""Takeaway"": true, ""Dine-in"": true}, ""Accessibility"": {""Wheelchair-accessible car park"": true, ""Wheelchair-accessible seating"": true, ""Wheelchair-accessible toilet"": true}, ""Offerings"": {""Alcohol"": true, ""Coffee"": true, ""Small plates"": true, ""Vegan options"": true, ""Vegetarian options"": true, ""Cuisine"": true, ""Dishes"": true}, ""Dining options"": {""Breakfast"": true, ""Brunch"": true, ""Lunch"": true, ""Dinner"": true, ""Dessert"": true}, ""Atmosphere"": {""Casual"": true}, ""Crowd"": {""Groups"": true}, ""Planning"": {""Accepts reservations"": false}, ""Payments"": {""Credit cards"": true, ""Debit cards"": true}, ""Children"": {""Good for kids"": true}, ""Parking"": {""Free parking lot"": true, ""Free street parking"": true, ""Parking"": true}, ""Other"": {""Free breakfast"": true, ""Breakfast"": true, ""Wi-Fi"": true, ""Parking"": true, ""Star rating"": null}, ""Amenities"": {""Free breakfast"": true}}",,0,,,,,"https://www.google.com/maps/place/Kamats+Hotel/@18.758326,73.376544,14z/data=!4m8!1m2!2m1!1sKamats+Hotel!3m4!1s0x3be8012be325a79b:0x30b4f9968ce041b5!8m2!3d18.758326!4d73.376544","https://www.google.com/maps/place/Kamats+Hotel/@18.758326,73.376544,13.99z/data=!4m16!1m7!3m6!1s0x3be8012be325a79b:0x30b4f9968ce041b5!2sKamats+Hotel!8m2!3d18.758326!4d73.376544!16s%2Fg%2F11ckvg1dmb!3m7!1s0x3be8012be325a79b:0x30b4f9968ce041b5!8m2!3d18.758326!4d73.376544!9m1!1b1!16s%2Fg%2F11ckvg1dmb?entry=ttu",ChIJm6cl4ysB6DsRtUHgjJb5tDA,0x3be8012be325a79b:0x30b4f9968ce041b5,3.50970443463238E+018,/g/1tnk_wn2,3509704434632376757
"restaurant, 410402, Pune, Maharashtra, IN",pawana Garava Hotel,Indian restaurant,restaurants,Indian restaurant,+91 78753 99313,"MGP4+94P, Main Rd, near Government Irrigation Rest House, Pune, Pawnanagar, Maharashtra 410406",,"Pune, Pawnanagar",410406,18.6859696,73.5053396,4.2,52,"https://search.google.com/local/reviews?placeid=ChIJNdsiYqypwjsRIfCIZHJxIqQ&q=restaurant,+410402,+Pune,+Maharashtra,+IN&authuser=0&hl=en&gl=IN",1,5,7,11,28,"{""Monday"": ""10am-12am"", ""Tuesday"": ""10am-12am"", ""Wednesday"": ""10am-12am"", ""Thursday"": ""10am-12am"", ""Friday"": ""10am-12am"", ""Saturday"": ""10am-12am"", ""Sunday"": ""10am-12am""}",,OPERATIONAL,"{""Service options"": {""Takeaway"": true, ""Dine-in"": true}, ""Offerings"": {""Small plates"": true}, ""Dining options"": {""Lunch"": true, ""Dinner"": true}, ""Atmosphere"": {""Casual"": true}, ""Crowd"": {""Groups"": true}, ""Children"": {""Good for kids"": true}, ""Parking"": {""Free street parking"": true}}",,0,,,,,"https://www.google.com/maps/place/pawana+Garava+Hotel/@18.6859696,73.5053396,14z/data=!4m8!1m2!2m1!1spawana+Garava+Hotel!3m4!1s0x3bc2a9ac6222db35:0xa42271726488f021!8m2!3d18.6859696!4d73.5053396","https://www.google.com/maps/place/pawana+Garava+Hotel/@18.6859696,73.5053396,13.99z/data=!4m16!1m7!3m6!1s0x3bc2a9ac6222db35:0xa42271726488f021!2spawana+Garava+Hotel!8m2!3d18.6859696!4d73.5053396!16s%2Fg%2F11ckvg1dmb!3m7!1s0x3bc2a9ac6222db35:0xa42271726488f021!8m2!3d18.6859696!4d73.5053396!9m1!1b1!16s%2Fg%2F11ckvg1dmb?entry=ttu",ChIJNdsiYqypwjsRIfCIZHJxIqQ,0x3bc2a9ac6222db35:0xa42271726488f021,1.18271403075553E+019,/g/11ggr4v0bs,-6619603766154301407
"restaurant, 410402, Pune, Maharashtra, IN",Hotel Wada By Gavran Tadka,"North Indian restaurant, Children's party service, Chinese restaurant, Dhaba, Family restaurant, Indian restaurant, Maharashtrian Restaurant, Non Vegetarian Restaurant, Punjabi restaurant",North Indian restaurant,North Indian restaurant,+91 77750 66688,"Bengaluru - Mumbai Hwy, near Pashan - Sus Road, Sutarwadi, Pashan, Pune, Maharashtra 411021","Sutarwadi, Pashan",Pune,411021,18.5436612,73.7763111,4.2,8722,"https://search.google.com/local/reviews?placeid=ChIJyfxj-qu_wjsRXAYL3WXEgi4&q=restaurant,+410402,+Pune,+Maharashtra,+IN&authuser=0&hl=en&gl=IN",803,335,753,1573,5258,"{""Monday"": ""12-11:55pm"", ""Tuesday"": ""12-11:55pm"", ""Wednesday"": ""12pm-12am"", ""Thursday"": ""12pm-12am"", ""Friday"": ""12pm-12am"", ""Saturday"": ""12-11:55pm"", ""Sunday"": ""12-11:55pm""}",,OPERATIONAL,"{""Service options"": {""Outdoor seating"": true, ""Kerbside pickup"": true, ""No-contact delivery"": true, ""Delivery"": true, ""Drive-through"": true, ""Takeaway"": true, ""Dine-in"": true}, ""Highlights"": {""Sport"": true}, ""Accessibility"": {""Wheelchair-accessible car park"": true, ""Wheelchair-accessible entrance"": true, ""Wheelchair-accessible seating"": true}, ""Offerings"": {""All you can eat"": true, ""Braille menu"": true, ""Halal food"": true, ""Late-night food"": true, ""Organic dishes"": true, ""Private dining room"": true, ""Salad bar"": true, ""Small plates"": true, ""Vegetarian options"": true, ""Cuisine"": true, ""Dishes"": true}, ""Dining options"": {""Lunch"": true, ""Dinner"": true, ""Catering"": true, ""Counter service"": true, ""Dessert"": true, ""Seating"": true}, ""Amenities"": {""Toilets"": true, ""Wi-Fi"": true}, ""Atmosphere"": {""Casual"": true, ""Cozy"": true}, ""Crowd"": {""Family friendly"": true, ""Groups"": true, ""LGBTQ+ friendly"": true}, ""Planning"": {""Reservations required"": true, ""Accepts reservations"": true}, ""Payments"": {""Credit cards"": true, ""Debit cards"": true, ""Google Pay"": true, ""Mobile Wallets"": true}, ""Children"": {""Good for kids"": true, ""High chairs"": true, ""Kids' menu"": true}, ""Parking"": {""Free parking lot"": true, ""Free street parking"": true, ""Parking"": true}, ""Other"": {""LGBTQ+ friendly"": true}}",,1,108878615667024056210,http://wa.me/+917775066688,http://wa.me/+917775066688,"http://wa.me/+917775066688, https://www.swiggy.com/city/pune/wada-by-hotel-gavran-tadka-pashan-baner-rest389601?utm_source=GooglePlaceOrder&utm_campaign=GoogleMap&is_retargeting=true&media_source=GooglePlaceOrder","https://www.google.com/maps/place/Hotel+Wada+By+Gavran+Tadka/@18.5436612,73.7763111,14z/data=!4m8!1m2!2m1!1sHotel+Wada+By+Gavran+Tadka!3m4!1s0x3bc2bfabfa63fcc9:0x2e82c465dd0b065c!8m2!3d18.5436612!4d73.7763111","https://www.google.com/maps/place/Hotel+Wada+By+Gavran+Tadka/@18.5436612,73.7763111,13.99z/data=!4m16!1m7!3m6!1s0x3bc2bfabfa63fcc9:0x2e82c465dd0b065c!2sHotel+Wada+By+Gavran+Tadka!8m2!3d18.5436612!4d73.7763111!16s%2Fg%2F11ckvg1dmb!3m7!1s0x3bc2bfabfa63fcc9:0x2e82c465dd0b065c!8m2!3d18.5436612!4d73.7763111!9m1!1b1!16s%2Fg%2F11ckvg1dmb?entry=ttu",ChIJyfxj-qu_wjsRXAYL3WXEgi4,0x3bc2bfabfa63fcc9:0x2e82c465dd0b065c,3.3514570144963E+018,/g/11f85z137_,3351457014496298588
"restaurant, 410402, Pune, Maharashtra, IN",ॐ साई रॅनक्स सेंटर ॲण्ड खानावळ,Restaurant,restaurants,Restaurant,+91 90495 87400,"QF6J+Q4W, Ekvira Devi Rd, Karla, Maharashtra 410405",,Karla,410405,18.7619918,73.4803173,4.4,7,"https://search.google.com/local/reviews?placeid=ChIJE-DJhGWqwjsRdzTBwJEt_BY&q=restaurant,+410402,+Pune,+Maharashtra,+IN&authuser=0&hl=en&gl=IN",0,1,0,1,5,,,OPERATIONAL,"{""Service options"": {""Drive-through"": true, ""Takeaway"": true, ""Dine-in"": true}, ""Offerings"": {""Small plates"": true}, ""Dining options"": {""Breakfast"": true, ""Lunch"": true, ""Dinner"": true}, ""Crowd"": {""Groups"": true}, ""Children"": {""Good for kids"": true}, ""Parking"": {""Free street parking"": true}}",,0,,,,,"https://www.google.com/maps/place/%E0%A5%90+%E0%A4%B8%E0%A4%BE%E0%A4%88+%E0%A4%B0%E0%A5%85%E0%A4%A8%E0%A4%95%E0%A5%8D%E0%A4%B8+%E0%A4%B8%E0%A5%87%E0%A4%82%E0%A4%9F%E0%A4%B0+%E0%A5%B2%E0%A4%A3%E0%A5%8D%E0%A4%A1+%E0%A4%96%E0%A4%BE%E0%A4%A8%E0%A4%BE%E0%A4%B5%E0%A4%B3/@18.7619918,73.4803173,14z/data=!4m8!1m2!2m1!1s%E0%A5%90+%E0%A4%B8%E0%A4%BE%E0%A4%88+%E0%A4%B0%E0%A5%85%E0%A4%A8%E0%A4%95%E0%A5%8D%E0%A4%B8+%E0%A4%B8%E0%A5%87%E0%A4%82%E0%A4%9F%E0%A4%B0+%E0%A5%B2%E0%A4%A3%E0%A5%8D%E0%A4%A1+%E0%A4%96%E0%A4%BE%E0%A4%A8%E0%A4%BE%E0%A4%B5%E0%A4%B3!3m4!1s0x3bc2aa6584c9e013:0x16fc2d91c0c13477!8m2!3d18.7619918!4d73.4803173","https://www.google.com/maps/place/%E0%A5%90+%E0%A4%B8%E0%A4%BE%E0%A4%88+%E0%A4%B0%E0%A5%85%E0%A4%A8%E0%A4%95%E0%A5%8D%E0%A4%B8+%E0%A4%B8%E0%A5%87%E0%A4%82%E0%A4%9F%E0%A4%B0+%E0%A5%B2%E0%A4%A3%E0%A5%8D%E0%A4%A1+%E0%A4%96%E0%A4%BE%E0%A4%A8%E0%A4%BE%E0%A4%B5%E0%A4%B3/@18.7619918,73.4803173,13.99z/data=!4m16!1m7!3m6!1s0x3bc2aa6584c9e013:0x16fc2d91c0c13477!2s%E0%A5%90+%E0%A4%B8%E0%A4%BE%E0%A4%88+%E0%A4%B0%E0%A5%85%E0%A4%A8%E0%A4%95%E0%A5%8D%E0%A4%B8+%E0%A4%B8%E0%A5%87%E0%A4%82%E0%A4%9F%E0%A4%B0+%E0%A5%B2%E0%A4%A3%E0%A5%8D%E0%A4%A1+%E0%A4%96%E0%A4%BE%E0%A4%A8%E0%A4%BE%E0%A4%B5%E0%A4%B3!8m2!3d18.7619918!4d73.4803173!16s%2Fg%2F11ckvg1dmb!3m7!1s0x3bc2aa6584c9e013:0x16fc2d91c0c13477!8m2!3d18.7619918!4d73.4803173!9m1!1b1!16s%2Fg%2F11ckvg1dmb?entry=ttu",ChIJE-DJhGWqwjsRdzTBwJEt_BY,0x3bc2aa6584c9e013:0x16fc2d91c0c13477,1.6562488669929E+018,/g/11jsp2rxfz,1656248866992895095
"restaurant, 410402, Pune, Maharashtra, IN",Bhajan Singh Da Dhaba,"North Indian restaurant, Dhaba",North Indian restaurant,North Indian restaurant,+91 80 4803 3781,"Toll Plaza, Old Mumbai - Pune Hwy, near Somatane Phata, Varsoli, Talegaon Dabhade, Maharashtra 410506",Varsoli,Talegaon Dabhade,410506,18.7005185,73.6933449,3.7,6721,"https://search.google.com/local/reviews?placeid=ChIJt_c3yKyxwjsRIK3kdLIuju4&q=restaurant,+410402,+Pune,+Maharashtra,+IN&authuser=0&hl=en&gl=IN",751,463,1300,2037,2170,"{""Monday"": ""11am-1am"", ""Tuesday"": ""11am-1am"", ""Wednesday"": ""11am-1am"", ""Thursday"": ""11am-1am"", ""Friday"": ""11am-1am"", ""Saturday"": ""11am-1am"", ""Sunday"": ""11am-1am""}",,OPERATIONAL,"{""Service options"": {""Outdoor seating"": true, ""Kerbside pickup"": true, ""No-contact delivery"": true, ""Delivery"": true, ""Drive-through"": true, ""Takeaway"": true, ""Dine-in"": true}, ""Highlights"": {""Live music"": true, ""Sport"": true}, ""Offerings"": {""Alcohol"": true, ""All you can eat"": true, ""Beer"": true, ""Cocktails"": true, ""Coffee"": true, ""Halal food"": true, ""Happy-hour drinks"": true, ""Happy-hour food"": true, ""Late-night food"": true, ""Organic dishes"": true, ""Salad bar"": true, ""Small plates"": true, ""Spirits"": true, ""Vegan options"": true, ""Vegetarian options"": true, ""Wine"": true, ""Cuisine"": true}, ""Dining options"": {""Brunch"": true, ""Lunch"": true, ""Dinner"": true, ""Dessert"": true, ""Seating"": true}, ""Amenities"": {""Bar on site"": true, ""Gender-neutral toilets"": true, ""Toilets"": true, ""Wi-Fi"": true}, ""Atmosphere"": {""Casual"": true, ""Cozy"": true}, ""Crowd"": {""Family friendly"": true, ""Groups"": true}, ""Planning"": {""Accepts reservations"": true}, ""Payments"": {""Credit cards"": true, ""Debit cards"": true, ""Google Pay"": true, ""Mobile Wallets"": true}, ""Children"": {""Good for kids"": true, ""Good for kids birthday"": true, ""Kids' menu"": true}, ""Parking"": {""Free parking lot"": true, ""Free street parking"": true, ""Parking"": true}}",,1,106404476687240997456,,"https://www.google.com/maps/reserve/v/dine/c/7PhH5nyMCU8?source=pa&opi=79508299&hl=en-IN&gei=2RGjZ4baNp7V1sQP6-6rwAk&sourceurl=https://www.google.com/search?tbm%3Dmap%26authuser%3D0%26hl%3Den%26gl%3Din%26pb%3D!4m9!1m3!1d78407.664346031277!2d103.7703093!3d1.3351358!2m0!3m2!1i719!2i1089!4f13.1!7i20!8i60!10b1!12m10!1m1!18b1!2m3!5m1!6e2!20e3!10b1!16b1!17m1!3e1!19m4!2m3!1i360!2i120!4i8!20m57!2m2!1i203!2i100!3m2!2i4!5b1!6m6!1m2!1i86!2i86!1m2!1i408!2i240!7m42!1m3!1e1!2b0!3e3!1m3!1e2!2b1!3e2!1m3!1e2!2b0!3e3!1m3!1e8!2b0!3e3!1m3!1e10!2b0!3e3!1m3!1e10!2b1!3e2!1m3!1e9!2b1!3e2!1m3!1e10!2b0!3e3!1m3!1e10!2b1!3e2!1m3!1e10!2b0!3e4!2b1!4b1!9b0!22m2!1sOfvlYiiaJjT4LdP4mWln1n!7e81!24m75!1m25!13m9!2b1!3b1!4b1!6i1!8b1!9b1!14b1!20b1!25b1!18m14!3b1!4b1!5b1!6b1!9b1!12b1!13b1!14b1!15b1!17b1!20b1!21b1!22b0!25b0!2b1!5m5!2b1!3b1!5b1!6b1!7b1!10m1!8e3!11m1!3e1!14m1!3b1!17b1!20m2!1e3!1e6!24b1!25b1!26b1!29b1!30m1!2b1!36b1!39m3!2m2!2i1!3i1!43b1!52b1!54m1!1b1!55b1!56m2!1b1!3b1!65m5!3m4!1m3!1m2!1i224!2i298!71b1!72m4!1m2!3b1!5b1!4b1!89b1!26m4!2m3!1i80!2i92!4i8!30m28!1m6!1m2!1i0!2i0!2m2!1i458!2i1089!1m6!1m2!1i669!2i0!2m2!1i719!2i1089!1m6!1m2!1i0!2i0!2m2!1i719!2i20!1m6!1m2!1i0!2i1069!2m2!1i719!2i1089!34m18!2b1!3b1!4b1!6b1!8m6!1b1!3b1!4b1!5b1!6b1!7b1!9b1!12b1!14b1!20b1!23b1!25b1!26b1!37m1!1e81!42b1!46m1!1e9!47m0!49m5!3b1!6m1!1b1!7m1!1e3!50m44!1m39!2m7!1u3!4sOpen%2Bnow!5e1!9s0ahUKEwC5TfW0VPfKon6jDvMQlyEgDPWPqoPsuKEIKBg!10m2!3m1!1e1!2m7!1u2!4sTop%2Brated!5e1!9s0ahUKEwC5TfW0VPfKon6jDvMQlyEgDPWPqoPsuKIIKBk!10m2!2m1!1e1!2m7!1u1!4sCheap!5e1!9s0ahUKEwC5TfW0VPfKon6jDvMQlyEgDPWPqoPsuKMIKBo!10m2!1m1!1e1!2m7!1u1!4sUpscale!5e1!9s0ahUKEwC5TfW0VPfKon6jDvMQlyEgDPWPqoPsuKQIKBs!10m2!1m1!1e2!3m1!1u3!3m1!1u2!3m1!1u1!4BIAE!2e2!3m2!1b1!3b1!59BQ2dBd0Fn!61b1!67m2!7b1!10b1!69i629%26q%3Drestaurant,%2B410402,%2BPune,%2BMaharashtra,%2BIN%26ech%3D3%26psi%3DOfvlYiiaJjT4LdP4mWln1n.1738740177424.1",,"https://www.google.com/maps/place/Bhajan+Singh+Da+Dhaba/@18.700518499999998,73.6933449,14z/data=!4m8!1m2!2m1!1sBhajan+Singh+Da+Dhaba!3m4!1s0x3bc2b1acc837f7b7:0xee8e2eb274e4ad20!8m2!3d18.700518499999998!4d73.6933449","https://www.google.com/maps/place/Bhajan+Singh+Da+Dhaba/@18.700518499999998,73.6933449,13.99z/data=!4m16!1m7!3m6!1s0x3bc2b1acc837f7b7:0xee8e2eb274e4ad20!2sBhajan+Singh+Da+Dhaba!8m2!3d18.700518499999998!4d73.6933449!16s%2Fg%2F11ckvg1dmb!3m7!1s0x3bc2b1acc837f7b7:0xee8e2eb274e4ad20!8m2!3d18.700518499999998!4d73.6933449!9m1!1b1!16s%2Fg%2F11ckvg1dmb?entry=ttu",ChIJt_c3yKyxwjsRIK3kdLIuju4,0x3bc2b1acc837f7b7:0xee8e2eb274e4ad20,1.718972817172E+019,/g/124yly6l3,-1257015901989589728
"restaurant, 410402, Pune, Maharashtra, IN",Hotel Atul,"Indian restaurant, Breakfast restaurant",restaurants,Indian restaurant,+91 90115 64522,"R9GV+7W2, Udhewadi, Maharashtra 410405",,Udhewadi,410405,18.8256267,73.3947536,4.3,66,"https://search.google.com/local/reviews?placeid=ChIJX_F3gT3-5zsRs9uIngc_484&q=restaurant,+410402,+Pune,+Maharashtra,+IN&authuser=0&hl=en&gl=IN",2,2,7,17,38,"{""Monday"": ""9am-9pm"", ""Tuesday"": ""9am-9pm"", ""Wednesday"": ""9am-9pm"", ""Thursday"": ""9am-9pm"", ""Friday"": ""9am-9pm"", ""Saturday"": ""9am-11pm"", ""Sunday"": ""9am-11pm""}",,OPERATIONAL,"{""Service options"": {""Takeaway"": true, ""Dine-in"": true}, ""Offerings"": {""Coffee"": true, ""Small plates"": true}, ""Dining options"": {""Breakfast"": true, ""Lunch"": true, ""Dinner"": true}, ""Atmosphere"": {""Casual"": true}, ""Crowd"": {""Groups"": true}, ""Children"": {""Good for kids"": true}, ""Parking"": {""Free street parking"": true}}",,0,,,,,"https://www.google.com/maps/place/Hotel+Atul/@18.8256267,73.3947536,14z/data=!4m8!1m2!2m1!1sHotel+Atul!3m4!1s0x3be7fe3d8177f15f:0xcee33f079e88dbb3!8m2!3d18.8256267!4d73.3947536","https://www.google.com/maps/place/Hotel+Atul/@18.8256267,73.3947536,13.99z/data=!4m16!1m7!3m6!1s0x3be7fe3d8177f15f:0xcee33f079e88dbb3!2sHotel+Atul!8m2!3d18.8256267!4d73.3947536!16s%2Fg%2F11ckvg1dmb!3m7!1s0x3be7fe3d8177f15f:0xcee33f079e88dbb3!8m2!3d18.8256267!4d73.3947536!9m1!1b1!16s%2Fg%2F11ckvg1dmb?entry=ttu",ChIJX_F3gT3-5zsRs9uIngc_484,0x3be7fe3d8177f15f:0xcee33f079e88dbb3,1.49078284934836E+019,/g/11c12q67td,-3538915580225987661
"restaurant, 410402, Pune, Maharashtra, IN",Shivling Darshan Tiger point snacks center,Coffee shop,coffee shops,Coffee shop,,"M9PP+MVX, Kurvande, Maharashtra 412108",,Kurvande,412108,18.6867445,73.387248,5,2,"https://search.google.com/local/reviews?placeid=ChIJS0xlW_UD6DsRknmnJ57R5_o&q=restaurant,+410402,+Pune,+Maharashtra,+IN&authuser=0&hl=en&gl=IN",0,0,0,0,2,,,OPERATIONAL,"{""Service options"": {""Takeaway"": true, ""Dine-in"": true}, ""Offerings"": {""Coffee"": true, ""Small plates"": true}, ""Atmosphere"": {""Casual"": true}, ""Crowd"": {""Groups"": true}, ""Payments"": {""Mobile Wallets"": true}, ""Children"": {""Good for kids"": true}, ""Parking"": {""Free street parking"": true}}",,0,,,,,"https://www.google.com/maps/place/Shivling+Darshan+Tiger+point+snacks+center/@18.6867445,73.387248,14z/data=!4m8!1m2!2m1!1sShivling+Darshan+Tiger+point+snacks+center!3m4!1s0x3be803f55b654c4b:0xfae7d19e27a77992!8m2!3d18.6867445!4d73.387248","https://www.google.com/maps/place/Shivling+Darshan+Tiger+point+snacks+center/@18.6867445,73.387248,13.99z/data=!4m16!1m7!3m6!1s0x3be803f55b654c4b:0xfae7d19e27a77992!2sShivling+Darshan+Tiger+point+snacks+center!8m2!3d18.6867445!4d73.387248!16s%2Fg%2F11ckvg1dmb!3m7!1s0x3be803f55b654c4b:0xfae7d19e27a77992!8m2!3d18.6867445!4d73.387248!9m1!1b1!16s%2Fg%2F11ckvg1dmb?entry=ttu",ChIJS0xlW_UD6DsRknmnJ57R5_o,0x3be803f55b654c4b:0xfae7d19e27a77992,1.80796497063025E+019,/g/11lsz3w76y,-367094367407081070
"restaurant, 410402, Pune, Maharashtra, IN",Shahi Bhoj Thali Restaurant,North Indian restaurant,North Indian restaurant,North Indian restaurant,+91 77220 20077,"573/7 Beside Chhatrapati Sambhaji Garden, Ground Floor Hotel Sapna, Jangali Maharaj Rd, Pune, Maharashtra 411004",Shivajinagar,Pune,411004,18.51984,73.8460006,4.1,2065,"https://search.google.com/local/reviews?placeid=ChIJWaIsG0K_wjsRvHJZu0bacnc&q=restaurant,+410402,+Pune,+Maharashtra,+IN&authuser=0&hl=en&gl=IN",169,65,193,577,1061,"{""Monday"": ""12-3:30pm,7-10:30pm"", ""Tuesday"": ""12-3:30pm,7-10:30pm"", ""Wednesday"": ""12-3:30pm,7-10:30pm"", ""Thursday"": ""12-3:30pm,7-10:30pm"", ""Friday"": ""12-3:30pm,7-10:30pm"", ""Saturday"": ""12-3:30pm,7-10:30pm"", ""Sunday"": ""12-3:30pm,7-10:30pm""}",,OPERATIONAL,"{""Service options"": {""No-contact delivery"": true, ""Delivery"": true, ""Takeaway"": true, ""Dine-in"": true}, ""Accessibility"": {""Wheelchair-accessible entrance"": true, ""Wheelchair-accessible seating"": true, ""Wheelchair-accessible toilet"": true}, ""Offerings"": {""All you can eat"": true, ""Organic dishes"": true, ""Vegan options"": true, ""Vegetarian options"": true, ""Vegetarian options only"": true, ""Cuisine"": true}, ""Dining options"": {""Lunch"": true, ""Dinner"": true, ""Catering"": true, ""Dessert"": true}, ""Amenities"": {""Toilets"": true}, ""Atmosphere"": {""Casual"": true}, ""Crowd"": {""Family friendly"": true, ""Groups"": true}, ""Planning"": {""Accepts reservations"": true}, ""Payments"": {""Credit cards"": true, ""Mobile Wallets"": true}, ""Children"": {""Good for kids"": true, ""Good for kids birthday"": true, ""Kids' menu"": true}, ""Parking"": {""Free parking lot"": true, ""Free street parking"": true, ""Valet parking"": true}}","Warm, classically furnished restaurant serving Chinese & local dishes, plus desserts.",1,105780385892073212457,"https://api.whatsapp.com/send/?phone=919049999922&text=Hi+Thank+You+For+Contacting+SHAHIBHOJ%21+How+Can+We+Help+You%3F&app_absent=0, https://www.zomato.com/pune/shahi-bhoj-thali-restaurant-jm-road/book?utm_source=rwg",https://api.whatsapp.com/send/?phone=919049999922&text=Hi+Thank+You+For+Contacting+SHAHIBHOJ%21+How+Can+We+Help+You%3F&app_absent=0,"https://api.whatsapp.com/send/?phone=919049999922&text=Hi+Thank+You+For+Contacting+SHAHIBHOJ%21+How+Can+We+Help+You%3F&app_absent=0, https://www.zomato.com/pune/shahi-bhoj-thali-restaurant-jm-road/book?utm_source=rwg","https://www.google.com/maps/place/Shahi+Bhoj+Thali+Restaurant/@18.51984,73.8460006,14z/data=!4m8!1m2!2m1!1sShahi+Bhoj+Thali+Restaurant!3m4!1s0x3bc2bf421b2ca259:0x7772da46bb5972bc!8m2!3d18.51984!4d73.8460006","https://www.google.com/maps/place/Shahi+Bhoj+Thali+Restaurant/@18.51984,73.8460006,13.99z/data=!4m16!1m7!3m6!1s0x3bc2bf421b2ca259:0x7772da46bb5972bc!2sShahi+Bhoj+Thali+Restaurant!8m2!3d18.51984!4d73.8460006!16s%2Fg%2F11ckvg1dmb!3m7!1s0x3bc2bf421b2ca259:0x7772da46bb5972bc!8m2!3d18.51984!4d73.8460006!9m1!1b1!16s%2Fg%2F11ckvg1dmb?entry=ttu",ChIJWaIsG0K_wjsRvHJZu0bacnc,0x3bc2bf421b2ca259:0x7772da46bb5972bc,8.60718183518421E+018,/g/11h6qkvnvq,8607181835184206524
"restaurant, 410402, Pune, Maharashtra, IN",Hotel Kal Bhairav,Indian restaurant,restaurants,Indian restaurant,,"Sri Kal Bhairav DeviSthan Rd, Karandoli, Waksai, Maharashtra 410401",,"Karandoli, Waksai",410401,18.7621444,73.452428,3.8,64,"https://search.google.com/local/reviews?placeid=ChIJl5sLMc4B6DsRT5vYcLUjehQ&q=restaurant,+410402,+Pune,+Maharashtra,+IN&authuser=0&hl=en&gl=IN",11,2,9,12,30,"{""Monday"": ""7am-11pm"", ""Tuesday"": ""7am-11pm"", ""Wednesday"": ""7am-11pm"", ""Thursday"": ""7am-11pm"", ""Friday"": ""7am-11pm"", ""Saturday"": ""7am-11pm"", ""Sunday"": ""7am-11pm""}",,OPERATIONAL,"{""Service options"": {""Takeaway"": true, ""Dine-in"": true}, ""Offerings"": {""Coffee"": true, ""Small plates"": true}, ""Dining options"": {""Lunch"": true}, ""Atmosphere"": {""Casual"": true}, ""Crowd"": {""Groups"": true}, ""Planning"": {""Accepts reservations"": false}, ""Children"": {""Good for kids"": true}, ""Parking"": {""Free street parking"": true}}",,1,105970618777760115682,,,,"https://www.google.com/maps/place/Hotel+Kal+Bhairav/@18.7621444,73.452428,14z/data=!4m8!1m2!2m1!1sHotel+Kal+Bhairav!3m4!1s0x3be801ce310b9b97:0x147a23b570d89b4f!8m2!3d18.7621444!4d73.452428","https://www.google.com/maps/place/Hotel+Kal+Bhairav/@18.7621444,73.452428,13.99z/data=!4m16!1m7!3m6!1s0x3be801ce310b9b97:0x147a23b570d89b4f!2sHotel+Kal+Bhairav!8m2!3d18.7621444!4d73.452428!16s%2Fg%2F11ckvg1dmb!3m7!1s0x3be801ce310b9b97:0x147a23b570d89b4f!8m2!3d18.7621444!4d73.452428!9m1!1b1!16s%2Fg%2F11ckvg1dmb?entry=ttu",ChIJl5sLMc4B6DsRT5vYcLUjehQ,0x3be801ce310b9b97:0x147a23b570d89b4f,1.47553109010656E+018,/g/11csr6gf3b,1475531090106555215
"restaurant, 410402, Pune, Maharashtra, IN",Nirdhaar,Holiday home,Holiday home,Holiday home,,"345, A Atre Rd, St.Stanislaus Villa, Khandala, Kune N.m., Maharashtra 410301","St.Stanislaus Villa, Khandala",Kune N.m.,410301,18.7536255,73.3768464,4.2,86,"https://search.google.com/local/reviews?placeid=ChIJOYeGdS4B6DsRejp7gZnGxYY&q=restaurant,+410402,+Pune,+Maharashtra,+IN&authuser=0&hl=en&gl=IN",2,4,11,23,46,,,OPERATIONAL,{},,0,,,,,"https://www.google.com/maps/place/Nirdhaar/@18.7536255,73.37684639999999,14z/data=!4m8!1m2!2m1!1sNirdhaar!3m4!1s0x3be8012e75868739:0x86c5c699817b3a7a!8m2!3d18.7536255!4d73.37684639999999","https://www.google.com/maps/place/Nirdhaar/@18.7536255,73.37684639999999,13.99z/data=!4m16!1m7!3m6!1s0x3be8012e75868739:0x86c5c699817b3a7a!2sNirdhaar!8m2!3d18.7536255!4d73.37684639999999!16s%2Fg%2F11ckvg1dmb!3m7!1s0x3be8012e75868739:0x86c5c699817b3a7a!8m2!3d18.7536255!4d73.37684639999999!9m1!1b1!16s%2Fg%2F11ckvg1dmb?entry=ttu",ChIJOYeGdS4B6DsRejp7gZnGxYY,0x3be8012e75868739:0x86c5c699817b3a7a,9.71138653409898E+018,/g/11c5x41xvz,-8735357539610576262
"restaurant, 410402, Pune, Maharashtra, IN","Sainath Khanawal,","Maharashtrian Restaurant, Non Vegetarian Restaurant",Marathi restaurant,Maharashtrian Restaurant,+91 99235 88186,"Alka Chowk, RB Kumthekar Rd, पंतांचा गोट, Pantancha Gate, Sadashiv Peth, Pune, Maharashtra 411030","पंतांचा गोट, Pantancha Gate, Sadashiv Peth",Pune,411030,18.5127505,73.8443466,4.3,6295,"https://search.google.com/local/reviews?placeid=ChIJ9QKCXXbAwjsRrZgOI0WiDUo&q=restaurant,+410402,+Pune,+Maharashtra,+IN&authuser=0&hl=en&gl=IN",317,149,466,1589,3774,"{""Monday"": ""12-4pm,7-11:30pm"", ""Tuesday"": ""12-4pm,7-10:30pm"", ""Wednesday"": ""12-4pm,7-11:30pm"", ""Thursday"": ""12-4pm,7-11:30pm"", ""Friday"": ""12-4pm,7-11:30pm"", ""Saturday"": ""12-4pm,7-11:30pm"", ""Sunday"": ""12-4pm,7-11:30pm""}",,OPERATIONAL,"{""Service options"": {""No-contact delivery"": true, ""Delivery"": true, ""Takeaway"": true, ""Dine-in"": true}, ""Accessibility"": {""Wheelchair-accessible car park"": false, ""Wheelchair-accessible entrance"": false, ""Wheelchair-accessible seating"": false}, ""Offerings"": {""Late-night food"": true, ""Small plates"": true, ""Cuisine"": true}, ""Dining options"": {""Lunch"": true, ""Dinner"": true}, ""Amenities"": {""Toilets"": false}, ""Atmosphere"": {""Casual"": true}, ""Crowd"": {""Groups"": true}, ""Planning"": {""Accepts reservations"": false}, ""Payments"": {""Credit cards"": true, ""Debit cards"": true, ""Mobile Wallets"": true}, ""Children"": {""Good for kids"": true}, ""Parking"": {""Free parking lot"": true, ""Free street parking"": true}}","Humble, compact destination popular for its mutton & chicken specialties, plus a take-out option.",1,112848611377203978207,,,,"https://www.google.com/maps/place/Sainath+Khanawal%2C/@18.5127505,73.8443466,14z/data=!4m8!1m2!2m1!1sSainath+Khanawal%2C!3m4!1s0x3bc2c0765d8202f5:0x4a0da245230e98ad!8m2!3d18.5127505!4d73.8443466","https://www.google.com/maps/place/Sainath+Khanawal%2C/@18.5127505,73.8443466,13.99z/data=!4m16!1m7!3m6!1s0x3bc2c0765d8202f5:0x4a0da245230e98ad!2sSainath+Khanawal%2C!8m2!3d18.5127505!4d73.8443466!16s%2Fg%2F11ckvg1dmb!3m7!1s0x3bc2c0765d8202f5:0x4a0da245230e98ad!8m2!3d18.5127505!4d73.8443466!9m1!1b1!16s%2Fg%2F11ckvg1dmb?entry=ttu",ChIJ9QKCXXbAwjsRrZgOI0WiDUo,0x3bc2c0765d8202f5:0x4a0da245230e98ad,5.33609955132851E+018,/g/11f64rm03m,5336099551328508077
"restaurant, 410402, Pune, Maharashtra, IN",Vedant Mutton Khanawal,"Restaurant, Biryani restaurant, Hotel, Indian restaurant, Maharashtrian Restaurant, Mughlai restaurant, Non Vegetarian Restaurant, Seafood restaurant, South Indian restaurant",restaurants,Restaurant,+91 98502 21098,"Dehu - Alandi Rd, Patilnagar, Chikhali, Pimpri-Chinchwad, Maharashtra 412114","Patilnagar, Chikhali",Pimpri-Chinchwad,412114,18.6881467,73.804462,4.2,3512,"https://search.google.com/local/reviews?placeid=ChIJZ5NcgKK3wjsR0nQFIzQ37F0&q=restaurant,+410402,+Pune,+Maharashtra,+IN&authuser=0&hl=en&gl=IN",227,107,318,851,2009,,,OPERATIONAL,"{""Service options"": {""No-contact delivery"": true, ""Delivery"": true, ""Drive-through"": true, ""Takeaway"": true, ""Dine-in"": true}, ""Accessibility"": {""Wheelchair-accessible seating"": false}, ""Offerings"": {""All you can eat"": true, ""Halal food"": true, ""Late-night food"": true, ""Small plates"": true, ""Cuisine"": true, ""Dishes"": true}, ""Dining options"": {""Lunch"": true, ""Dinner"": true}, ""Atmosphere"": {""Casual"": true, ""Cozy"": true}, ""Crowd"": {""Groups"": true}, ""Planning"": {""Accepts reservations"": false}, ""Payments"": {""Credit cards"": true, ""Mobile Wallets"": true}, ""Children"": {""Good for kids"": true}, ""Parking"": {""Free parking lot"": true, ""Free street parking"": true, ""Parking"": true}}",,1,103974441595323737331,,,,"https://www.google.com/maps/place/Vedant+Mutton+Khanawal/@18.6881467,73.804462,14z/data=!4m8!1m2!2m1!1sVedant+Mutton+Khanawal!3m4!1s0x3bc2b7a2805c9367:0x5dec3734230574d2!8m2!3d18.6881467!4d73.804462","https://www.google.com/maps/place/Vedant+Mutton+Khanawal/@18.6881467,73.804462,13.99z/data=!4m16!1m7!3m6!1s0x3bc2b7a2805c9367:0x5dec3734230574d2!2sVedant+Mutton+Khanawal!8m2!3d18.6881467!4d73.804462!16s%2Fg%2F11ckvg1dmb!3m7!1s0x3bc2b7a2805c9367:0x5dec3734230574d2!8m2!3d18.6881467!4d73.804462!9m1!1b1!16s%2Fg%2F11ckvg1dmb?entry=ttu",ChIJZ5NcgKK3wjsR0nQFIzQ37F0,0x3bc2b7a2805c9367:0x5dec3734230574d2,6.7678450370964E+018,/g/11hd4_w1s8,6767845037096400082
"restaurant, 410402, Pune, Maharashtra, IN",Bappu snacks center,Coffee shop,coffee shops,Coffee shop,,"M9XP+FGM, Lonavala Aamby Valley Rd, Kurvande, Maharashtra 410401",,Kurvande,410401,18.698755,73.3862108,3.5,2,"https://search.google.com/local/reviews?placeid=ChIJ2d4gAgAD6DsRCZAFbeQPHVs&q=restaurant,+410402,+Pune,+Maharashtra,+IN&authuser=0&hl=en&gl=IN",0,0,1,1,0,,,OPERATIONAL,"{""Service options"": {""Dine-in"": true}, ""Offerings"": {""Coffee"": true}, ""Atmosphere"": {""Casual"": true}, ""Crowd"": {""Groups"": true}, ""Children"": {""Good for kids"": true}, ""Parking"": {""Free street parking"": true}}",,0,,,,,"https://www.google.com/maps/place/Bappu+snacks+center/@18.698755,73.3862108,14z/data=!4m8!1m2!2m1!1sBappu+snacks+center!3m4!1s0x3be803000220ded9:0x5b1d0fe46d059009!8m2!3d18.698755!4d73.3862108","https://www.google.com/maps/place/Bappu+snacks+center/@18.698755,73.3862108,13.99z/data=!4m16!1m7!3m6!1s0x3be803000220ded9:0x5b1d0fe46d059009!2sBappu+snacks+center!8m2!3d18.698755!4d73.3862108!16s%2Fg%2F11ckvg1dmb!3m7!1s0x3be803000220ded9:0x5b1d0fe46d059009!8m2!3d18.698755!4d73.3862108!9m1!1b1!16s%2Fg%2F11ckvg1dmb?entry=ttu",ChIJ2d4gAgAD6DsRCZAFbeQPHVs,0x3be803000220ded9:0x5b1d0fe46d059009,6.56542130553209E+018,/g/11lcmqm57k,6565421305532092425
"restaurant, 410402, Pune, Maharashtra, IN",Buvanchi Misal,"Maharashtrian Restaurant, Breakfast restaurant, Family restaurant, Fast food restaurant, Food court, Restaurant, Vegetarian restaurant",Marathi restaurant,Maharashtrian Restaurant,+91 94223 50836,"behind Fariya's Resort, Arsiwalla Villa, Lonavala, Kune N.m., Maharashtra 410302",Arsiwalla Villa,"Lonavala, Kune N.m.",410302,18.7629032,73.3902758,4,11909,"https://search.google.com/local/reviews?placeid=ChIJOY3d6yAB6DsRpxQW-TvWDfY&q=restaurant,+410402,+Pune,+Maharashtra,+IN&authuser=0&hl=en&gl=IN",974,634,1613,3161,5527,"{""Monday"": ""8:30am-8pm"", ""Tuesday"": ""8:30am-8pm"", ""Wednesday"": ""8:30am-8pm"", ""Thursday"": ""8:30am-8pm"", ""Friday"": ""8:30am-8pm"", ""Saturday"": ""8:30am-8pm"", ""Sunday"": ""8:30am-8pm""}","[{""happy_hours"": {""Monday"": ""Closed"", ""Tuesday"": ""Closed"", ""Wednesday"": ""Closed"", ""Thursday"": ""Closed"", ""Friday"": ""Closed"", ""Saturday"": ""8:30 am-7:30 pm"", ""Sunday"": ""8:30 am-7:30 pm""}}]",OPERATIONAL,"{""From the business"": {""Identifies as women-owned"": true}, ""Service options"": {""Outdoor seating"": true, ""Kerbside pickup"": true, ""Delivery"": true, ""Takeaway"": true, ""Dine-in"": true}, ""Accessibility"": {""Wheelchair-accessible car park"": true, ""Wheelchair-accessible entrance"": true, ""Wheelchair-accessible seating"": true, ""Wheelchair-accessible toilet"": true}, ""Offerings"": {""Coffee"": true, ""Happy-hour food"": true, ""Small plates"": true, ""Vegan options"": true, ""Vegetarian options"": true, ""Vegetarian options only"": true, ""Cuisine"": true, ""Dishes"": true}, ""Dining options"": {""Breakfast"": true, ""Brunch"": true, ""Dessert"": true, ""Seating"": true}, ""Amenities"": {""Toilets"": true, ""Wi-Fi"": true}, ""Atmosphere"": {""Casual"": true}, ""Crowd"": {""Family friendly"": true, ""Groups"": true, ""LGBTQ+ friendly"": true}, ""Planning"": {""Accepts reservations"": false}, ""Payments"": {""Cash only"": true}, ""Children"": {""Good for kids"": true}, ""Parking"": {""Free parking lot"": true, ""Free street parking"": true, ""Parking"": true}, ""Other"": {""LGBTQ+ friendly"": true, ""Identifies as women-owned"": true}}",,1,113208675228490597754,,,,"https://www.google.com/maps/place/Buvanchi+Misal/@18.7629032,73.3902758,14z/data=!4m8!1m2!2m1!1sBuvanchi+Misal!3m4!1s0x3be80120ebdd8d39:0xf60dd63bf91614a7!8m2!3d18.7629032!4d73.3902758","https://www.google.com/maps/place/Buvanchi+Misal/@18.7629032,73.3902758,13.99z/data=!4m16!1m7!3m6!1s0x3be80120ebdd8d39:0xf60dd63bf91614a7!2sBuvanchi+Misal!8m2!3d18.7629032!4d73.3902758!16s%2Fg%2F11ckvg1dmb!3m7!1s0x3be80120ebdd8d39:0xf60dd63bf91614a7!8m2!3d18.7629032!4d73.3902758!9m1!1b1!16s%2Fg%2F11ckvg1dmb?entry=ttu",ChIJOY3d6yAB6DsRpxQW-TvWDfY,0x3be80120ebdd8d39:0xf60dd63bf91614a7,1.77300628610979E+019,/g/1hjgngfhs,-716681212611652441
"restaurant, 410402, Pune, Maharashtra, IN",OYO 19960 Home Luxurious Cottage Lonavla Lake,"Holiday home, Home Stay",Holiday home,Holiday home,+91 124 620 1126,"46/47 Rustic highland, Old Khandala Rd, St.Stanislaus Villa, Khandala, Lonavala, Maharashtra 410401","St.Stanislaus Villa, Khandala","Lonavala, Kune N.m.",410401,18.7505482,73.386389,5,2,"https://search.google.com/local/reviews?placeid=ChIJ9blRTCAB6DsRSpYHXqoifSQ&q=restaurant,+410402,+Pune,+Maharashtra,+IN&authuser=0&hl=en&gl=IN",0,0,0,0,2,,,OPERATIONAL,{},,1,110985713920239858170,,,,"https://www.google.com/maps/place/OYO+19960+Home+Luxurious+Cottage+Lonavla+Lake/@18.7505482,73.386389,14z/data=!4m8!1m2!2m1!1sOYO+19960+Home+Luxurious+Cottage+Lonavla+Lake!3m4!1s0x3be801204c51b9f5:0x247d22aa5e07964a!8m2!3d18.7505482!4d73.386389","https://www.google.com/maps/place/OYO+19960+Home+Luxurious+Cottage+Lonavla+Lake/@18.7505482,73.386389,13.99z/data=!4m16!1m7!3m6!1s0x3be801204c51b9f5:0x247d22aa5e07964a!2sOYO+19960+Home+Luxurious+Cottage+Lonavla+Lake!8m2!3d18.7505482!4d73.386389!16s%2Fg%2F11ckvg1dmb!3m7!1s0x3be801204c51b9f5:0x247d22aa5e07964a!8m2!3d18.7505482!4d73.386389!9m1!1b1!16s%2Fg%2F11ckvg1dmb?entry=ttu",ChIJ9blRTCAB6DsRSpYHXqoifSQ,0x3be801204c51b9f5:0x247d22aa5e07964a,2.62929587257158E+018,/g/11ff5jlyj1,2629295872571577930
"restaurant, 410402, Pune, Maharashtra, IN",Coriander Kitchen,"Buffet restaurant, Asian restaurant, Breakfast restaurant",restaurants,Buffet restaurant,,"Conrad, Conrad Pune, 7, Mangaldas Rd, Sangamvadi, Pune, Maharashtra 411001",Sangamvadi,Pune,411001,18.5351,73.883051,4.3,695,"https://search.google.com/local/reviews?placeid=ChIJ0XmeKvnAwjsRV03W4ZtQO7k&q=restaurant,+410402,+Pune,+Maharashtra,+IN&authuser=0&hl=en&gl=IN",34,23,59,172,407,"{""Monday"": ""6:30-10:30am,12:30-3:30pm,6:30-11pm"", ""Tuesday"": ""6:30-10:30am,12:30-3:30pm,6:30-11pm"", ""Wednesday"": ""6:30-10:30am,12:30-3:30pm,6:30-11pm"", ""Thursday"": ""6:30-10:30am,12:30-3:30pm,6:30-11pm"", ""Friday"": ""6:30-10:30am,12:30-3:30pm,6:30-11pm"", ""Saturday"": ""6:30-11am,12:30-4pm,6:30-11pm"", ""Sunday"": ""6:30-11am,12:30-4pm,6:30-11pm""}",,OPERATIONAL,"{""Service options"": {""Outdoor seating"": true, ""No-contact delivery"": true, ""Delivery"": true, ""On-site services"": true, ""Takeaway"": true, ""Dine-in"": true}, ""Highlights"": {""Live music"": true}, ""Accessibility"": {""Wheelchair-accessible car park"": true, ""Wheelchair-accessible entrance"": true, ""Wheelchair-accessible seating"": true, ""Wheelchair-accessible toilet"": true}, ""Offerings"": {""Alcohol"": true, ""All you can eat"": true, ""Beer"": true, ""Cocktails"": true, ""Coffee"": true, ""Halal food"": true, ""Late-night food"": true, ""Small plates"": true, ""Spirits"": true, ""Vegan options"": true, ""Vegetarian options"": true, ""Wine"": true, ""Cuisine"": true}, ""Dining options"": {""Breakfast"": true, ""Brunch"": true, ""Lunch"": true, ""Dinner"": true, ""Catering"": true, ""Dessert"": true, ""Seating"": true}, ""Amenities"": {""Bar on site"": true, ""Toilets"": true}, ""Atmosphere"": {""Casual"": true, ""Cozy"": true, ""Romantic"": true}, ""Crowd"": {""Groups"": true}, ""Planning"": {""Reservations required"": true, ""Accepts reservations"": true}, ""Payments"": {""Credit cards"": true, ""Mobile Wallets"": true}, ""Children"": {""Good for kids"": true, ""Good for kids birthday"": true, ""High chairs"": true, ""Kids' menu"": true}, ""Parking"": {""Free parking lot"": true, ""Free street parking"": true, ""Parking"": true, ""Valet parking"": true}}","Indian, Asian & Mediterranean fare offered in an elegant, glass-walled space in an upscale hotel.",0,,"https://www.eazydiner.com/pune/coriander-kitchen-conrad-pune-bund-garden-road-643295, https://www.zomato.com/pune/coriander-kitchen-conrad-pune-bund-garden/book?utm_source=rwg",https://www.eazydiner.com/pune/coriander-kitchen-conrad-pune-bund-garden-road-643295,"https://www.eazydiner.com/pune/coriander-kitchen-conrad-pune-bund-garden-road-643295, https://www.zomato.com/pune/coriander-kitchen-conrad-pune-bund-garden/book?utm_source=rwg","https://www.google.com/maps/place/Coriander+Kitchen/@18.5351,73.883051,14z/data=!4m8!1m2!2m1!1sCoriander+Kitchen!3m4!1s0x3bc2c0f92a9e79d1:0xb93b509be1d64d57!8m2!3d18.5351!4d73.883051","https://www.google.com/maps/place/Coriander+Kitchen/@18.5351,73.883051,13.99z/data=!4m16!1m7!3m6!1s0x3bc2c0f92a9e79d1:0xb93b509be1d64d57!2sCoriander+Kitchen!8m2!3d18.5351!4d73.883051!16s%2Fg%2F11ckvg1dmb!3m7!1s0x3bc2c0f92a9e79d1:0xb93b509be1d64d57!8m2!3d18.5351!4d73.883051!9m1!1b1!16s%2Fg%2F11ckvg1dmb?entry=ttu",ChIJ0XmeKvnAwjsRV03W4ZtQO7k,0x3bc2c0f92a9e79d1:0xb93b509be1d64d57,1.33473505510817E+019,/g/11c13_rr5b,-5099393522627883689
"restaurant, 410402, Pune, Maharashtra, IN",Snacks Corner In Route,"Indian restaurant, Snack bar",restaurants,Indian restaurant,,"QCV3+RW5, Udhewadi, Kune N.m., Maharashtra 410405",,"Udhewadi, Kune N.m.",410405,18.7945081,73.404856,3.7,86,"https://search.google.com/local/reviews?placeid=ChIJ71kVH5IA6DsR3KsfLE5-TXw&q=restaurant,+410402,+Pune,+Maharashtra,+IN&authuser=0&hl=en&gl=IN",5,8,22,24,27,,,OPERATIONAL,"{""Service options"": {""Takeaway"": true, ""Dine-in"": true}, ""Offerings"": {""Small plates"": true}, ""Dining options"": {""Lunch"": true}, ""Atmosphere"": {""Casual"": true}, ""Crowd"": {""Groups"": true}, ""Planning"": {""Accepts reservations"": false}, ""Children"": {""Good for kids"": true}, ""Parking"": {""Free street parking"": true}}",,0,,,,,"https://www.google.com/maps/place/Snacks+Corner+In+Route/@18.794508099999998,73.404856,14z/data=!4m8!1m2!2m1!1sSnacks+Corner+In+Route!3m4!1s0x3be800921f1559ef:0x7c4d7e4e2c1fabdc!8m2!3d18.794508099999998!4d73.404856","https://www.google.com/maps/place/Snacks+Corner+In+Route/@18.794508099999998,73.404856,13.99z/data=!4m16!1m7!3m6!1s0x3be800921f1559ef:0x7c4d7e4e2c1fabdc!2sSnacks+Corner+In+Route!8m2!3d18.794508099999998!4d73.404856!16s%2Fg%2F11ckvg1dmb!3m7!1s0x3be800921f1559ef:0x7c4d7e4e2c1fabdc!8m2!3d18.794508099999998!4d73.404856!9m1!1b1!16s%2Fg%2F11ckvg1dmb?entry=ttu",ChIJ71kVH5IA6DsR3KsfLE5-TXw,0x3be800921f1559ef:0x7c4d7e4e2c1fabdc,8.95695410812261E+018,/g/11b_1mv__x,8956954108122606556
